label,x0,y0,z0,x1,y1,z1,x2,y2,z2,x3,y3,z3,x4,y4,z4,x5,y5,z5,x6,y6,z6,x7,y7,z7,x8,y8,z8,x9,y9,z9,x10,y10,z10,x11,y11,z11,x12,y12,z12,x13,y13,z13,x14,y14,z14,x15,y15,z15,x16,y16,z16,x17,y17,z17,x18,y18,z18,x19,y19,z19,x20,y20,z20
HELLO,0.3794224262237549,0.9291679263114929,4.290776089987958e-08,0.4717300534248352,0.9915665984153748,-0.024827061221003532,0.5644406080245972,0.9756274223327637,-0.03226042911410332,0.643449068069458,0.9254562258720398,-0.04301787167787552,0.6968045830726624,0.8715202808380127,-0.05502358824014664,0.5894341468811035,0.842097282409668,-0.011310691945254803,0.6557791829109192,0.7749496698379517,-0.048042286187410355,0.6650144457817078,0.7898845076560974,-0.07723886519670486,0.6561279296875,0.8099534511566162,-0.09416574239730835,0.5648505687713623,0.7927408814430237,-0.017997775226831436,0.6125921607017517,0.7188782691955566,-0.061194851994514465,0.6115025877952576,0.7287203669548035,-0.0965973436832428,0.5942538976669312,0.7372737526893616,-0.11717552691698074,0.5296226739883423,0.757006049156189,-0.02993270568549633,0.5645906329154968,0.6607913970947266,-0.076835997402668,0.5583345890045166,0.6313395500183105,-0.10547207295894623,0.5399641394615173,0.6073251366615295,-0.11848463863134384,0.4867110252380371,0.7339853644371033,-0.043077435344457626,0.5089964866638184,0.6450241804122925,-0.07629317790269852,0.5152005553245544,0.595166027545929,-0.09273161739110947,0.5150228142738342,0.555980384349823,-0.10186279565095901
HELLO,0.40950143337249756,0.842941403388977,7.777728683322493e-07,0.5147066712379456,0.8330296277999878,-0.03811339661478996,0.6087357401847839,0.7620617747306824,-0.05551207810640335,0.6689264178276062,0.6877701282501221,-0.07132168114185333,0.7306535840034485,0.6350132822990417,-0.08758679777383804,0.5948971509933472,0.5695860981941223,-0.023000868037343025,0.6482254266738892,0.4628440737724304,-0.0557088740170002,0.6878669261932373,0.40569278597831726,-0.08427951484918594,0.7272842526435852,0.36117833852767944,-0.10348580777645111,0.5478898286819458,0.5357984900474548,-0.025909792631864548,0.5967777371406555,0.41680070757865906,-0.052897851914167404,0.6389546990394592,0.353596031665802,-0.07747849076986313,0.6827848553657532,0.306884229183197,-0.09451474994421005,0.49611902236938477,0.5300440788269043,-0.03536101430654526,0.5309485793113708,0.4113181233406067,-0.06254973262548447,0.5673444867134094,0.34781181812286377,-0.07921283692121506,0.6086916327476501,0.30273038148880005,-0.08946046978235245,0.4367637634277344,0.546349048614502,-0.04909384995698929,0.4569898843765259,0.44038262963294983,-0.07376819849014282,0.48406362533569336,0.37924057245254517,-0.08377239108085632,0.5184388756752014,0.3326008915901184,-0.08873001486063004
HELLO,0.422044575214386,0.7172681093215942,5.974472401248931e-07,0.5296361446380615,0.7087826132774353,-0.0384666733443737,0.6344978213310242,0.6341429948806763,-0.05121868476271629,0.7049715518951416,0.5514150261878967,-0.062005866318941116,0.7661575078964233,0.49642571806907654,-0.07178045064210892,0.6181904673576355,0.43657436966896057,-0.017636969685554504,0.6715871095657349,0.32228487730026245,-0.039499182254076004,0.7016003727912903,0.2510793209075928,-0.06014840677380562,0.7282615900039673,0.1886870563030243,-0.07649657875299454,0.5670192241668701,0.3904878497123718,-0.019938623532652855,0.6135053634643555,0.24974219501018524,-0.03985641524195671,0.6484723091125488,0.16076388955116272,-0.061116792261600494,0.6788626909255981,0.08819723129272461,-0.07741585373878479,0.5104907751083374,0.3752557635307312,-0.028712501749396324,0.545569658279419,0.23376964032649994,-0.05242833122611046,0.5733891725540161,0.14667806029319763,-0.07327866554260254,0.6016836762428284,0.07531657814979553,-0.08785365521907806,0.44730114936828613,0.3853283226490021,-0.04166170954704285,0.44952377676963806,0.2650144696235657,-0.06778079271316528,0.4553823471069336,0.1860962212085724,-0.08301309496164322,0.46700358390808105,0.11313512921333313,-0.09262257069349289
HELLO,0.4414539635181427,0.637497067451477,5.447527087198978e-07,0.5478671193122864,0.641890287399292,-0.0403677299618721,0.6509208083152771,0.5600417852401733,-0.04848257824778557,0.7222250699996948,0.47739535570144653,-0.054060421884059906,0.7835288047790527,0.4432050883769989,-0.05749526619911194,0.6242537498474121,0.35947340726852417,-0.004165190737694502,0.6725078821182251,0.2573372721672058,-0.014397133141756058,0.6973741054534912,0.19092237949371338,-0.02682240679860115,0.7161017060279846,0.13626855611801147,-0.03824928402900696,0.572539746761322,0.31581827998161316,-0.0006737026269547641,0.6141732931137085,0.18780039250850677,-0.009119306690990925,0.640821099281311,0.10847613215446472,-0.02143603377044201,0.663284182548523,0.041657209396362305,-0.031891800463199615,0.5187525153160095,0.3004930317401886,-0.004874263424426317,0.5417693257331848,0.17434653639793396,-0.021070873364806175,0.5628699660301208,0.0979069173336029,-0.0384722463786602,0.5825499296188354,0.03396674990653992,-0.051109060645103455,0.4591367244720459,0.306759774684906,-0.013902788050472736,0.45179662108421326,0.1992570012807846,-0.03474848344922066,0.4490848481655121,0.12664365768432617,-0.04942368343472481,0.45227646827697754,0.057570576667785645,-0.05952225625514984
HELLO,0.44599390029907227,0.6129698157310486,5.547777846004465e-07,0.554151177406311,0.6171526908874512,-0.039782244712114334,0.6523721814155579,0.5442411303520203,-0.04827108979225159,0.723304271697998,0.46926623582839966,-0.05455411970615387,0.7840125560760498,0.43551263213157654,-0.0586722195148468,0.6282685995101929,0.3443393409252167,-4.645720400731079e-05,0.6723247766494751,0.2451179474592209,-0.006367753259837627,0.6963677406311035,0.1800544559955597,-0.01502555888146162,0.7125852704048157,0.1277175396680832,-0.023439718410372734,0.57601398229599,0.3026648759841919,0.0038875476457178593,0.6149412989616394,0.17729468643665314,0.0004946424160152674,0.6385405659675598,0.10256600379943848,-0.006658946163952351,0.6578584909439087,0.038177162408828735,-0.013061895035207272,0.5225557684898376,0.28896844387054443,-0.00030367643921636045,0.5412838459014893,0.16812385618686676,-0.013565575703978539,0.5585261583328247,0.09640318155288696,-0.02840430662035942,0.5746672749519348,0.035016775131225586,-0.03890553489327431,0.4630587697029114,0.2952037453651428,-0.00938074104487896,0.4529418647289276,0.18989406526088715,-0.028484776616096497,0.4469093084335327,0.11993150413036346,-0.041854482144117355,0.4468764066696167,0.05305135250091553,-0.05073946341872215
HELLO,0.4399701952934265,0.6194076538085938,5.832313831888314e-07,0.5474559664726257,0.6229685544967651,-0.03966781497001648,0.645530641078949,0.5452005863189697,-0.0479675717651844,0.7187998294830322,0.47018903493881226,-0.05435318127274513,0.7801737189292908,0.4381009340286255,-0.05862414091825485,0.6225186586380005,0.3463994264602661,0.001513098948635161,0.6671836376190186,0.2460869997739792,-0.004227415658533573,0.6915930509567261,0.18024471402168274,-0.012555746361613274,0.7081044912338257,0.12796734273433685,-0.020896432921290398,0.5699033737182617,0.30493471026420593,0.005019374191761017,0.608738124370575,0.17900584638118744,0.002444072160869837,0.6320580840110779,0.10369345545768738,-0.004206193145364523,0.6510892510414124,0.03919774293899536,-0.010248864069581032,0.5160400867462158,0.2922245264053345,0.00018603565695229918,0.5346344113349915,0.17047220468521118,-0.012374148704111576,0.5517744421958923,0.0975850522518158,-0.026936348527669907,0.567425012588501,0.035508692264556885,-0.03741820156574249,0.4563814103603363,0.29993605613708496,-0.009663660079240799,0.44611477851867676,0.19485270977020264,-0.028352372348308563,0.4396819472312927,0.12451808154582977,-0.04163147881627083,0.43934375047683716,0.05735588073730469,-0.05058028921484947
HELLO,0.4317168593406677,0.6237478256225586,5.637859317175753e-07,0.5393206477165222,0.6284586787223816,-0.040087439119815826,0.6406673192977905,0.548369288444519,-0.04771542549133301,0.7137290239334106,0.4716856777667999,-0.05301862582564354,0.7740126848220825,0.44227704405784607,-0.05622508004307747,0.6160678863525391,0.34984418749809265,-0.0014404967660084367,0.6620732545852661,0.24803563952445984,-0.008060088381171227,0.6865662932395935,0.18171490728855133,-0.016725707799196243,0.7033643126487732,0.12910985946655273,-0.02535557933151722,0.5632308721542358,0.3079461455345154,0.0022715404629707336,0.6025410890579224,0.18028539419174194,-0.0018414410296827555,0.6262633800506592,0.10392105579376221,-0.009344150312244892,0.6451327800750732,0.039301782846450806,-0.015865599736571312,0.5092693567276001,0.29476186633110046,-0.0021338469814509153,0.5288327932357788,0.1709473729133606,-0.016216807067394257,0.5461418032646179,0.09687039256095886,-0.031609274446964264,0.5614461302757263,0.034343600273132324,-0.04243794456124306,0.4491708278656006,0.3023816645145416,-0.011411694809794426,0.43868008255958557,0.19615155458450317,-0.031215505674481392,0.43205761909484863,0.12555883824825287,-0.04512699320912361,0.4314929246902466,0.057957231998443604,-0.05441124364733696
HELLO,0.4238446354866028,0.6191642880439758,5.698682912225195e-07,0.5301914811134338,0.6216404438018799,-0.04088248685002327,0.6298645734786987,0.5439319610595703,-0.04958599433302879,0.7018498778343201,0.466172993183136,-0.05573238804936409,0.7620568871498108,0.43336743116378784,-0.05985970050096512,0.6056551933288574,0.3475257158279419,-0.004413031507283449,0.6514655947685242,0.24448411166667938,-0.01299807894974947,0.6757038831710815,0.17868569493293762,-0.02344653755426407,0.6930289268493652,0.12531061470508575,-0.03335615247488022,0.5523492693901062,0.30579233169555664,-0.0004592621116898954,0.591693639755249,0.17773951590061188,-0.006756569724529982,0.6153733730316162,0.10067301988601685,-0.016800520941615105,0.634390652179718,0.03592553734779358,-0.025416085496544838,0.4978354871273041,0.29320210218429565,-0.004353543743491173,0.5169172286987305,0.1697675883769989,-0.01958220824599266,0.5340465903282166,0.09428274631500244,-0.036206893622875214,0.5496399402618408,0.03117850422859192,-0.04812309518456459,0.43743032217025757,0.30194154381752014,-0.013039607554674149,0.4267835319042206,0.19645223021507263,-0.03341618552803993,0.42027485370635986,0.12580005824565887,-0.04755634814500809,0.41955500841140747,0.058452606201171875,-0.05708225071430206
HELLO,0.41846901178359985,0.6173263192176819,5.644530460813257e-07,0.5246109366416931,0.6170973777770996,-0.03978962451219559,0.624347448348999,0.5385645627975464,-0.048283472657203674,0.6964061856269836,0.4620102047920227,-0.054415758699178696,0.7576160430908203,0.4277316927909851,-0.05859958752989769,0.600125789642334,0.3446536362171173,-0.0039957137778401375,0.645386815071106,0.2417597621679306,-0.012753968127071857,0.6695488691329956,0.17638659477233887,-0.02379855513572693,0.687303364276886,0.12266933917999268,-0.03413836285471916,0.547036349773407,0.3035620152950287,-0.0008064770372584462,0.5850977897644043,0.17653541266918182,-0.006868579424917698,0.6080396771430969,0.09946179389953613,-0.017810415476560593,0.6266009211540222,0.03352701663970947,-0.027398278936743736,0.4923388957977295,0.2912231683731079,-0.005296464543789625,0.5095958709716797,0.16981437802314758,-0.020098799839615822,0.5260350704193115,0.09545043110847473,-0.037080228328704834,0.5413210391998291,0.03208070993423462,-0.049552857875823975,0.4317031502723694,0.2996123433113098,-0.01450392510741949,0.4209265410900116,0.19545680284500122,-0.03430558368563652,0.4142324924468994,0.12555480003356934,-0.048078734427690506,0.4132823050022125,0.05842947959899902,-0.05757230520248413
HELLO,0.4163728952407837,0.6118742227554321,5.561169587053882e-07,0.5224897861480713,0.6128159761428833,-0.03873336687684059,0.6211706399917603,0.5352787375450134,-0.04642409458756447,0.6922698616981506,0.45883721113204956,-0.05180472508072853,0.7521475553512573,0.4262760281562805,-0.0553598552942276,0.596760094165802,0.34310296177864075,-0.003284628037363291,0.6419398784637451,0.2411414384841919,-0.010918818414211273,0.6658989787101746,0.17641732096672058,-0.020920423790812492,0.6831760406494141,0.12363196909427643,-0.0305226631462574,0.5439879894256592,0.3028761148452759,-0.00017027670401148498,0.5822661519050598,0.17570452392101288,-0.00513383187353611,0.605217456817627,0.09960272908210754,-0.015012281946837902,0.6236026883125305,0.034923255443573,-0.023855285719037056,0.4899652302265167,0.2911261022090912,-0.0046000913716852665,0.5068564414978027,0.17055770754814148,-0.018543099984526634,0.5233272314071655,0.0968521237373352,-0.035009678453207016,0.5385929942131042,0.03399673104286194,-0.047142136842012405,0.4296078383922577,0.29939010739326477,-0.013641244731843472,0.4190254211425781,0.19533659517765045,-0.032908838242292404,0.41236016154289246,0.12573625147342682,-0.046484582126140594,0.41148650646209717,0.05887100100517273,-0.05588442459702492
HELLO,0.40977901220321655,0.6103960275650024,5.485947554006998e-07,0.5156720876693726,0.6095569133758545,-0.03817976638674736,0.6139605641365051,0.5297942757606506,-0.04481161758303642,0.683616042137146,0.4512830376625061,-0.04911596328020096,0.7428989410400391,0.41625112295150757,-0.05138274282217026,0.589932918548584,0.33875033259391785,-0.0002398781361989677,0.6351399421691895,0.236354798078537,-0.006806881166994572,0.6590490341186523,0.17180871963500977,-0.016663968563079834,0.6768218874931335,0.1189999133348465,-0.026393059641122818,0.5369933843612671,0.29858332872390747,0.003208874026313424,0.5741094946861267,0.17256514728069305,-0.0008674786658957601,0.5969574451446533,0.09783408045768738,-0.010962666012346745,0.6158341765403748,0.03461584448814392,-0.02006473019719124,0.4831242859363556,0.28665298223495483,-0.0009441046277061105,0.5000577569007874,0.16705749928951263,-0.014071374200284481,0.5175078511238098,0.09401056170463562,-0.030639177188277245,0.5339747071266174,0.03140559792518616,-0.043019071221351624,0.42340314388275146,0.2950127124786377,-0.00969866942614317,0.41283732652664185,0.19203542172908783,-0.02848394215106964,0.40657830238342285,0.12346434593200684,-0.04209815338253975,0.40634509921073914,0.05706396698951721,-0.05156085640192032
HELLO,0.3969578444957733,0.6022538542747498,4.7195857177939615e-07,0.49740052223205566,0.5924144983291626,-0.036911800503730774,0.5918532013893127,0.4986656904220581,-0.0416133888065815,0.6597408652305603,0.41599732637405396,-0.04435727745294571,0.7145218253135681,0.38477450609207153,-0.04648490250110626,0.5610660314559937,0.3221437931060791,-0.007755469996482134,0.604642927646637,0.2161494344472885,-0.01859145611524582,0.6272566914558411,0.15197712182998657,-0.03207797557115555,0.6455239653587341,0.09692239761352539,-0.04469398781657219,0.5081472396850586,0.28339719772338867,-0.006100788246840239,0.5368349552154541,0.15179109573364258,-0.014826164580881596,0.557060956954956,0.07425263524055481,-0.029314465820789337,0.5741057991981506,0.008517652750015259,-0.04195088893175125,0.45405393838882446,0.2747032940387726,-0.011013533920049667,0.47087985277175903,0.1512063592672348,-0.026174677535891533,0.4850970208644867,0.07406589388847351,-0.044248756021261215,0.49980247020721436,0.00501483678817749,-0.05843830108642578,0.3946067690849304,0.28960034251213074,-0.02032109908759594,0.38096147775650024,0.18876147270202637,-0.04001125693321228,0.37404197454452515,0.12253473699092865,-0.05362221226096153,0.3729851245880127,0.05741393566131592,-0.06343358010053635
HELLO,0.36244142055511475,0.5879298448562622,5.033555794398126e-07,0.46405723690986633,0.5692371726036072,-0.03709577023983002,0.5528379678726196,0.4767092168331146,-0.043762169778347015,0.6171790957450867,0.39008623361587524,-0.048812154680490494,0.6716502904891968,0.34925732016563416,-0.052748143672943115,0.515238881111145,0.29998597502708435,-0.005050522740930319,0.5537741184234619,0.19192533195018768,-0.01623271033167839,0.5736380815505981,0.12411133944988251,-0.02978513017296791,0.5891427993774414,0.06805026531219482,-0.04201056808233261,0.4591527283191681,0.26692092418670654,-0.0033015559893101454,0.4813728928565979,0.1336755007505417,-0.012083398178219795,0.4968798756599426,0.05518200993537903,-0.025837944820523262,0.511033833026886,-0.010662436485290527,-0.037418920546770096,0.4043795168399811,0.26292261481285095,-0.008431928232312202,0.41476282477378845,0.13869112730026245,-0.023779528215527534,0.42569392919540405,0.061598747968673706,-0.04032265394926071,0.43764132261276245,-0.005112558603286743,-0.052884291857481,0.34627869725227356,0.2825993597507477,-0.018136989325284958,0.3286275267601013,0.18449348211288452,-0.03791522607207298,0.31903403997421265,0.11886811256408691,-0.05080075189471245,0.3155018091201782,0.054286688566207886,-0.05957691743969917
HELLO,0.3469075560569763,0.5916922092437744,5.977378236821096e-07,0.44769495725631714,0.5707485675811768,-0.041121501475572586,0.5327263474464417,0.47573143243789673,-0.04968763142824173,0.5973918437957764,0.38617098331451416,-0.05574429780244827,0.6540261507034302,0.3413394093513489,-0.060476336628198624,0.4935300350189209,0.2994997501373291,-0.006523061078041792,0.5319310426712036,0.19016380608081818,-0.017889590933918953,0.5516338348388672,0.1196870505809784,-0.031578075140714645,0.5667115449905396,0.0613953173160553,-0.0437193438410759,0.4372000992298126,0.2670474052429199,-0.003099932102486491,0.46114829182624817,0.13180270791053772,-0.010801034048199654,0.47815343737602234,0.050179362297058105,-0.023613257333636284,0.49301043152809143,-0.018764972686767578,-0.03462385758757591,0.38204726576805115,0.2648048996925354,-0.007305363658815622,0.39040514826774597,0.14026378095149994,-0.02274535410106182,0.4014766216278076,0.060375869274139404,-0.04008805379271507,0.41272634267807007,-0.008835136890411377,-0.053077857941389084,0.32373225688934326,0.2856141924858093,-0.016440415754914284,0.305062472820282,0.18769443035125732,-0.037114422768354416,0.2945476770401001,0.12032820284366608,-0.05109900236129761,0.29015862941741943,0.053382277488708496,-0.06069810688495636
HELLO,0.3425031304359436,0.6045469641685486,5.509733114195114e-07,0.44329267740249634,0.5792554616928101,-0.03639088571071625,0.530156135559082,0.48183998465538025,-0.04327809810638428,0.5945942997932434,0.39505112171173096,-0.04853496700525284,0.6495676636695862,0.34901371598243713,-0.05311005935072899,0.4897693693637848,0.30627208948135376,-0.005823786370456219,0.527941107749939,0.19485308229923248,-0.018680647015571594,0.5471494793891907,0.12300263345241547,-0.03381987661123276,0.5624143481254578,0.06237712502479553,-0.04717875272035599,0.43298810720443726,0.27485546469688416,-0.005132179707288742,0.4558539390563965,0.13913512229919434,-0.014569240622222424,0.47208619117736816,0.05559155344963074,-0.029417678713798523,0.4859829246997833,-0.014192044734954834,-0.042080722749233246,0.3771088123321533,0.27385222911834717,-0.011438400484621525,0.3853759169578552,0.14441023766994476,-0.027740631252527237,0.3943917751312256,0.058888137340545654,-0.04655926674604416,0.4037500321865082,-0.01524496078491211,-0.06097829341888428,0.31846943497657776,0.2966543734073639,-0.02212551236152649,0.29914653301239014,0.1976923644542694,-0.043740980327129364,0.2880544066429138,0.1285276859998703,-0.05852581560611725,0.2835667133331299,0.06016138195991516,-0.06878888607025146
HELLO,0.3456052243709564,0.6149051189422607,5.382771632866934e-07,0.44610002636909485,0.5907430648803711,-0.037005964666604996,0.5323072671890259,0.4947550296783447,-0.045322660356760025,0.596792459487915,0.40760743618011475,-0.05212781950831413,0.651036262512207,0.36038604378700256,-0.05823652073740959,0.4934312701225281,0.3184380829334259,-0.008352342993021011,0.5316399931907654,0.20663610100746155,-0.022786615416407585,0.5511919260025024,0.1344917267560959,-0.03850177675485611,0.5663984417915344,0.07362726330757141,-0.052098482847213745,0.4362807273864746,0.28721657395362854,-0.007928360253572464,0.45866820216178894,0.15184415876865387,-0.019178403541445732,0.47427695989608765,0.06886762380599976,-0.034362297505140305,0.48749035596847534,-0.0003351271152496338,-0.047111526131629944,0.3801165521144867,0.2859148383140564,-0.014497220516204834,0.3882855772972107,0.15697602927684784,-0.032019685953855515,0.3978307247161865,0.072111576795578,-0.05034881830215454,0.40767091512680054,-0.0006373226642608643,-0.06430599093437195,0.32120752334594727,0.30802085995674133,-0.025518663227558136,0.3019813895225525,0.20853540301322937,-0.04769783094525337,0.291087806224823,0.13839878141880035,-0.062262579798698425,0.2867087721824646,0.0695943534374237,-0.07233133167028427
HELLO,0.3629032075405121,0.6950430870056152,5.295196956467407e-07,0.46176865696907043,0.6688147783279419,-0.0364341214299202,0.5506036877632141,0.5710632801055908,-0.047721780836582184,0.6177871227264404,0.48127317428588867,-0.05762379243969917,0.6733549237251282,0.43606746196746826,-0.06653651595115662,0.5169488191604614,0.3776063621044159,-0.012735548429191113,0.5567168593406677,0.2598270773887634,-0.02992105670273304,0.5761415958404541,0.18491309881210327,-0.04740111157298088,0.5894849896430969,0.12230658531188965,-0.061770956963300705,0.4593449532985687,0.34333497285842896,-0.014683983288705349,0.4852926731109619,0.20115366578102112,-0.028713058680295944,0.5023146867752075,0.11419311165809631,-0.04508446529507637,0.5143513083457947,0.04018467664718628,-0.0578860379755497,0.4005134105682373,0.3408036231994629,-0.0229417122900486,0.4106438159942627,0.2021302878856659,-0.04113893210887909,0.42151573300361633,0.11681455373764038,-0.05847404524683952,0.43223291635513306,0.044548988342285156,-0.07114733010530472,0.33905935287475586,0.3652287721633911,-0.035535167902708054,0.31872135400772095,0.25604116916656494,-0.0567171610891819,0.3094111680984497,0.18262596428394318,-0.06864991039037704,0.3065931797027588,0.11435768008232117,-0.07626475393772125
HELLO,0.38346239924430847,0.8116166591644287,5.203846171752957e-07,0.48910340666770935,0.7917718887329102,-0.04404948279261589,0.587773859500885,0.711098313331604,-0.06292963773012161,0.6571071743965149,0.6292648911476135,-0.07969870418310165,0.7138975262641907,0.5801841616630554,-0.09591241925954819,0.5555739402770996,0.5008572340011597,-0.028600716963410378,0.6027669310569763,0.38320192694664,-0.057288508862257004,0.6284134387969971,0.3065946698188782,-0.08350766450166702,0.6489874124526978,0.23809915781021118,-0.10358987003564835,0.49800989031791687,0.4575453996658325,-0.03194791451096535,0.5315889120101929,0.3049736022949219,-0.0566054992377758,0.5534836053848267,0.2118629515171051,-0.08077709376811981,0.5705141425132751,0.13150274753570557,-0.0991421565413475,0.4375838041305542,0.45050981640815735,-0.041842393577098846,0.45704758167266846,0.30220189690589905,-0.06932152807712555,0.47168460488319397,0.20975875854492188,-0.09180864691734314,0.4854247272014618,0.13102102279663086,-0.10743896663188934,0.373470276594162,0.4731627106666565,-0.05634598806500435,0.35856494307518005,0.351183146238327,-0.08475083857774734,0.35195812582969666,0.26981061697006226,-0.09971407055854797,0.35025888681411743,0.19345250725746155,-0.10906166583299637
HELLO,0.363036572933197,0.8538457751274109,5.916066925237828e-07,0.47068721055984497,0.8407528400421143,-0.04372819513082504,0.5741929411888123,0.7527585029602051,-0.058294933289289474,0.6515982151031494,0.6661005020141602,-0.07065261900424957,0.7168869972229004,0.6252914071083069,-0.08226946741342545,0.5502883195877075,0.5407932996749878,-0.022463727742433548,0.599661648273468,0.41647636890411377,-0.04535219445824623,0.6259374618530273,0.3374943137168884,-0.06669214367866516,0.6479662656784058,0.26901862025260925,-0.08428513258695602,0.4920622408390045,0.49892985820770264,-0.023961849510669708,0.5317243933677673,0.3492845594882965,-0.044410835951566696,0.5571122169494629,0.25529277324676514,-0.06561816483736038,0.5779751539230347,0.17528560757637024,-0.08226533234119415,0.4313359260559082,0.49280649423599243,-0.03254701942205429,0.4519859254360199,0.34991011023521423,-0.05808765068650246,0.4713287353515625,0.2564654052257538,-0.08104958385229111,0.49017420411109924,0.17445549368858337,-0.09750215709209442,0.36523309350013733,0.5151199698448181,-0.04591546580195427,0.3544386923313141,0.40060991048812866,-0.07464656978845596,0.3484785556793213,0.320298969745636,-0.09202445298433304,0.34762436151504517,0.2408665120601654,-0.10353867709636688
HELLO,0.3201347589492798,0.816256046295166,5.180936568649486e-07,0.42425301671028137,0.7886995077133179,-0.03639385849237442,0.5184556245803833,0.6883832216262817,-0.047079965472221375,0.5884767770767212,0.597395122051239,-0.05696503818035126,0.6437121629714966,0.542377769947052,-0.06664200872182846,0.4899898171424866,0.49895018339157104,-0.019626015797257423,0.5344765186309814,0.36885344982147217,-0.04174528643488884,0.5567497611045837,0.2909999191761017,-0.0620628222823143,0.5750293731689453,0.22392529249191284,-0.07825105637311935,0.43040069937705994,0.46205151081085205,-0.023505767807364464,0.4588155150413513,0.3085279166698456,-0.04274723306298256,0.47754546999931335,0.2156071662902832,-0.06314030289649963,0.4920192062854767,0.13860076665878296,-0.07912905514240265,0.3693721294403076,0.45851171016693115,-0.03350004553794861,0.3833630383014679,0.31337499618530273,-0.05606938526034355,0.39503997564315796,0.22146108746528625,-0.07612022757530212,0.4070121943950653,0.1423182487487793,-0.0910894125699997,0.30381858348846436,0.48289597034454346,-0.04766596481204033,0.287858784198761,0.3719761371612549,-0.07319926470518112,0.27825653553009033,0.29650187492370605,-0.08753518760204315,0.2732292413711548,0.22494521737098694,-0.0967886745929718
HELLO,0.27969953417778015,0.808434247970581,5.49219066670048e-07,0.3858523964881897,0.7735607624053955,-0.038846734911203384,0.4803870916366577,0.6685795187950134,-0.050205692648887634,0.5460749864578247,0.5696250200271606,-0.05956041067838669,0.606248676776886,0.5115723013877869,-0.0680289939045906,0.43791210651397705,0.4767012596130371,-0.016283243894577026,0.47744613885879517,0.3479873836040497,-0.035829074680805206,0.4951247572898865,0.26764899492263794,-0.0547308474779129,0.5086194276809692,0.19911226630210876,-0.0704084113240242,0.37723100185394287,0.4449833631515503,-0.017765561118721962,0.40489038825035095,0.2936510443687439,-0.034806378185749054,0.4216485321521759,0.19981050491333008,-0.05485623702406883,0.4338831603527069,0.1220693588256836,-0.07089327275753021,0.31626325845718384,0.4467630684375763,-0.02574526146054268,0.3280138373374939,0.30176690220832825,-0.048134975135326385,0.33944937586784363,0.2110784649848938,-0.0700220838189125,0.34990090131759644,0.13494226336479187,-0.08618492633104324,0.252055287361145,0.47534632682800293,-0.037783145904541016,0.234740749001503,0.36659812927246094,-0.06395374983549118,0.22373253107070923,0.2922763228416443,-0.08008215576410294,0.2168787270784378,0.22111347317695618,-0.09074293822050095
HELLO,0.2741161286830902,0.8029537200927734,5.337554966899916e-07,0.3773132264614105,0.7704652547836304,-0.04137159883975983,0.4687080979347229,0.664626955986023,-0.053400613367557526,0.5327131748199463,0.5648954510688782,-0.06274917721748352,0.5896623134613037,0.5054259300231934,-0.0712176188826561,0.4268975555896759,0.47188353538513184,-0.02156933955848217,0.4630711078643799,0.3424506187438965,-0.04216906428337097,0.47840046882629395,0.25979483127593994,-0.06141452491283417,0.4892464280128479,0.18824729323387146,-0.07765021920204163,0.3651616871356964,0.44112229347229004,-0.022113922983407974,0.3878965377807617,0.2897000312805176,-0.040837712585926056,0.40084126591682434,0.1935194730758667,-0.06152381747961044,0.408988356590271,0.11329320073127747,-0.07801683247089386,0.30418431758880615,0.44507765769958496,-0.02908288687467575,0.311430960893631,0.30071526765823364,-0.052975818514823914,0.32014158368110657,0.20783430337905884,-0.07589516043663025,0.32767343521118164,0.12871608138084412,-0.09270503371953964,0.24118047952651978,0.4762171804904938,-0.04029165580868721,0.22039923071861267,0.3684003949165344,-0.0682377815246582,0.20738273859024048,0.2937237620353699,-0.08599584549665451,0.19900529086589813,0.2215891182422638,-0.09774709492921829
HELLO,0.3066428005695343,0.8127936720848083,5.676964747181046e-07,0.40912318229675293,0.7837718725204468,-0.04033598676323891,0.5027450919151306,0.6862387657165527,-0.05357116088271141,0.5693172216415405,0.591481626033783,-0.06447988748550415,0.6247400045394897,0.5319880247116089,-0.07467396557331085,0.4646613895893097,0.48975881934165955,-0.0192580446600914,0.5056440830230713,0.3665230870246887,-0.04064615070819855,0.5238635540008545,0.2874687910079956,-0.061454564332962036,0.5360099077224731,0.21896770596504211,-0.07817739248275757,0.4044116735458374,0.45556801557540894,-0.020500972867012024,0.4337829053401947,0.30693358182907104,-0.03917669877409935,0.4501389265060425,0.21158039569854736,-0.06077742576599121,0.46039488911628723,0.12999629974365234,-0.07757300138473511,0.3422525227069855,0.45473915338516235,-0.028011279180645943,0.3559369444847107,0.308977872133255,-0.050791528075933456,0.36558401584625244,0.2187643051147461,-0.07237795740365982,0.3740163743495941,0.14214161038398743,-0.08788512647151947,0.2766854465007782,0.4810670018196106,-0.039664339274168015,0.26076868176460266,0.3709299564361572,-0.06605225056409836,0.25005361437797546,0.29605090618133545,-0.08129143714904785,0.24366821348667145,0.2248675525188446,-0.09074239432811737
HELLO,0.3518891930580139,0.835121750831604,5.396173037297558e-07,0.4533277451992035,0.8154230117797852,-0.04326134920120239,0.5512910485267639,0.7302905917167664,-0.05906642600893974,0.6249195337295532,0.6469948291778564,-0.07212890684604645,0.6839938163757324,0.5913242101669312,-0.08394278585910797,0.5268625020980835,0.5272551774978638,-0.02262137085199356,0.5720857381820679,0.40775996446609497,-0.046752359718084335,0.5936862230300903,0.328695684671402,-0.06976146996021271,0.6101585030555725,0.25879812240600586,-0.08773580193519592,0.46948379278182983,0.4848155975341797,-0.023359255865216255,0.5031351447105408,0.33884450793266296,-0.04368386045098305,0.524229109287262,0.24644577503204346,-0.0655185729265213,0.5401031970977783,0.16511386632919312,-0.0823628306388855,0.4093942642211914,0.476306676864624,-0.030750129371881485,0.42743751406669617,0.3350655436515808,-0.053962867707014084,0.4416109025478363,0.24588191509246826,-0.07392881065607071,0.45511719584465027,0.16730493307113647,-0.08825422823429108,0.34578582644462585,0.49546897411346436,-0.04289117828011513,0.3344842791557312,0.38302093744277954,-0.06821202486753464,0.3283765912055969,0.30596715211868286,-0.08161838352680206,0.3267888128757477,0.23173153400421143,-0.08986712247133255
HELLO,0.3699686825275421,0.8349839448928833,2.7090689513897814e-07,0.47566312551498413,0.8080865144729614,-0.03274901956319809,0.5689471364021301,0.7097315788269043,-0.039222750812768936,0.6314918398857117,0.614774227142334,-0.047603391110897064,0.66900235414505,0.5381969213485718,-0.05330691114068031,0.5405842065811157,0.540315568447113,0.013484697788953781,0.5766534209251404,0.4359588027000427,-0.02126917615532875,0.5935537219047546,0.40664225816726685,-0.052100684493780136,0.5952186584472656,0.42584383487701416,-0.06524965167045593,0.4909658432006836,0.4997473955154419,0.013836609199643135,0.5249114036560059,0.36978504061698914,-0.009179151616990566,0.5485625863075256,0.3321705460548401,-0.028256731107831,0.5591338872909546,0.34715402126312256,-0.035683613270521164,0.43899428844451904,0.4886392056941986,0.0041357651352882385,0.4605104327201843,0.3661224842071533,-0.021672159433364868,0.4875912368297577,0.327125608921051,-0.032216742634773254,0.5085632801055908,0.3388019800186157,-0.03237908333539963,0.37802475690841675,0.49651139974594116,-0.010247427970170975,0.3928581476211548,0.39185112714767456,-0.03368929773569107,0.4209499955177307,0.35057464241981506,-0.040702078491449356,0.45249032974243164,0.3479005992412567,-0.039199646562337875
HELLO,0.37942439317703247,0.7860493063926697,-7.225488474205122e-08,0.47866350412368774,0.7668310403823853,-0.030997157096862793,0.5583047866821289,0.6666830778121948,-0.03516143932938576,0.6007881760597229,0.5635567903518677,-0.04203258454799652,0.6180708408355713,0.4733598530292511,-0.04767364636063576,0.528206467628479,0.5226386785507202,0.01413982454687357,0.5573552846908569,0.4252565801143646,-0.014359929598867893,0.5735953450202942,0.43587949872016907,-0.04491956904530525,0.5679607391357422,0.47477203607559204,-0.06171425059437752,0.4849797487258911,0.494083046913147,0.013758843764662743,0.5122885704040527,0.36261558532714844,-0.018656989559531212,0.5341152548789978,0.40112632513046265,-0.05647142231464386,0.5293692350387573,0.47257861495018005,-0.07742893695831299,0.438689649105072,0.47925233840942383,0.006423564627766609,0.4594554007053375,0.34964755177497864,-0.02579381689429283,0.48697736859321594,0.38506948947906494,-0.056511979550123215,0.48373427987098694,0.46082931756973267,-0.07087160646915436,0.38488447666168213,0.4765866696834564,-0.003773593110963702,0.4086814224720001,0.3654266595840454,-0.030660301446914673,0.437759667634964,0.38032570481300354,-0.04843447357416153,0.4451090693473816,0.44177812337875366,-0.057321228086948395
HELLO,0.3785220980644226,0.7691158652305603,-3.064738223201857e-07,0.4747008979320526,0.7520066499710083,-0.028599027544260025,0.5523581504821777,0.6549296975135803,-0.03225383907556534,0.5958815813064575,0.5516136288642883,-0.0386076346039772,0.6040123701095581,0.460314005613327,-0.0432511530816555,0.5235960483551025,0.5171138048171997,0.009401441551744938,0.5571035146713257,0.4219321608543396,-0.01864638179540634,0.5625227689743042,0.45369046926498413,-0.04429784417152405,0.5472456812858582,0.4987555146217346,-0.05759456008672714,0.4813157916069031,0.48756054043769836,0.008506284095346928,0.51592618227005,0.360737681388855,-0.025446854531764984,0.5200278759002686,0.4267980456352234,-0.055303607136011124,0.5029593110084534,0.5013371109962463,-0.0685538798570633,0.4354621171951294,0.471915602684021,0.0012504322221502662,0.4612025320529938,0.346014142036438,-0.031082110479474068,0.4737085998058319,0.40524834394454956,-0.050376538187265396,0.4610302150249481,0.4820127785205841,-0.05545264482498169,0.3826240003108978,0.46921995282173157,-0.008841702714562416,0.40298038721084595,0.3617025315761566,-0.03326747193932533,0.4258282780647278,0.3855855464935303,-0.04358066990971565,0.4293326437473297,0.4431516230106354,-0.04660549759864807
HELLO,0.370130330324173,0.772455096244812,-5.444952080324583e-07,0.4654099941253662,0.7450530529022217,-0.023672757670283318,0.5412842631340027,0.6514952778816223,-0.028393618762493134,0.580029308795929,0.5515787601470947,-0.03562747314572334,0.5762138366699219,0.462297260761261,-0.038343366235494614,0.5115203857421875,0.5125331282615662,0.0014916876098141074,0.5448344945907593,0.413987934589386,-0.02472139336168766,0.5379272699356079,0.49218806624412537,-0.0411011278629303,0.5119797587394714,0.5492581725120544,-0.046996794641017914,0.4719642698764801,0.48766255378723145,-0.000845968839712441,0.506625771522522,0.38265377283096313,-0.030330318957567215,0.4965609014034271,0.4832330048084259,-0.043855179101228714,0.4666350483894348,0.5484017729759216,-0.044614359736442566,0.4264739155769348,0.4729976952075958,-0.008511449210345745,0.4592410922050476,0.36384084820747375,-0.03740110248327255,0.45923087000846863,0.4588703513145447,-0.032896894961595535,0.434853732585907,0.527676522731781,-0.02055688388645649,0.3717942237854004,0.4682936668395996,-0.018872305750846863,0.4007262885570526,0.36746788024902344,-0.04147128015756607,0.4161396920681,0.4238032102584839,-0.03406567871570587,0.4078969359397888,0.4845729470252991,-0.021467460319399834
HELLO,0.360556423664093,0.7611066699028015,-4.742675514535222e-07,0.453860878944397,0.7295212745666504,-0.023232877254486084,0.5303249955177307,0.6430386304855347,-0.02905953861773014,0.5712343454360962,0.5474458932876587,-0.03779420256614685,0.5648105144500732,0.45781153440475464,-0.042405325919389725,0.501132607460022,0.5076444149017334,0.0033017874229699373,0.5341697335243225,0.4135914742946625,-0.025480683892965317,0.5273104906082153,0.4882892370223999,-0.04380158707499504,0.503282368183136,0.5454628467559814,-0.050188951194286346,0.4611194133758545,0.48181450366973877,0.0007023625657893717,0.49598824977874756,0.3808619976043701,-0.030324626713991165,0.4863147437572479,0.4781756103038788,-0.04403448477387428,0.45970478653907776,0.5433675646781921,-0.04435664787888527,0.41456490755081177,0.46694231033325195,-0.007602855563163757,0.4461222290992737,0.360587477684021,-0.038018472492694855,0.44675132632255554,0.4538937211036682,-0.03344610705971718,0.4256727695465088,0.5228609442710876,-0.020381560549139977,0.3585315942764282,0.4628543257713318,-0.018583275377750397,0.38770192861557007,0.3646020293235779,-0.04157961532473564,0.4039626717567444,0.4199438691139221,-0.03396308422088623,0.3981754183769226,0.4804733395576477,-0.020746564492583275
HELLO,0.3380964696407318,0.7350891828536987,-4.868892915510514e-07,0.43284446001052856,0.7092388272285461,-0.02291824482381344,0.5096898078918457,0.620631992816925,-0.02614663355052471,0.5431727170944214,0.5193305015563965,-0.03177810087800026,0.5369532108306885,0.43280041217803955,-0.033812955021858215,0.482728511095047,0.4912050664424896,0.004372156225144863,0.5116437673568726,0.3976471722126007,-0.0219215527176857,0.5030293464660645,0.4655836224555969,-0.03899677097797394,0.4811014235019684,0.5229598879814148,-0.044863954186439514,0.44011035561561584,0.4641764760017395,0.0029987869784235954,0.47114723920822144,0.3619329035282135,-0.025720445439219475,0.45933133363723755,0.4519627094268799,-0.03859439492225647,0.43412211537361145,0.5193193554878235,-0.03860298544168472,0.39282330870628357,0.4485718607902527,-0.003995342645794153,0.42186158895492554,0.3437207341194153,-0.03325860947370529,0.41852158308029175,0.43258899450302124,-0.03015384078025818,0.3973323106765747,0.5038242340087891,-0.01814771443605423,0.3376178443431854,0.4445800483226776,-0.013525235466659069,0.36301231384277344,0.3457315266132355,-0.035675615072250366,0.3758172392845154,0.39614400267601013,-0.02955959364771843,0.3698509931564331,0.4559439718723297,-0.017698507755994797
HELLO,0.3280821442604065,0.7255133986473083,-4.805633579962887e-07,0.4184744954109192,0.6972809433937073,-0.023585166782140732,0.49366867542266846,0.6090255379676819,-0.028310492634773254,0.5300413966178894,0.5100120902061462,-0.03567176312208176,0.5219323635101318,0.4240223169326782,-0.0398196242749691,0.4628669023513794,0.48308107256889343,0.0034702636767178774,0.4938625395298004,0.3912433981895447,-0.023674916476011276,0.48549196124076843,0.45807668566703796,-0.04251091554760933,0.46385589241981506,0.5132372975349426,-0.05001555383205414,0.42239993810653687,0.4577881395816803,0.0016252943314611912,0.45583948493003845,0.35586005449295044,-0.02835228107869625,0.44513750076293945,0.4455980360507965,-0.04297682270407677,0.41933056712150574,0.513032853603363,-0.04418747499585152,0.37731680274009705,0.44362011551856995,-0.005752979777753353,0.40701502561569214,0.33750370144844055,-0.035384487360715866,0.4061001241207123,0.4249953031539917,-0.03329493850469589,0.38524022698402405,0.496566504240036,-0.02206350862979889,0.3235956132411957,0.4401981234550476,-0.015793979167938232,0.3478817641735077,0.34138599038124084,-0.03879861906170845,0.36308956146240234,0.39092814922332764,-0.03371351212263107,0.358811616897583,0.4514354467391968,-0.02260478399693966
HELLO,0.33079439401626587,0.7251520752906799,-4.3145541894773487e-07,0.42027562856674194,0.6975613832473755,-0.025936413556337357,0.49420109391212463,0.6118514537811279,-0.03177971765398979,0.5322794914245605,0.5137279033660889,-0.03989296033978462,0.5247266888618469,0.4261397421360016,-0.044829946011304855,0.46243157982826233,0.4830121099948883,0.003642856143414974,0.4904063045978546,0.3918169438838959,-0.023175837472081184,0.4840947091579437,0.45576906204223633,-0.042382363229990005,0.4647065997123718,0.5107037425041199,-0.05026258900761604,0.42264628410339355,0.45836153626441956,0.0033904286101460457,0.45300817489624023,0.35829949378967285,-0.02622762881219387,0.44406646490097046,0.44544845819473267,-0.0415261946618557,0.41986411809921265,0.5129912495613098,-0.04351653903722763,0.377835750579834,0.44456082582473755,-0.0027350434102118015,0.4058525860309601,0.3395961821079254,-0.0321611687541008,0.4057776629924774,0.4250297546386719,-0.031057339161634445,0.38572004437446594,0.4965490400791168,-0.0206590723246336,0.3244280219078064,0.4408457577228546,-0.011774894781410694,0.3476484417915344,0.34413281083106995,-0.03497862443327904,0.3629545569419861,0.3922693729400635,-0.031101781874895096,0.3591518998146057,0.4517368674278259,-0.020916081964969635
HELLO,0.33207860589027405,0.7254945635795593,-4.507421067501127e-07,0.4231891334056854,0.7004044055938721,-0.024555083364248276,0.4985210597515106,0.6129336953163147,-0.02835863083600998,0.5341041684150696,0.5130425691604614,-0.03451227769255638,0.528332531452179,0.42670872807502747,-0.03754260763525963,0.4663865566253662,0.4863342046737671,0.0047622681595385075,0.494728147983551,0.39395618438720703,-0.021586820483207703,0.48813149333000183,0.45644375681877136,-0.039416857063770294,0.46805697679519653,0.512411892414093,-0.0460500493645668,0.4260355234146118,0.4610792100429535,0.0041247704066336155,0.45708149671554565,0.35882076621055603,-0.026019688695669174,0.44804078340530396,0.4456706941127777,-0.040717218071222305,0.42357903718948364,0.5144858956336975,-0.04172119125723839,0.38097402453422546,0.4463529884815216,-0.002308160299435258,0.41063374280929565,0.3398645520210266,-0.03303303197026253,0.4097628593444824,0.4275776147842407,-0.03152742236852646,0.38904523849487305,0.5008376240730286,-0.02017113007605076,0.32678699493408203,0.44196784496307373,-0.011435607448220253,0.3521082103252411,0.3435738682746887,-0.03615929186344147,0.3668139576911926,0.39353740215301514,-0.0323481410741806,0.36232274770736694,0.45448771119117737,-0.02169680781662464
HELLO,0.3346255421638489,0.7246086001396179,-4.416835963638732e-07,0.4253832995891571,0.7035998702049255,-0.025803081691265106,0.5018225908279419,0.6171729564666748,-0.030673237517476082,0.5391851663589478,0.5158876776695251,-0.03772435709834099,0.5324232578277588,0.42745593190193176,-0.04172421991825104,0.46824026107788086,0.4865633547306061,0.004017943050712347,0.4979727268218994,0.39198434352874756,-0.023446708917617798,0.49179473519325256,0.4547501504421234,-0.043118398636579514,0.47080469131469727,0.5107132196426392,-0.05101492628455162,0.42774713039398193,0.460163950920105,0.0038459107745438814,0.46006736159324646,0.35677075386047363,-0.026599904522299767,0.4512738883495331,0.4438890814781189,-0.042645037174224854,0.42598438262939453,0.5131644606590271,-0.04486682265996933,0.3828110098838806,0.4448889493942261,-0.0022700584959238768,0.4131825566291809,0.3358718752861023,-0.03272895887494087,0.41357871890068054,0.42141926288604736,-0.03281078487634659,0.39288657903671265,0.4948478639125824,-0.02294807694852352,0.3289600610733032,0.4400140047073364,-0.011182342655956745,0.35457777976989746,0.3421095013618469,-0.035707294940948486,0.37047916650772095,0.3906419277191162,-0.03313271701335907,0.36644452810287476,0.4514409601688385,-0.023765569552779198
HELLO,0.3249422013759613,0.7180033922195435,-2.5866268060781294e-07,0.41914042830467224,0.7047588229179382,-0.029499264433979988,0.49989357590675354,0.6182538866996765,-0.0340464748442173,0.5410255193710327,0.5170289278030396,-0.04097893089056015,0.5422638654708862,0.4261447489261627,-0.04617493227124214,0.47122251987457275,0.48230499029159546,0.008516154251992702,0.4992217719554901,0.3847692608833313,-0.022495092824101448,0.503142237663269,0.41632890701293945,-0.049386877566576004,0.4906284809112549,0.4649563133716583,-0.06215564161539078,0.42762491106987,0.4548819959163666,0.008865858428180218,0.45766469836235046,0.33785879611968994,-0.026472534984350204,0.4593704342842102,0.4016154706478119,-0.05575187876820564,0.44317278265953064,0.47448256611824036,-0.06784062832593918,0.38114047050476074,0.4400258958339691,0.0024171071127057076,0.4047378897666931,0.32626041769981384,-0.03162924200296402,0.41437599062919617,0.38597649335861206,-0.049829281866550446,0.40197688341140747,0.46090441942214966,-0.052970606833696365,0.3276333212852478,0.43586087226867676,-0.0068899476900696754,0.3458142876625061,0.3357509970664978,-0.03220101818442345,0.365441232919693,0.36286109685897827,-0.04179137945175171,0.3681032657623291,0.4199489951133728,-0.04303507134318352
HELLO,0.3130509853363037,0.7244044542312622,3.5093600558866456e-07,0.41342565417289734,0.7048302888870239,-0.032333143055438995,0.494305282831192,0.6202346682548523,-0.032173823565244675,0.5401707887649536,0.5248812437057495,-0.03210235759615898,0.5689054727554321,0.453147292137146,-0.030251920223236084,0.4601406455039978,0.48725569248199463,0.024529440328478813,0.49228692054748535,0.40684249997138977,0.012000955641269684,0.5089952945709229,0.36806797981262207,-0.006221767049282789,0.5188813805580139,0.3504125773906708,-0.018095778301358223,0.41638126969337463,0.4528057873249054,0.029945777729153633,0.44254785776138306,0.35293930768966675,0.017808442935347557,0.4609420597553253,0.3173345625400543,-0.002580337692052126,0.4717699885368347,0.3238425850868225,-0.015596267767250538,0.36969923973083496,0.4375338852405548,0.027198513969779015,0.38924139738082886,0.3372596502304077,0.008335340768098831,0.4092336595058441,0.3065396547317505,-0.009462596848607063,0.42321154475212097,0.3241618871688843,-0.018010394647717476,0.31461745500564575,0.43553388118743896,0.020606743171811104,0.322837769985199,0.34911537170410156,0.0007954629836603999,0.3429035544395447,0.31982421875,-0.010930809192359447,0.3642764389514923,0.33012789487838745,-0.01566365733742714
HELLO,0.2812281847000122,0.6933754682540894,6.580959848179191e-07,0.3784760534763336,0.6737629771232605,-0.03789057955145836,0.46686533093452454,0.588587760925293,-0.04720834270119667,0.5239537954330444,0.504563570022583,-0.053057145327329636,0.5722643733024597,0.4482676088809967,-0.058332525193691254,0.4299304485321045,0.4319959282875061,-0.01843818463385105,0.4733823537826538,0.32494693994522095,-0.0370204895734787,0.49745264649391174,0.26099151372909546,-0.05455530807375908,0.5191073417663574,0.20534345507621765,-0.0678640753030777,0.3786502480506897,0.3992381989955902,-0.016167214140295982,0.41302844882011414,0.2764785885810852,-0.031621236354112625,0.43974441289901733,0.2015824019908905,-0.04967096820473671,0.46420010924339294,0.13806846737861633,-0.0632641613483429,0.3258346915245056,0.393401175737381,-0.019593633711338043,0.3416053056716919,0.27417299151420593,-0.03807865083217621,0.36198556423187256,0.20238035917282104,-0.05399586260318756,0.3851720988750458,0.14156490564346313,-0.06514646112918854,0.2684868574142456,0.40836063027381897,-0.026982588693499565,0.26354438066482544,0.3118740916252136,-0.046786077320575714,0.2716464400291443,0.25423869490623474,-0.05692145973443985,0.2884213328361511,0.2004290521144867,-0.0629611685872078
HELLO,0.2768446207046509,0.6614858508110046,5.992312139824207e-07,0.3747520446777344,0.6401929259300232,-0.03328214958310127,0.46416038274765015,0.548168420791626,-0.04049092158675194,0.5281120538711548,0.4697752296924591,-0.045662201941013336,0.5828117728233337,0.44049307703971863,-0.05013701692223549,0.42293721437454224,0.38137882947921753,-0.011933679692447186,0.4619394540786743,0.27619051933288574,-0.02301781065762043,0.4798382520675659,0.21159198880195618,-0.03481343388557434,0.49243849515914917,0.15786781907081604,-0.04513322561979294,0.36949899792671204,0.35313475131988525,-0.011415595188736916,0.40277668833732605,0.23120775818824768,-0.01939847320318222,0.42118024826049805,0.15599146485328674,-0.03083118423819542,0.4346214830875397,0.09286573529243469,-0.04025041311979294,0.3147346079349518,0.3520972728729248,-0.016616981476545334,0.323218435049057,0.2327326387166977,-0.03054947406053543,0.3317461311817169,0.15980574488639832,-0.0467577800154686,0.34007418155670166,0.0989728569984436,-0.058831728994846344,0.25513726472854614,0.3743152320384979,-0.025549985468387604,0.23473301529884338,0.2844748795032501,-0.04321855306625366,0.2228594273328781,0.22331248223781586,-0.054795559495687485,0.21693623065948486,0.164905846118927,-0.06266062706708908
HELLO,0.35815298557281494,0.6958713531494141,6.176589977258118e-07,0.4591372609138489,0.6847184896469116,-0.031627804040908813,0.5530745983123779,0.6096171736717224,-0.04024212807416916,0.6239123940467834,0.5493394136428833,-0.04871717840433121,0.682051420211792,0.5365684628486633,-0.05626274645328522,0.528404951095581,0.4189157783985138,-0.003097170265391469,0.5733882188796997,0.32033687829971313,-0.012230546213686466,0.5977264046669006,0.26063811779022217,-0.022469602525234222,0.6154685020446777,0.21488812565803528,-0.031155606731772423,0.4747178852558136,0.38308143615722656,-0.004607696086168289,0.5086989402770996,0.2588597536087036,-0.008982915431261063,0.5322442054748535,0.18675702810287476,-0.016533544287085533,0.5502257943153381,0.12950670719146729,-0.022710558027029037,0.4183964133262634,0.3758213520050049,-0.01269436813890934,0.43271368741989136,0.2545509934425354,-0.024161526933312416,0.44241562485694885,0.18048137426376343,-0.038703396916389465,0.45205798745155334,0.1225774884223938,-0.049260858446359634,0.3558901846408844,0.3939127027988434,-0.02493368275463581,0.3325096070766449,0.3008003830909729,-0.04170364886522293,0.3205302357673645,0.2382371574640274,-0.0529901422560215,0.3155897557735443,0.1817532777786255,-0.06004657968878746
HELLO,0.3763015568256378,0.7114300727844238,6.040468747414707e-07,0.4758089482784271,0.706937313079834,-0.03626922145485878,0.5752164721488953,0.630105197429657,-0.04446513205766678,0.6505283117294312,0.5692530870437622,-0.051007386296987534,0.7066579461097717,0.5551767945289612,-0.05605700612068176,0.5521723031997681,0.4371841251850128,-0.006597648840397596,0.6008228063583374,0.34138619899749756,-0.015744345262646675,0.6254041194915771,0.2801019251346588,-0.02647092565894127,0.6420010328292847,0.22955340147018433,-0.03640636429190636,0.499364972114563,0.39969131350517273,-0.005869718734174967,0.5427910089492798,0.2830040454864502,-0.011592486873269081,0.5677661299705505,0.21292516589164734,-0.01993686892092228,0.586524248123169,0.15386652946472168,-0.02725565806031227,0.44346362352371216,0.3922278583049774,-0.012314940802752972,0.46104156970977783,0.273995578289032,-0.02603551372885704,0.47463586926460266,0.20216229557991028,-0.04118940979242325,0.4875238239765167,0.1412459909915924,-0.05242206156253815,0.38120487332344055,0.40856224298477173,-0.023282205685973167,0.3631613850593567,0.3122183084487915,-0.04216676205396652,0.35180991888046265,0.24725580215454102,-0.054467231035232544,0.3470365107059479,0.18500176072120667,-0.06279582530260086
HELLO,0.33484596014022827,0.7056759595870972,5.467697974381736e-07,0.4341898560523987,0.6884912252426147,-0.034019242972135544,0.5250513553619385,0.5999903678894043,-0.04196881502866745,0.5921769738197327,0.5286974906921387,-0.048895660787820816,0.648512065410614,0.5098443031311035,-0.0552167184650898,0.4932509958744049,0.42073720693588257,-0.009987689554691315,0.5378099679946899,0.31763511896133423,-0.023341218009591103,0.559436559677124,0.25489920377731323,-0.03752651810646057,0.5752763152122498,0.20567269623279572,-0.04952259734272957,0.4375344514846802,0.3862553834915161,-0.011457781307399273,0.4695754051208496,0.25959551334381104,-0.021281272172927856,0.49134308099746704,0.18593770265579224,-0.03401126712560654,0.5085492730140686,0.12744617462158203,-0.04433165118098259,0.380167692899704,0.3834306597709656,-0.01912905089557171,0.3963046371936798,0.259969562292099,-0.035617850720882416,0.4095650315284729,0.1878366470336914,-0.05147271975874901,0.4226419925689697,0.12961578369140625,-0.06307633221149445,0.3180740475654602,0.40799131989479065,-0.03072603978216648,0.2949233651161194,0.31487178802490234,-0.051380641758441925,0.28295689821243286,0.25214773416519165,-0.06304509937763214,0.27693575620651245,0.19411921501159668,-0.07040634006261826
HELLO,0.26944929361343384,0.7197924256324768,6.536354817399115e-07,0.36814481019973755,0.6850825548171997,-0.03705804422497749,0.45291227102279663,0.5824897289276123,-0.046646442264318466,0.5158190727233887,0.49655503034591675,-0.05432121828198433,0.5730752348899841,0.4657621681690216,-0.06063276156783104,0.39720362424850464,0.40142709016799927,-0.008822436444461346,0.4282248616218567,0.28651541471481323,-0.02019098587334156,0.4428061842918396,0.21814413368701935,-0.03336566314101219,0.4535207748413086,0.16266661882400513,-0.044802695512771606,0.3376733362674713,0.3796997666358948,-0.007774960715323687,0.3584015965461731,0.2475675791501999,-0.015164035372436047,0.37261962890625,0.16821926832199097,-0.0265461765229702,0.38356298208236694,0.10307168960571289,-0.036072760820388794,0.2804015874862671,0.38769426941871643,-0.013477915897965431,0.27999839186668396,0.26386284828186035,-0.027415182441473007,0.2833467125892639,0.18868085741996765,-0.04321396350860596,0.288032203912735,0.12660089135169983,-0.054965488612651825,0.22162364423274994,0.4212290346622467,-0.02363453432917595,0.18985505402088165,0.33237147331237793,-0.04115862399339676,0.17083938419818878,0.2730308771133423,-0.0524725541472435,0.15896090865135193,0.21557332575321198,-0.06011708825826645
HELLO,0.26032477617263794,0.728965163230896,6.48842501504987e-07,0.35910844802856445,0.6963686347007751,-0.042176391929388046,0.4414774477481842,0.5904390215873718,-0.052840933203697205,0.5043995380401611,0.5012941956520081,-0.06060545891523361,0.561359167098999,0.46846920251846313,-0.06682594120502472,0.3858911097049713,0.4087465703487396,-0.013351107947528362,0.4163176119327545,0.29276448488235474,-0.023286743089556694,0.4305030107498169,0.22088320553302765,-0.034169889986515045,0.4386429786682129,0.16406121850013733,-0.043988946825265884,0.3275953233242035,0.3879418969154358,-0.009492971003055573,0.34834593534469604,0.253368616104126,-0.014986729249358177,0.35912662744522095,0.17239227890968323,-0.023108085617423058,0.3661637306213379,0.10497859120368958,-0.030474428087472916,0.27132049202919006,0.39681729674339294,-0.013088247738778591,0.2690272927284241,0.27111130952835083,-0.026116885244846344,0.27022784948349,0.19322869181632996,-0.04203332960605621,0.27188265323638916,0.127992182970047,-0.05403421074151993,0.21183554828166962,0.43057993054389954,-0.021728547289967537,0.1786205768585205,0.34089362621307373,-0.039934732019901276,0.15648508071899414,0.2803190350532532,-0.05280470475554466,0.140676349401474,0.22170348465442657,-0.06177489832043648
HELLO,0.26564258337020874,0.7377356290817261,6.513243420158688e-07,0.3653850853443146,0.7029534578323364,-0.04198131710290909,0.44834572076797485,0.593578577041626,-0.05215916782617569,0.5098609328269958,0.5023418068885803,-0.059265945106744766,0.5675491094589233,0.46960940957069397,-0.06479067355394363,0.39320284128189087,0.4108388423919678,-0.013064635917544365,0.42206186056137085,0.29474958777427673,-0.023656724020838737,0.43461859226226807,0.22267667949199677,-0.03609659522771835,0.4423947334289551,0.1639726161956787,-0.04738680645823479,0.33385300636291504,0.3894059956073761,-0.009233292192220688,0.3544352054595947,0.2567339241504669,-0.01581132411956787,0.36531123518943787,0.17585793137550354,-0.026034925132989883,0.37303856015205383,0.10839226841926575,-0.035033099353313446,0.2767307758331299,0.39860907196998596,-0.012684530578553677,0.2744014263153076,0.2738761603832245,-0.026578759774565697,0.2762959599494934,0.1964721381664276,-0.04381144419312477,0.278567373752594,0.1316259503364563,-0.05679883062839508,0.2165338397026062,0.433328241109848,-0.02107151784002781,0.18501219153404236,0.34420526027679443,-0.03993462026119232,0.16377222537994385,0.28232765197753906,-0.05354006588459015,0.14870727062225342,0.22204618155956268,-0.06304119527339935
HELLO,0.2861177325248718,0.7503035068511963,5.834285730088595e-07,0.3858982026576996,0.7134510278701782,-0.03278914839029312,0.46999630331993103,0.6124783754348755,-0.04144834354519844,0.5311846137046814,0.5273500680923462,-0.04897664114832878,0.5869835615158081,0.49314793944358826,-0.05579889193177223,0.4161449074745178,0.42866817116737366,-0.009112438187003136,0.4485074579715729,0.3112751841545105,-0.021422211080789566,0.4618362784385681,0.2395484745502472,-0.035292625427246094,0.46925681829452515,0.17998984456062317,-0.04747844859957695,0.357673704624176,0.40428781509399414,-0.010625232011079788,0.3812123239040375,0.26852816343307495,-0.0205666646361351,0.3936205506324768,0.18607336282730103,-0.03425506129860878,0.40077078342437744,0.11753186583518982,-0.04539061710238457,0.29936647415161133,0.4102742671966553,-0.018083008006215096,0.29940152168273926,0.2783435583114624,-0.03358511999249458,0.3022163212299347,0.19801488518714905,-0.052187204360961914,0.3050611913204193,0.1310209333896637,-0.06612839549779892,0.23826783895492554,0.44305986166000366,-0.029295213520526886,0.20533621311187744,0.34830665588378906,-0.04866807162761688,0.1842363476753235,0.2850254774093628,-0.06157303601503372,0.16974632441997528,0.22470639646053314,-0.07034166157245636
HELLO,0.36562055349349976,0.8346927762031555,5.903615374336368e-07,0.4659494459629059,0.8143263459205627,-0.03990655019879341,0.5601866841316223,0.7330313920974731,-0.057112883776426315,0.6329414248466492,0.6580114960670471,-0.07352028787136078,0.6979557275772095,0.6284292936325073,-0.08992888033390045,0.5222885608673096,0.5255852937698364,-0.02287350408732891,0.5643482208251953,0.4068358540534973,-0.04497767612338066,0.5856478214263916,0.33430320024490356,-0.06595607101917267,0.6010933518409729,0.2714986503124237,-0.08243228495121002,0.4626913368701935,0.4910823404788971,-0.026002904400229454,0.486890584230423,0.3461436927318573,-0.04339944198727608,0.5043755173683167,0.26022499799728394,-0.061688754707574844,0.5163312554359436,0.1911812424659729,-0.07631952315568924,0.40088650584220886,0.48783987760543823,-0.03554385155439377,0.4118252396583557,0.34735143184661865,-0.056357286870479584,0.41838210821151733,0.26199111342430115,-0.07630728930234909,0.42455920577049255,0.19358280301094055,-0.0908677726984024,0.33668363094329834,0.5131269693374634,-0.04962997883558273,0.31257665157318115,0.4015836715698242,-0.07293756306171417,0.29609981179237366,0.3303352892398834,-0.0867483913898468,0.28458520770072937,0.2654435932636261,-0.09575948119163513
HELLO,0.3871985673904419,0.8835457563400269,6.231366569409147e-07,0.4920388460159302,0.8748201131820679,-0.03946847841143608,0.5946834683418274,0.8063451647758484,-0.053437307476997375,0.6689538955688477,0.740546703338623,-0.06537448614835739,0.7337688207626343,0.7174767851829529,-0.07664936780929565,0.5747535228729248,0.5938661694526672,-0.021953504532575607,0.6306973695755005,0.48430335521698,-0.041671521961688995,0.6614222526550293,0.41512590646743774,-0.061100393533706665,0.6861746311187744,0.3527278006076813,-0.07740157097578049,0.519020676612854,0.5516867637634277,-0.024202894419431686,0.565392792224884,0.41701382398605347,-0.04048645496368408,0.5938002467155457,0.3341507911682129,-0.058047935366630554,0.61469566822052,0.26432716846466064,-0.07250155508518219,0.45898687839508057,0.5434648394584656,-0.03287128731608391,0.48261985182762146,0.4094775915145874,-0.054661139845848083,0.5000462532043457,0.32186245918273926,-0.07592528313398361,0.5159363746643066,0.24552485346794128,-0.091648630797863,0.39247235655784607,0.5635139346122742,-0.04577091708779335,0.37733685970306396,0.4527950584888458,-0.07106725126504898,0.3679789900779724,0.3785645365715027,-0.08622054755687714,0.3643335700035095,0.30668169260025024,-0.0964246615767479
HELLO,0.3366886377334595,0.8608065843582153,6.216832844074816e-07,0.4401934742927551,0.8352364301681519,-0.039696767926216125,0.5339139103889465,0.7437589764595032,-0.053873758763074875,0.6064789295196533,0.6634759306907654,-0.0663096234202385,0.6687314510345459,0.6260636448860168,-0.07871972024440765,0.5031235814094543,0.5479176044464111,-0.027332691475749016,0.5504666566848755,0.4256529211997986,-0.050723008811473846,0.5747206211090088,0.3491884768009186,-0.07174799591302872,0.5939623713493347,0.282440721988678,-0.08853133767843246,0.44181564450263977,0.5109748244285583,-0.030959846451878548,0.4759712815284729,0.3653566241264343,-0.05032622441649437,0.49760380387306213,0.2756512463092804,-0.06978465616703033,0.5139470100402832,0.20038339495658875,-0.0851692259311676,0.3781927824020386,0.5092167854309082,-0.040523938834667206,0.3985486328601837,0.3685969114303589,-0.06409167498350143,0.4112749993801117,0.2799600064754486,-0.08449602872133255,0.4228055477142334,0.2047121822834015,-0.09945789724588394,0.31060826778411865,0.5371212363243103,-0.05427291989326477,0.2931499183177948,0.43108296394348145,-0.08080971240997314,0.2825019955635071,0.35959872603416443,-0.09502377361059189,0.2759849429130554,0.2921677231788635,-0.103939488530159
HELLO,0.26286086440086365,0.9423666000366211,4.482934627958457e-07,0.364592045545578,0.8938275575637817,-0.038807593286037445,0.4493016004562378,0.7832174897193909,-0.05182625725865364,0.5091062188148499,0.6836674809455872,-0.06412123143672943,0.5674445629119873,0.6239804029464722,-0.07663695514202118,0.40565967559814453,0.5968246459960938,-0.02037002705037594,0.4424598217010498,0.46036237478256226,-0.04599282518029213,0.46091699600219727,0.37861061096191406,-0.06953028589487076,0.47626906633377075,0.30556803941726685,-0.08842084556818008,0.3445180654525757,0.5708702802658081,-0.02481447160243988,0.36637255549430847,0.4165869951248169,-0.05011820048093796,0.3812997341156006,0.32085826992988586,-0.07505488395690918,0.3935147225856781,0.23833271861076355,-0.09360305964946747,0.2848382592201233,0.5780389308929443,-0.03572840988636017,0.29239267110824585,0.4279305040836334,-0.06520064920186996,0.29914194345474243,0.332156240940094,-0.08835188299417496,0.3077780306339264,0.24756422638893127,-0.10412684828042984,0.223227858543396,0.6135296821594238,-0.05073171854019165,0.20783554017543793,0.4958226680755615,-0.08193589746952057,0.1978887915611267,0.41583961248397827,-0.09825833886861801,0.1932075172662735,0.3387507200241089,-0.108294777572155
HELLO,0.22925031185150146,1.11918044090271,4.799256103638072e-08,0.3162565231323242,1.0649652481079102,-0.026666754856705666,0.3875631093978882,0.9886229038238525,-0.0456262081861496,0.43774572014808655,0.9105141162872314,-0.06736069917678833,0.4677721858024597,0.8428527116775513,-0.09044469147920609,0.34286370873451233,0.8255096673965454,-0.020480262115597725,0.3589125871658325,0.6924465298652649,-0.0522155687212944,0.3700120151042938,0.6423420906066895,-0.07878126949071884,0.37643325328826904,0.6161952018737793,-0.0960414931178093,0.285134494304657,0.8148071765899658,-0.02784699760377407,0.29200026392936707,0.6779505014419556,-0.06798501312732697,0.3083003759384155,0.7127029895782471,-0.0938371866941452,0.3156287968158722,0.772650957107544,-0.1051161140203476,0.22512182593345642,0.8297516107559204,-0.03845684230327606,0.22557830810546875,0.7039196491241455,-0.07454938441514969,0.24276550114154816,0.7478577494621277,-0.07910771667957306,0.2502690553665161,0.8136950731277466,-0.07503480464220047,0.16672900319099426,0.8648778796195984,-0.051068827509880066,0.15452367067337036,0.770111083984375,-0.07650010287761688,0.1697777509689331,0.7980404496192932,-0.07265349477529526,0.17915049195289612,0.8493709564208984,-0.06395162642002106
HELLO,0.9823241829872131,0.7128831744194031,-6.979347944024994e-08,0.8972042798995972,0.6759735345840454,-0.026572223752737045,0.8431998491287231,0.5783215761184692,-0.03168861195445061,0.8327193856239319,0.47873610258102417,-0.036590639501810074,0.8297752737998962,0.4004155397415161,-0.038932111114263535,0.8757141828536987,0.4769792854785919,0.017098890617489815,0.863713264465332,0.3919852077960968,0.0036895095836371183,0.8553482294082642,0.34798359870910645,-0.0153628159314394,0.846211850643158,0.30408424139022827,-0.03117501549422741,0.9204846620559692,0.4562124013900757,0.017036251723766327,0.9124225974082947,0.362988144159317,0.008715849369764328,0.9006103873252869,0.31199270486831665,-0.00828652735799551,0.8869365453720093,0.26526281237602234,-0.023408735170960426,0.9620551466941833,0.4537619352340698,0.009749038144946098,0.9595391750335693,0.35967010259628296,-0.003793998621404171,0.9484879970550537,0.3088866174221039,-0.016731010749936104,0.9334244132041931,0.2692893147468567,-0.026449022814631462,1.0093499422073364,0.46530476212501526,-0.001220267964527011,1.007502794265747,0.38533392548561096,-0.01387831661850214,0.9976055026054382,0.3395482301712036,-0.0202772356569767,0.982062041759491,0.30273568630218506,-0.02534767985343933
HELLO,0.9185939431190491,0.6490689516067505,5.056330110164708e-07,0.8088048696517944,0.633419394493103,-0.026943566277623177,0.7270793914794922,0.5389559268951416,-0.0275688786059618,0.6886792778968811,0.43483003973960876,-0.027103953063488007,0.6484754085540771,0.3656960129737854,-0.024657974019646645,0.7667786478996277,0.41513097286224365,0.015194574370980263,0.7290235757827759,0.32066890597343445,0.0056236241944134235,0.7114184498786926,0.26172998547554016,-0.008903665468096733,0.6975393891334534,0.20555907487869263,-0.021936457604169846,0.8208340406417847,0.37836581468582153,0.014213157817721367,0.7891190052032471,0.26677578687667847,0.008611722849309444,0.7689187526702881,0.19618041813373566,-0.0070928847417235374,0.7507238984107971,0.13635438680648804,-0.02079036831855774,0.8755897879600525,0.36870113015174866,0.005864995997399092,0.8529346585273743,0.2623290419578552,-0.007032353430986404,0.8311614394187927,0.1980680525302887,-0.023011736571788788,0.8062692880630493,0.1449834704399109,-0.03543959930539131,0.9383447766304016,0.3750235438346863,-0.00583764398470521,0.9320878386497498,0.28701382875442505,-0.021785644814372063,0.9116578102111816,0.23853878676891327,-0.03225510194897652,0.8818830847740173,0.19788281619548798,-0.040076106786727905
HELLO,0.8300731182098389,0.7008955478668213,4.704421030510275e-07,0.7151469588279724,0.6968271136283875,-0.02846514992415905,0.6141402721405029,0.61390221118927,-0.03080153837800026,0.5537043809890747,0.5234537124633789,-0.03285617381334305,0.49733394384384155,0.46711206436157227,-0.03330022096633911,0.6355026960372925,0.4278290569782257,0.017890233546495438,0.5784385204315186,0.3261869251728058,0.007322666700929403,0.5475255846977234,0.2647319436073303,-0.009363096207380295,0.5213378071784973,0.20789693295955658,-0.024285955354571342,0.6893974542617798,0.37977713346481323,0.01380172185599804,0.6431611776351929,0.25194305181503296,0.007550370413810015,0.6145912408828735,0.17413491010665894,-0.00966228824108839,0.589429497718811,0.11032423377037048,-0.024376407265663147,0.7481539249420166,0.3619025945663452,0.001802955288439989,0.7114771604537964,0.24164971709251404,-0.011222184635698795,0.6841988563537598,0.17163735628128052,-0.02745530940592289,0.6560870409011841,0.11281678080558777,-0.04028775170445442,0.8139865398406982,0.3648863434791565,-0.014275009743869305,0.7942366600036621,0.2638855576515198,-0.028447534888982773,0.773738443851471,0.2041134089231491,-0.03690943121910095,0.750015377998352,0.1502855122089386,-0.043630681931972504
HELLO,0.8275653719902039,0.7031480669975281,4.854665576203843e-07,0.7094369530677795,0.6980170011520386,-0.027812231332063675,0.6004796624183655,0.6178710460662842,-0.029687337577342987,0.5281202793121338,0.534892201423645,-0.03222135826945305,0.4632822275161743,0.49172964692115784,-0.03267958015203476,0.6287106275558472,0.41397953033447266,0.026364635676145554,0.5688052177429199,0.31075382232666016,0.019789839163422585,0.535996675491333,0.2505307197570801,0.005728744901716709,0.5090445280075073,0.19620555639266968,-0.007562960498034954,0.6846109628677368,0.36679336428642273,0.021351410076022148,0.6353973150253296,0.23419001698493958,0.021340468898415565,0.6061861515045166,0.15552014112472534,0.009404007345438004,0.5809802412986755,0.0927613377571106,-0.002195701701566577,0.7462382912635803,0.34977734088897705,0.007465566508471966,0.7100282907485962,0.22504675388336182,-0.001036586705595255,0.6841408610343933,0.15521901845932007,-0.011384529992938042,0.6575254797935486,0.09695246815681458,-0.020974496379494667,0.8142604231834412,0.3532695174217224,-0.011048720218241215,0.8046011328697205,0.25094717741012573,-0.020895695313811302,0.7935928702354431,0.18768131732940674,-0.02450321428477764,0.7791188359260559,0.12938162684440613,-0.028462274000048637
HELLO,0.7919453978538513,0.736118495464325,5.074670639260148e-07,0.6738824248313904,0.725683331489563,-0.032687798142433167,0.5641127228736877,0.6575769186019897,-0.041433945298194885,0.490882933139801,0.5880186557769775,-0.04901965335011482,0.43182238936424255,0.5457605123519897,-0.05474046990275383,0.5958988666534424,0.44106534123420715,0.011195807717740536,0.5424384474754333,0.3321957588195801,-0.0002845062699634582,0.515872597694397,0.2686474025249481,-0.018172740936279297,0.49573642015457153,0.2133055180311203,-0.03371557593345642,0.6554918885231018,0.39673736691474915,0.00770751154050231,0.616094708442688,0.2609724998474121,0.002599046565592289,0.5935866832733154,0.18222495913505554,-0.012694241479039192,0.5754342675209045,0.11864736676216125,-0.026755161583423615,0.7175351977348328,0.38126835227012634,-0.004189698025584221,0.6885421872138977,0.25094759464263916,-0.01617032289505005,0.668675422668457,0.1796073019504547,-0.029574282467365265,0.6491691470146179,0.11977630853652954,-0.04106254130601883,0.7838119864463806,0.3876951336860657,-0.020670758560299873,0.7723809480667114,0.2854456305503845,-0.033278971910476685,0.7615846991539001,0.22409582138061523,-0.0387372188270092,0.7491627335548401,0.1674460470676422,-0.04367730766534805
HELLO,0.757999837398529,0.7611272931098938,5.501647706296353e-07,0.6334778666496277,0.766619861125946,-0.026144644245505333,0.5233629941940308,0.7082142233848572,-0.02650349959731102,0.44971224665641785,0.6439824104309082,-0.027771539986133575,0.38755184412002563,0.6099714636802673,-0.027332071214914322,0.5503391623497009,0.4975351095199585,0.03465069830417633,0.4909140467643738,0.39798927307128906,0.032483916729688644,0.45922011137008667,0.337815523147583,0.019568903371691704,0.43362754583358765,0.2812131345272064,0.006399508565664291,0.6033592224121094,0.44825029373168945,0.029201112687587738,0.5538180470466614,0.3198191523551941,0.0323186069726944,0.5248091220855713,0.2415408492088318,0.020784884691238403,0.5017892122268677,0.1796964704990387,0.009025643579661846,0.6615641713142395,0.4287812113761902,0.014332928694784641,0.6236400604248047,0.3063211441040039,0.007147115655243397,0.5969496369361877,0.2372370958328247,-0.005521151702851057,0.5702940225601196,0.1778862476348877,-0.01684134267270565,0.7269489765167236,0.4277476370334625,-0.005114124156534672,0.712094783782959,0.3250749707221985,-0.015487009659409523,0.6982548236846924,0.26233208179473877,-0.02168150059878826,0.6824499368667603,0.200118750333786,-0.02769273705780506
HELLO,0.7419899702072144,0.7677607536315918,5.800810072287277e-07,0.6226606369018555,0.7711336612701416,-0.033765945583581924,0.5141748189926147,0.7119720578193665,-0.04252595081925392,0.4409112334251404,0.6454757452011108,-0.05029401183128357,0.38012218475341797,0.6034359335899353,-0.05603918433189392,0.5430576801300049,0.490678071975708,0.01292086485773325,0.48688599467277527,0.38392382860183716,0.00278535601682961,0.45767995715141296,0.3194385766983032,-0.014011150225996971,0.43528562784194946,0.2613644003868103,-0.02894521877169609,0.5988413095474243,0.44332510232925415,0.009014229290187359,0.5542252659797668,0.3068835735321045,0.005317906849086285,0.5277151465415955,0.22572952508926392,-0.008201958611607552,0.5076001286506653,0.16240888833999634,-0.021002499386668205,0.6577519178390503,0.4262102544307709,-0.003842730540782213,0.6263059973716736,0.29403990507125854,-0.015530245378613472,0.6028141975402832,0.2217501401901245,-0.028373364359140396,0.5798566937446594,0.16133370995521545,-0.0395478717982769,0.7213863730430603,0.43060949444770813,-0.02155512385070324,0.7111260890960693,0.3235338032245636,-0.03519149497151375,0.7010005712509155,0.25734221935272217,-0.04173852503299713,0.6893330216407776,0.19399741291999817,-0.04745869338512421
HELLO,0.733165442943573,0.7928466200828552,5.560708018492733e-07,0.607728898525238,0.7797536849975586,-0.024974800646305084,0.5070526599884033,0.7071462869644165,-0.030149200931191444,0.4430016279220581,0.6311604380607605,-0.0366336964070797,0.38558638095855713,0.5882475972175598,-0.042311400175094604,0.5483201742172241,0.4941580891609192,0.019569845870137215,0.4961908459663391,0.38171932101249695,0.007790999952703714,0.469258576631546,0.31285691261291504,-0.010270591825246811,0.4487127959728241,0.25056639313697815,-0.02599211223423481,0.6062294840812683,0.4525390565395355,0.010284734889864922,0.5660697817802429,0.31170448660850525,0.0032434281893074512,0.5414282083511353,0.22707867622375488,-0.013772592879831791,0.521682858467102,0.15809866786003113,-0.0285227969288826,0.6663898229598999,0.44210293889045715,-0.007076223846524954,0.6405645608901978,0.30753904581069946,-0.02104380540549755,0.618510901927948,0.2294582724571228,-0.03473601117730141,0.5969176292419434,0.16215267777442932,-0.04620904475450516,0.7324662804603577,0.4546753168106079,-0.02850825898349285,0.7286437153816223,0.34424570202827454,-0.04271388798952103,0.7200274467468262,0.27514463663101196,-0.04819890484213829,0.7076958417892456,0.20914492011070251,-0.05313955992460251
HELLO,0.7352396845817566,0.813613772392273,6.027578365319641e-07,0.61373370885849,0.797248125076294,-0.03646861016750336,0.5136461853981018,0.7222253084182739,-0.048115406185388565,0.4486829340457916,0.6431376338005066,-0.05853356420993805,0.39460161328315735,0.5809178352355957,-0.06712953746318817,0.5658895969390869,0.5000740885734558,0.005954605061560869,0.5200913548469543,0.3797025680541992,-0.010224059224128723,0.4972701668739319,0.3070586621761322,-0.03098876215517521,0.48143646121025085,0.23999148607254028,-0.04847929626703262,0.625140368938446,0.46100014448165894,0.0010684900917112827,0.593722403049469,0.3132253885269165,-0.010135172866284847,0.5738376975059509,0.22382885217666626,-0.029323115944862366,0.5586749315261841,0.149985671043396,-0.04553566500544548,0.6847213506698608,0.4547435939311981,-0.01276311557739973,0.6674046516418457,0.312591016292572,-0.031867265701293945,0.6510428190231323,0.22908028960227966,-0.04905492812395096,0.6338186860084534,0.1559627652168274,-0.06246314197778702,0.7485211491584778,0.4726606607437134,-0.031235646456480026,0.7515519261360168,0.35924869775772095,-0.050803545862436295,0.7492609024047852,0.2866680324077606,-0.059899408370256424,0.7440451979637146,0.2164398729801178,-0.06694231927394867
HELLO,0.739503800868988,0.8424617052078247,5.845735699949728e-07,0.6133479475975037,0.8286194801330566,-0.02982451394200325,0.512593686580658,0.7467896342277527,-0.035544417798519135,0.45061641931533813,0.6600226163864136,-0.041569650173187256,0.39163610339164734,0.611506462097168,-0.04649295657873154,0.5541664958000183,0.5297508835792542,0.01956644468009472,0.5049132704734802,0.41347289085388184,0.008506858721375465,0.479097455739975,0.34334036707878113,-0.009930898435413837,0.4600204825401306,0.27609187364578247,-0.02658993937075138,0.6133095622062683,0.48839858174324036,0.0122304018586874,0.5738080739974976,0.34446150064468384,0.0060499608516693115,0.5523355603218079,0.2555142939090729,-0.011169133707880974,0.5365608334541321,0.18060749769210815,-0.02672337181866169,0.6738042235374451,0.4810636341571808,-0.004130021668970585,0.6486655473709106,0.34465304017066956,-0.019302330911159515,0.6286951899528503,0.26330864429473877,-0.03530966117978096,0.6084224581718445,0.18984943628311157,-0.048812106251716614,0.739552915096283,0.4956108331680298,-0.024997400119900703,0.734100878238678,0.38277995586395264,-0.04160581901669502,0.7269333004951477,0.31194695830345154,-0.04978364706039429,0.7170625925064087,0.24041104316711426,-0.05709584802389145
HELLO,0.7209222912788391,0.8579217195510864,5.12582801093231e-07,0.5973411798477173,0.8583189845085144,-0.0331207700073719,0.49096357822418213,0.779940128326416,-0.04129999503493309,0.4285091757774353,0.6916819214820862,-0.048361022025346756,0.3694608211517334,0.637750506401062,-0.05386589094996452,0.5268831253051758,0.5549977421760559,0.009737473912537098,0.4777137339115143,0.4396284222602844,-0.0032958569936454296,0.4504965543746948,0.3703593313694,-0.02291955053806305,0.4288235902786255,0.30755069851875305,-0.040202852338552475,0.5848857760429382,0.5112206935882568,0.004612434655427933,0.545901894569397,0.36895400285720825,-0.0034821205772459507,0.5228099226951599,0.28183647990226746,-0.021227916702628136,0.5055700540542603,0.21104875206947327,-0.03721686080098152,0.6444313526153564,0.5000606775283813,-0.00904214195907116,0.6174228191375732,0.36224788427352905,-0.024829963222146034,0.598715603351593,0.2812860310077667,-0.041418131440877914,0.5802984237670898,0.21061256527900696,-0.05527177080512047,0.709213376045227,0.5110640525817871,-0.027320412918925285,0.7023622393608093,0.3982212543487549,-0.04463651776313782,0.6942774653434753,0.32684993743896484,-0.05400695651769638,0.683764636516571,0.25835925340652466,-0.06185828521847725
HELLO,0.72987961769104,0.8319894075393677,6.219295869414054e-07,0.6049901843070984,0.8210840225219727,-0.02848788909614086,0.5056686997413635,0.7387436628341675,-0.032968923449516296,0.44606053829193115,0.6539613008499146,-0.038074832409620285,0.3892357051372528,0.6051156520843506,-0.04196830466389656,0.545687735080719,0.5207350850105286,0.021296244114637375,0.49673616886138916,0.40348702669143677,0.01183887105435133,0.4727550148963928,0.3323555588722229,-0.005276153329759836,0.4555057883262634,0.26555317640304565,-0.020799947902560234,0.6034868955612183,0.47987937927246094,0.013168759644031525,0.5664560794830322,0.33250153064727783,0.008456962183117867,0.5445920825004578,0.23991459608078003,-0.007613457273691893,0.5293899178504944,0.16623172163963318,-0.02216414362192154,0.6625663638114929,0.47288647294044495,-0.004006739240139723,0.6406852006912231,0.33145439624786377,-0.018098965287208557,0.6224142909049988,0.24718692898750305,-0.03463061526417732,0.6045491099357605,0.17313215136528015,-0.048354100435972214,0.726024329662323,0.4878477454185486,-0.025681665167212486,0.7234607934951782,0.3715950846672058,-0.042508650571107864,0.7169999480247498,0.29744404554367065,-0.05185320973396301,0.708336353302002,0.22348490357398987,-0.05982442572712898
HELLO,0.7324182987213135,0.854318380355835,5.244594944997516e-07,0.6037148833274841,0.85526442527771,-0.03167596459388733,0.49593204259872437,0.779586672782898,-0.03822778910398483,0.4306334853172302,0.693975031375885,-0.04442295432090759,0.3677905797958374,0.6443670392036438,-0.049288295209407806,0.5262280106544495,0.5592745542526245,0.01662871055305004,0.46919888257980347,0.4484674036502838,0.0052324989810585976,0.4365983009338379,0.3816342353820801,-0.014113890007138252,0.40926748514175415,0.3187558650970459,-0.0315757617354393,0.5830503702163696,0.5116562843322754,0.009685803204774857,0.5347998142242432,0.3720782399177551,0.0036819421220570803,0.5053291916847229,0.28564152121543884,-0.014057062566280365,0.48251017928123474,0.21647369861602783,-0.030370144173502922,0.6423762440681458,0.4977363646030426,-0.006285431329160929,0.608916163444519,0.3610781133174896,-0.0207062941044569,0.5846236944198608,0.2796884775161743,-0.03814088553190231,0.5601809024810791,0.2085857391357422,-0.05309801548719406,0.706912100315094,0.5050710439682007,-0.027004308998584747,0.6935542821884155,0.3918188810348511,-0.04369881749153137,0.6810591220855713,0.32022151350975037,-0.05345727130770683,0.666403591632843,0.2501654028892517,-0.06212058663368225
HELLO,0.759086012840271,0.8461432456970215,5.802073133054364e-07,0.6293094158172607,0.8314188718795776,-0.02871520444750786,0.5241559147834778,0.7480583190917969,-0.035046160221099854,0.4600861966609955,0.6583429574966431,-0.04205122962594032,0.4024154543876648,0.6024672985076904,-0.04769907891750336,0.5588303208351135,0.5302177667617798,0.017526274546980858,0.5053967237472534,0.41083061695098877,0.0030001814011484385,0.4773435592651367,0.3386346101760864,-0.017805784940719604,0.45609962940216064,0.2692216634750366,-0.03576317057013512,0.6177494525909424,0.4864329397678375,0.008276940323412418,0.5733283162117004,0.3399336338043213,-0.0012486489722505212,0.548122227191925,0.24776628613471985,-0.020619921386241913,0.5291800498962402,0.17115581035614014,-0.03731846436858177,0.6792362928390503,0.47744953632354736,-0.009801894426345825,0.6506803035736084,0.3369169235229492,-0.02685024030506611,0.6282653212547302,0.2513006329536438,-0.04353813827037811,0.6060141324996948,0.17579856514930725,-0.057201895862817764,0.7466865181922913,0.4909057021141052,-0.03230472654104233,0.7368195056915283,0.37242817878723145,-0.05033010616898537,0.7257031202316284,0.2971653342247009,-0.058955833315849304,0.7116953730583191,0.223484069108963,-0.06619953364133835
HELLO,0.7990219593048096,0.8985161781311035,5.887059160158969e-07,0.6706591844558716,0.8830248117446899,-0.038800615817308426,0.5587723851203918,0.7861698269844055,-0.05118497088551521,0.48825421929359436,0.6922868490219116,-0.06193407624959946,0.42360979318618774,0.6247982382774353,-0.07055995613336563,0.5856752991676331,0.5602177977561951,0.0013421638868749142,0.5299774408340454,0.43295013904571533,-0.018452709540724754,0.49835193157196045,0.3576846122741699,-0.04183167219161987,0.4726983308792114,0.2846561074256897,-0.06197645142674446,0.6479377150535583,0.5159453749656677,-0.005913104396313429,0.6013551950454712,0.35949283838272095,-0.02108551375567913,0.5741357803344727,0.2606140971183777,-0.04284960776567459,0.5512442588806152,0.17903807759284973,-0.06139594316482544,0.7135491967201233,0.5094279646873474,-0.022466864436864853,0.6808536648750305,0.35962769389152527,-0.04515983909368515,0.6587090492248535,0.26972058415412903,-0.06387926638126373,0.6351114511489868,0.1904369294643402,-0.07889148592948914,0.7844116687774658,0.5266193151473999,-0.044020846486091614,0.7698538899421692,0.40397292375564575,-0.06723641604185104,0.7581671476364136,0.3245314359664917,-0.07849400490522385,0.7436904907226562,0.24681401252746582,-0.08766596764326096
HELLO,0.8461154699325562,0.9512879252433777,5.605393766927591e-07,0.7190547585487366,0.9276760220527649,-0.043060798197984695,0.6142964363098145,0.8195576667785645,-0.06004258617758751,0.5489189624786377,0.7139495611190796,-0.07469135522842407,0.48308318853378296,0.6319478750228882,-0.08738712966442108,0.646095871925354,0.5922756195068359,-0.01192296203225851,0.5912309885025024,0.453694224357605,-0.03826019912958145,0.5576688647270203,0.3710992932319641,-0.06524178385734558,0.5301077365875244,0.2905631363391876,-0.08777296543121338,0.7109143733978271,0.5505704283714294,-0.019491763785481453,0.665941596031189,0.38290056586265564,-0.0409516766667366,0.6379894018173218,0.27681657671928406,-0.06647716462612152,0.6136130094528198,0.18470498919487,-0.08757679164409637,0.7785996794700623,0.5493345856666565,-0.035900820046663284,0.7478122115135193,0.3884219527244568,-0.06334488093852997,0.724736213684082,0.2885845899581909,-0.08448071777820587,0.6992552280426025,0.19829806685447693,-0.10124179720878601,0.8514657616615295,0.5745077729225159,-0.05735286325216293,0.8393483757972717,0.4447453022003174,-0.0847914069890976,0.8249927759170532,0.35795411467552185,-0.09798974543809891,0.8064337968826294,0.27377477288246155,-0.10837793350219727
HELLO,0.8648490905761719,1.028332233428955,5.292897640174488e-07,0.7474814057350159,0.9859364032745361,-0.04751194640994072,0.6526803374290466,0.8831937313079834,-0.07458394020795822,0.5890656113624573,0.7879502177238464,-0.0988483652472496,0.5245859026908875,0.7025402188301086,-0.12234197556972504,0.6879395246505737,0.6529920101165771,-0.03502306714653969,0.6323642730712891,0.5095642805099487,-0.07496656477451324,0.5931006669998169,0.42298296093940735,-0.11042149364948273,0.5612472295761108,0.34054750204086304,-0.13757893443107605,0.7532297372817993,0.6138912439346313,-0.04494407773017883,0.7076650857925415,0.4342852830886841,-0.07867193967103958,0.6752748489379883,0.320170134305954,-0.11192286759614944,0.6469883322715759,0.21967878937721252,-0.13748182356357574,0.8222237825393677,0.6190614700317383,-0.06250973045825958,0.7893294095993042,0.4444926083087921,-0.09846305102109909,0.7653020620346069,0.33703678846359253,-0.12326174974441528,0.7391176223754883,0.2421504557132721,-0.14166702330112457,0.8972799777984619,0.6568151712417603,-0.08482839912176132,0.8838226795196533,0.5237622261047363,-0.11813515424728394,0.8658373951911926,0.43577903509140015,-0.1319042146205902,0.8422179222106934,0.3565945625305176,-0.14164751768112183
HELLO,1.0488289594650269,0.8420843482017517,6.490318469332124e-07,0.9698967933654785,0.8559326529502869,-0.0841260552406311,0.8972154855728149,0.7948412299156189,-0.12412327527999878,0.851338267326355,0.7083989977836609,-0.14755785465240479,0.8180153369903564,0.6225504875183105,-0.16868235170841217,0.9314700961112976,0.6307925581932068,-0.1027306541800499,0.9068543314933777,0.5139173269271851,-0.13770060241222382,0.895280122756958,0.428762823343277,-0.162326842546463,0.890272855758667,0.36369678378105164,-0.17806148529052734,0.9800280928611755,0.6040854454040527,-0.07186218351125717,0.9566664099693298,0.4915961027145386,-0.09420345723628998,0.9382784962654114,0.4137057662010193,-0.10679769515991211,0.9267508387565613,0.3503665626049042,-0.1167028471827507,1.0243923664093018,0.6021948456764221,-0.04641427472233772,1.0158902406692505,0.5074800252914429,-0.06589633226394653,1.0041917562484741,0.44137465953826904,-0.07252279669046402,0.9968560338020325,0.38405635952949524,-0.0777030810713768,1.0636076927185059,0.6159681677818298,-0.02755233272910118,1.0609251260757446,0.543826162815094,-0.04747415706515312,1.0561916828155518,0.4969711899757385,-0.054130569100379944,1.0531232357025146,0.4543253779411316,-0.0572630912065506
HELLO,1.0303324460983276,0.8157511353492737,6.575646125384083e-07,0.9305563569068909,0.81409752368927,-0.04575462266802788,0.8318167328834534,0.7495728135108948,-0.062219515442848206,0.7598848938941956,0.6851180791854858,-0.07232457399368286,0.6988251209259033,0.6407182812690735,-0.08029556274414062,0.866960883140564,0.542335033416748,-0.01864742673933506,0.8283929824829102,0.42291513085365295,-0.03296860679984093,0.8062395453453064,0.3519948124885559,-0.05134044960141182,0.7862087488174438,0.2886759042739868,-0.06629041582345963,0.9201050400733948,0.5057056546211243,-0.012026626616716385,0.8934494256973267,0.36858320236206055,-0.01903589256107807,0.8739326000213623,0.28397271037101746,-0.03406396135687828,0.8565172553062439,0.21654918789863586,-0.04779646918177605,0.9727209210395813,0.4978402853012085,-0.012438151985406876,0.9610192179679871,0.3661407232284546,-0.02351154200732708,0.947529673576355,0.28792423009872437,-0.039215508848428726,0.931266188621521,0.2213146686553955,-0.0525403693318367,1.0252317190170288,0.5082072019577026,-0.0174430999904871,1.0250389575958252,0.4031376242637634,-0.029325151816010475,1.0224605798721313,0.33924829959869385,-0.03693976253271103,1.0180091857910156,0.2798019051551819,-0.04348882660269737
HELLO,1.028238296508789,0.788252592086792,6.421439593395917e-07,0.9148133397102356,0.784959077835083,-0.03027745522558689,0.8073805570602417,0.7318692207336426,-0.040865153074264526,0.7262362241744995,0.6842636466026306,-0.05112699419260025,0.6575666069984436,0.6631211638450623,-0.05971862003207207,0.8334293365478516,0.5220206379890442,0.01176519226282835,0.7783107161521912,0.40785837173461914,0.0024644138757139444,0.7473378777503967,0.33742809295654297,-0.013170259073376656,0.7205144166946411,0.2763269543647766,-0.026970406994223595,0.8836637735366821,0.48057135939598083,0.007957544177770615,0.8391546010971069,0.34370920062065125,0.005740457680076361,0.8116870522499084,0.2601407766342163,-0.006380581762641668,0.7896754145622253,0.19280636310577393,-0.017848877236247063,0.939751148223877,0.46613064408302307,-0.0037014849949628115,0.9041562080383301,0.33639058470726013,-0.009386387653648853,0.8800749778747559,0.2574418783187866,-0.021637175232172012,0.8560666441917419,0.18972474336624146,-0.033540140837430954,1.0009231567382812,0.47094324231147766,-0.01995638757944107,0.9889224767684937,0.36844587326049805,-0.026877321302890778,0.9721900820732117,0.302175372838974,-0.03165886551141739,0.9546185731887817,0.2393587827682495,-0.037071216851472855
HELLO,1.0265276432037354,0.7505493760108948,6.179441243148176e-07,0.9179213643074036,0.755010187625885,-0.030413608998060226,0.8080117702484131,0.7056620121002197,-0.04089069366455078,0.7232115268707275,0.6624196767807007,-0.05056687444448471,0.6521352529525757,0.6490733027458191,-0.058940500020980835,0.8270506858825684,0.49427422881126404,0.007072430104017258,0.7645305395126343,0.3842090368270874,-0.0023940100800246,0.7320238351821899,0.31757158041000366,-0.017030775547027588,0.7042396068572998,0.2584354877471924,-0.030281303450465202,0.879141628742218,0.45076003670692444,0.003503096289932728,0.827387273311615,0.31728285551071167,0.0016107812989503145,0.7973912954330444,0.23749619722366333,-0.009830351918935776,0.7728492617607117,0.17369961738586426,-0.02143900841474533,0.9384366273880005,0.43383103609085083,-0.007562099024653435,0.8975959420204163,0.3093109726905823,-0.013567255809903145,0.8692277669906616,0.23695966601371765,-0.0254073366522789,0.83955317735672,0.17570576071739197,-0.037506114691495895,1.0026214122772217,0.4358904957771301,-0.022921187803149223,0.9888086318969727,0.3370438814163208,-0.030455507338047028,0.9719941020011902,0.27593994140625,-0.03517582267522812,0.9528725743293762,0.21822667121887207,-0.040925733745098114
HELLO,1.0205464363098145,0.7267465591430664,6.37128891867178e-07,0.9134443402290344,0.7324799299240112,-0.03340193256735802,0.8050269484519958,0.6882189512252808,-0.04656954109668732,0.7201115489006042,0.6511389017105103,-0.05794959515333176,0.6496121287345886,0.6357671022415161,-0.06745962053537369,0.8189057111740112,0.47175049781799316,0.00023190451611299068,0.7564584016799927,0.36361759901046753,-0.010877692140638828,0.7235556840896606,0.29917311668395996,-0.025856908410787582,0.6955043077468872,0.24179750680923462,-0.03893943503499031,0.8718984127044678,0.42633718252182007,-0.0016000556061044335,0.8170133233070374,0.2965395450592041,-0.003947603050619364,0.7858278155326843,0.21873337030410767,-0.014144068583846092,0.7604122757911682,0.15674176812171936,-0.024669453501701355,0.9326869249343872,0.40804606676101685,-0.010893945582211018,0.8888526558876038,0.2903848886489868,-0.01645149104297161,0.8601012825965881,0.2215924859046936,-0.025765806436538696,0.8309445381164551,0.16342014074325562,-0.03600035980343819,0.9993221759796143,0.40814295411109924,-0.02483929507434368,0.9840530157089233,0.3139007091522217,-0.03095025196671486,0.9674120545387268,0.25749728083610535,-0.033559102565050125,0.9489354491233826,0.20520153641700745,-0.03759896010160446
HELLO,1.018868088722229,0.7279607057571411,6.214089580680593e-07,0.9135459065437317,0.7345714569091797,-0.035054899752140045,0.8030018210411072,0.6876158118247986,-0.047642916440963745,0.7177488803863525,0.6479781866073608,-0.057895299047231674,0.6474828720092773,0.6324023008346558,-0.0657612532377243,0.8158705234527588,0.4676051735877991,0.0023086906876415014,0.7522643804550171,0.35796064138412476,-0.006932485848665237,0.7195649743080139,0.2940407991409302,-0.02130194939672947,0.6921728253364563,0.23646226525306702,-0.034001611173152924,0.8676788210868835,0.4218960702419281,0.0025729278568178415,0.8127333521842957,0.29248934984207153,0.002998777199536562,0.7813543081283569,0.21526330709457397,-0.006038911174982786,0.7557759284973145,0.1544453501701355,-0.01589721068739891,0.9281554818153381,0.4030434489250183,-0.004906454123556614,0.8838056921958923,0.28592583537101746,-0.007350430823862553,0.8563522100448608,0.2179347276687622,-0.01541629433631897,0.8281335830688477,0.16162362694740295,-0.02506871335208416,0.994724452495575,0.4024074375629425,-0.01742570661008358,0.9785365462303162,0.309442400932312,-0.020543619990348816,0.9611878991127014,0.2551657259464264,-0.021954482421278954,0.9425199627876282,0.20557105541229248,-0.025297772139310837
HELLO,1.0240583419799805,0.7195917367935181,6.395647460522014e-07,0.9128433465957642,0.7294918298721313,-0.034403733909130096,0.8015432357788086,0.6825834512710571,-0.04549906402826309,0.7162140607833862,0.6416463851928711,-0.05454293265938759,0.646863579750061,0.6240304112434387,-0.06112024933099747,0.8173452615737915,0.4644260108470917,0.006919440813362598,0.7533841729164124,0.3538845479488373,-0.0008513343054801226,0.7212522029876709,0.28780895471572876,-0.014189844951033592,0.6942879557609558,0.2284143567085266,-0.026040859520435333,0.870395839214325,0.4181404411792755,0.0069428798742592335,0.8157351016998291,0.2862251400947571,0.008681129664182663,0.7847850322723389,0.2067951261997223,-0.00011612022353801876,0.7600958347320557,0.1439969539642334,-0.009680617600679398,0.9316675066947937,0.3987278938293457,-0.001070103608071804,0.8876265287399292,0.2808273732662201,-0.0027660378254950047,0.8582747578620911,0.21027925610542297,-0.012467842549085617,0.8297291994094849,0.1512340009212494,-0.023168357089161873,0.9990648031234741,0.3964768946170807,-0.014047612436115742,0.983566164970398,0.3011394739151001,-0.016820266842842102,0.9672139883041382,0.24310222268104553,-0.019291918724775314,0.9504253268241882,0.18883508443832397,-0.0235150083899498
HELLO,1.0174171924591064,0.7093404531478882,6.232363602975965e-07,0.9041584730148315,0.7227934002876282,-0.036008577793836594,0.7886645197868347,0.679634690284729,-0.04632945731282234,0.7028896808624268,0.639787495136261,-0.053705912083387375,0.6331572532653809,0.6225327253341675,-0.05890851095318794,0.8055561780929565,0.4593489468097687,0.003540359204635024,0.7404918074607849,0.34926706552505493,-0.003945121541619301,0.7089231610298157,0.2833559513092041,-0.01712350733578205,0.6819325685501099,0.2229439914226532,-0.02908172644674778,0.8592310547828674,0.40976768732070923,0.005164372269064188,0.8043166399002075,0.2792685627937317,0.0071647316217422485,0.7729517221450806,0.20011374354362488,-0.0009491282980889082,0.7482843995094299,0.13799148797988892,-0.010234941728413105,0.9210278987884521,0.3892635405063629,-0.0011861338280141354,0.8774501085281372,0.2729671597480774,-0.002638645702973008,0.8489758968353271,0.20435065031051636,-0.011295822449028492,0.8205150961875916,0.14567580819129944,-0.021411336958408356,0.9891141653060913,0.3872263431549072,-0.012548914179205894,0.9710947275161743,0.29467642307281494,-0.01604101061820984,0.9526557922363281,0.24053604900836945,-0.018094772472977638,0.9335775375366211,0.1886838972568512,-0.021846795454621315
HELLO,0.9881502389907837,0.7334775328636169,5.890821057619178e-07,0.8742176294326782,0.7359570860862732,-0.033143073320388794,0.7606761455535889,0.687714695930481,-0.04392717033624649,0.675200343132019,0.6494325399398804,-0.05366610735654831,0.6057051420211792,0.6342876553535461,-0.06152172386646271,0.7836874723434448,0.4626236855983734,0.009206303395330906,0.7180936932563782,0.3534834384918213,0.0010511199943721294,0.685158371925354,0.288781076669693,-0.014169508591294289,0.6568658351898193,0.22786715626716614,-0.028448039665818214,0.8366636633872986,0.414321631193161,0.007175527047365904,0.7806687355041504,0.2843931019306183,0.007188825868070126,0.7477641105651855,0.20515117049217224,-0.003896604524925351,0.7208274006843567,0.14043694734573364,-0.015942968428134918,0.897436261177063,0.39428988099098206,-0.0030552626121789217,0.8542512059211731,0.27414339780807495,-0.006892058998346329,0.8252339363098145,0.2053993046283722,-0.017736081033945084,0.7951619029045105,0.14845529198646545,-0.029536349698901176,0.9651567935943604,0.39304646849632263,-0.018392208963632584,0.9477323293685913,0.2977680563926697,-0.024304606020450592,0.925291121006012,0.24295759201049805,-0.02873118780553341,0.899863600730896,0.19353139400482178,-0.03449273109436035
HELLO,0.9710763692855835,0.7332102060317993,6.851068974356167e-07,0.8544775247573853,0.744047999382019,-0.03650477156043053,0.736660361289978,0.6995724439620972,-0.04952911287546158,0.64808589220047,0.6593813896179199,-0.06116137281060219,0.5747263431549072,0.640914261341095,-0.06989727169275284,0.7494920492172241,0.4673345386981964,0.012063924223184586,0.6842541694641113,0.35829687118530273,0.004462964832782745,0.6526499390602112,0.29248809814453125,-0.010122879408299923,0.6269915103912354,0.23204535245895386,-0.023680439218878746,0.8024002909660339,0.417336106300354,0.010558968409895897,0.7459120750427246,0.2859433591365814,0.011285743676126003,0.7148938775062561,0.20610311627388,0.001729921204969287,0.6896668076515198,0.14153897762298584,-0.008485467173159122,0.8632931113243103,0.3960287868976593,-0.0001526879204902798,0.8139640688896179,0.27384746074676514,-0.005547343287616968,0.7844454050064087,0.20634013414382935,-0.014264780096709728,0.7554936408996582,0.14934557676315308,-0.02363635040819645,0.9313910007476807,0.3929906189441681,-0.01636466756463051,0.9072622060775757,0.29630744457244873,-0.024407994002103806,0.8852366209030151,0.2369023561477661,-0.02836940810084343,0.8630141615867615,0.17900747060775757,-0.032908227294683456
HELLO,0.9408782720565796,0.7276025414466858,6.517961992358323e-07,0.8213766813278198,0.7371426224708557,-0.03524819388985634,0.7016467452049255,0.6895149946212769,-0.04631733149290085,0.6145291328430176,0.643383264541626,-0.056297410279512405,0.5441337823867798,0.6248613595962524,-0.06380024552345276,0.7272077202796936,0.4568312466144562,0.014674926176667213,0.6651952862739563,0.34614720940589905,0.007873688824474812,0.6350865364074707,0.27882683277130127,-0.006327536888420582,0.6114897131919861,0.21822765469551086,-0.019688870757818222,0.7817487716674805,0.4111554026603699,0.012526391074061394,0.726293683052063,0.27822548151016235,0.012628456577658653,0.6958109736442566,0.19842788577079773,0.00253702187910676,0.6698650121688843,0.13285967707633972,-0.007980309426784515,0.8423243761062622,0.3926514983177185,0.0010535434121266007,0.7935751676559448,0.2686360478401184,-0.006511083338409662,0.7626469135284424,0.19763830304145813,-0.01662292703986168,0.7319409251213074,0.1387285590171814,-0.02635681815445423,0.9108683466911316,0.38955163955688477,-0.01567268744111061,0.885872483253479,0.28635263442993164,-0.025010723620653152,0.8654778599739075,0.2257673144340515,-0.028926271945238113,0.8433554172515869,0.1690235733985901,-0.033411938697099686
HELLO,0.9106165766716003,0.7336080074310303,5.926530093347537e-07,0.7944455146789551,0.7370872497558594,-0.03396247699856758,0.6760908365249634,0.6821210980415344,-0.045643001794815063,0.5907774567604065,0.6380573511123657,-0.05636980012059212,0.5227285027503967,0.6174890995025635,-0.06567984819412231,0.7075203061103821,0.44920802116394043,0.00553646357730031,0.6470765471458435,0.3405010998249054,-0.005436551757156849,0.6176975965499878,0.27289241552352905,-0.02213389053940773,0.5958493947982788,0.21176886558532715,-0.03766676038503647,0.7618733048439026,0.4052577316761017,0.0012600781628862023,0.7088992595672607,0.2729361057281494,-0.0035322466865181923,0.6803906559944153,0.19276538491249084,-0.017291344702243805,0.6569779515266418,0.12504982948303223,-0.030724437907338142,0.8224439024925232,0.38978713750839233,-0.01140505913645029,0.7770252823829651,0.26489806175231934,-0.02322174236178398,0.7487183809280396,0.1921943724155426,-0.0370185449719429,0.7195723056793213,0.12855324149131775,-0.04992404952645302,0.8902791738510132,0.39344751834869385,-0.02878139540553093,0.8702560067176819,0.29437556862831116,-0.04293807968497276,0.8529551029205322,0.23303169012069702,-0.05047738552093506,0.8328465223312378,0.17420130968093872,-0.05783288925886154
HELLO,0.880974531173706,0.7389270067214966,6.472168365689868e-07,0.7665857672691345,0.7389727830886841,-0.033283643424510956,0.6471894383430481,0.6832776069641113,-0.04445435106754303,0.5612626075744629,0.6381443738937378,-0.05481961369514465,0.49281826615333557,0.6139705181121826,-0.06336911767721176,0.6759917140007019,0.45203161239624023,0.008252059109508991,0.61778324842453,0.33993592858314514,-0.0013538849307224154,0.5901839733123779,0.2708902359008789,-0.016895867884159088,0.5698593854904175,0.20843082666397095,-0.03137042000889778,0.7310434579849243,0.40858277678489685,0.0035450418945401907,0.6805816292762756,0.2735931873321533,0.0011139513226225972,0.6550886034965515,0.19152364134788513,-0.010693054646253586,0.6349393129348755,0.12313249707221985,-0.022793669253587723,0.7927650213241577,0.3935205638408661,-0.00977780856192112,0.7514312863349915,0.26685789227485657,-0.01956123486161232,0.7285293340682983,0.19228476285934448,-0.03128591179847717,0.7049880027770996,0.12626704573631287,-0.042770419269800186,0.8604346513748169,0.3975563943386078,-0.028059372678399086,0.8432545065879822,0.29543495178222656,-0.04009581357240677,0.8322415351867676,0.2306995689868927,-0.0459044985473156,0.8196151852607727,0.16684716939926147,-0.052044108510017395
HELLO,0.8636850118637085,0.735275149345398,6.855296987851034e-07,0.7456311583518982,0.737421452999115,-0.03645850718021393,0.6266803741455078,0.6815330386161804,-0.047803863883018494,0.540630578994751,0.6327077150344849,-0.05797186866402626,0.47121861577033997,0.6080749034881592,-0.06591396778821945,0.6556984186172485,0.45068666338920593,0.010380481369793415,0.5952403545379639,0.33808183670043945,0.0012344716815277934,0.5659290552139282,0.2690353989601135,-0.0139719657599926,0.5447352528572083,0.20625323057174683,-0.027803674340248108,0.7106437087059021,0.4051494598388672,0.007781865540891886,0.6596493721008301,0.26845747232437134,0.006998523138463497,0.633776843547821,0.18574190139770508,-0.0031076259911060333,0.6133829355239868,0.11693057417869568,-0.013600291684269905,0.772757887840271,0.3875414729118347,-0.004201160278171301,0.731395959854126,0.25906825065612793,-0.012709327973425388,0.7076341509819031,0.184647798538208,-0.02253997139632702,0.6840906143188477,0.119788259267807,-0.03221779689192772,0.8411856889724731,0.38926929235458374,-0.021746957674622536,0.824978232383728,0.28680163621902466,-0.03225289657711983,0.8146815299987793,0.22278177738189697,-0.03636013716459274,0.8034368753433228,0.1601199209690094,-0.04087222367525101
HELLO,0.856646716594696,0.7293068170547485,6.79491108712682e-07,0.7362898588180542,0.7306529879570007,-0.03774792701005936,0.6190414428710938,0.6763669848442078,-0.05039291828870773,0.5338839888572693,0.628606379032135,-0.06185729429125786,0.4648548364639282,0.6043359041213989,-0.07122300565242767,0.6467945575714111,0.442789763212204,0.008716831915080547,0.5850492119789124,0.3305591940879822,-0.002196174580603838,0.5540743470191956,0.2622632086277008,-0.018861673772335052,0.5309069156646729,0.20064157247543335,-0.033661797642707825,0.7018409371376038,0.39605915546417236,0.005899237003177404,0.6509044766426086,0.2585793435573578,0.0025168226566165686,0.6231769323348999,0.1753285825252533,-0.009962677024304867,0.6009810566902161,0.10644704103469849,-0.02205805480480194,0.763760507106781,0.3780212998390198,-0.006342942826449871,0.7231338024139404,0.25005966424942017,-0.016906658187508583,0.6982279419898987,0.17548438906669617,-0.028516452759504318,0.6739205718040466,0.11074194312095642,-0.03922223299741745,0.8320796489715576,0.3796203136444092,-0.024157268926501274,0.8157020211219788,0.2768736183643341,-0.03590421751141548,0.8035644888877869,0.2121264934539795,-0.040797241032123566,0.7909693717956543,0.1489194631576538,-0.04582037404179573
HELLO,0.859032154083252,0.7322238683700562,6.638786089752102e-07,0.7392316460609436,0.7327654957771301,-0.03668785095214844,0.6212061643600464,0.6756899356842041,-0.04979240149259567,0.5350147485733032,0.6266346573829651,-0.062001921236515045,0.46498021483421326,0.6050300598144531,-0.07236837595701218,0.646487295627594,0.44220826029777527,0.007135249208658934,0.5838345885276794,0.3279118537902832,-0.0051203020848333836,0.5514012575149536,0.2586967349052429,-0.022762972861528397,0.5266386866569519,0.19620835781097412,-0.03848685324192047,0.7022493481636047,0.39391669631004333,0.00275942450389266,0.6497344970703125,0.2548087537288666,-0.00226538791321218,0.6207502484321594,0.17056211829185486,-0.016151433810591698,0.5968479514122009,0.10010412335395813,-0.02928517945110798,0.7651729583740234,0.3749551475048065,-0.010659978725016117,0.7228708863258362,0.24393613636493683,-0.022420695051550865,0.697300136089325,0.1669934093952179,-0.03438134863972664,0.6715840697288513,0.09975945949554443,-0.045485757291316986,0.8344165682792664,0.3769569396972656,-0.029455017298460007,0.8168022632598877,0.2728361487388611,-0.0419217124581337,0.8042141795158386,0.2066250443458557,-0.04664387181401253,0.7906335592269897,0.1425856351852417,-0.05161809176206589
HELLO,0.8599419593811035,0.7334253191947937,6.581396405636042e-07,0.7366597652435303,0.7333312630653381,-0.039212703704833984,0.6189073920249939,0.6775414943695068,-0.053470443934202194,0.5323633551597595,0.6244971752166748,-0.06647013872861862,0.4618088901042938,0.5980554223060608,-0.07761739194393158,0.6473910212516785,0.44372063875198364,0.0066361078061163425,0.5847238302230835,0.32755494117736816,-0.006186303216964006,0.551481306552887,0.25777894258499146,-0.024541081860661507,0.5256102681159973,0.19500544667243958,-0.04085211828351021,0.7032927870750427,0.39571988582611084,0.003151450539007783,0.6513326168060303,0.25412654876708984,-0.002930285641923547,0.621595025062561,0.1698223352432251,-0.017607558518648148,0.5966992378234863,0.09955349564552307,-0.031364236027002335,0.7652080059051514,0.3767651915550232,-0.009841353632509708,0.7227647304534912,0.24346324801445007,-0.02281554974615574,0.6957160830497742,0.16606608033180237,-0.03593388944864273,0.6686758399009705,0.09859234094619751,-0.04787800833582878,0.8337262868881226,0.3773227334022522,-0.02840922400355339,0.8147074580192566,0.27143770456314087,-0.04245026409626007,0.8007628917694092,0.20437458157539368,-0.04855469986796379,0.7856167554855347,0.13961106538772583,-0.05458049848675728
HELLO,0.8591800928115845,0.7330871820449829,6.946783628336561e-07,0.738551914691925,0.732702374458313,-0.04298017546534538,0.6221984028816223,0.6761584281921387,-0.05970736965537071,0.5354976654052734,0.6231523156166077,-0.07445982843637466,0.4626700282096863,0.5931987166404724,-0.08704600483179092,0.647682785987854,0.44076672196388245,0.002482994692400098,0.5846937298774719,0.32558029890060425,-0.012171834707260132,0.5508965253829956,0.25594237446784973,-0.03183916583657265,0.5247902274131775,0.19157740473747253,-0.04898701608181,0.7040188312530518,0.39310991764068604,0.00044776269351132214,0.6515039205551147,0.25284790992736816,-0.006778222043067217,0.6218777894973755,0.16763120889663696,-0.02214829996228218,0.5970982909202576,0.0948270857334137,-0.03644570708274841,0.7665576934814453,0.3746485412120819,-0.011377530172467232,0.7244310975074768,0.2428768426179886,-0.02548101358115673,0.6976720094680786,0.1650751829147339,-0.0383637435734272,0.6704000234603882,0.09557577967643738,-0.04994003474712372,0.8352220058441162,0.37591060996055603,-0.029133260250091553,0.8150815367698669,0.27001523971557617,-0.043791938573122025,0.8014581799507141,0.2031707465648651,-0.049521543085575104,0.7863230109214783,0.13788342475891113,-0.05512625351548195
HELLO,0.860379159450531,0.7289441823959351,6.56594806969224e-07,0.7395681738853455,0.729172945022583,-0.041633158922195435,0.6222983598709106,0.669525682926178,-0.057606667280197144,0.5361367464065552,0.6083149313926697,-0.07166020572185516,0.46406927704811096,0.571347177028656,-0.08367961645126343,0.6458436846733093,0.4394468069076538,0.0007873940048739314,0.5826054811477661,0.3235125243663788,-0.014709731563925743,0.5483667254447937,0.2537904977798462,-0.03405480086803436,0.5217754244804382,0.1891205906867981,-0.05105544999241829,0.7025146484375,0.3903743624687195,-0.002149459905922413,0.6495779156684875,0.24893969297409058,-0.01124608889222145,0.6200165152549744,0.16308534145355225,-0.02727389894425869,0.5951382517814636,0.09041103720664978,-0.04182879999279976,0.7656483054161072,0.37177926301956177,-0.014584746211767197,0.7241910099983215,0.2379172444343567,-0.03140420839190483,0.6971790194511414,0.15789571404457092,-0.04650215432047844,0.669356644153595,0.08697611093521118,-0.05922098457813263,0.8351458311080933,0.3724527060985565,-0.03241904824972153,0.814292311668396,0.26352185010910034,-0.05041739344596863,0.7985712885856628,0.19375598430633545,-0.0590287484228611,0.7806156873703003,0.12615138292312622,-0.06642000377178192
HELLO,0.8664407730102539,0.7332367897033691,6.283004267970682e-07,0.742235004901886,0.7295491695404053,-0.03999099135398865,0.6265741586685181,0.6636934280395508,-0.05626077950000763,0.5420764088630676,0.5949996113777161,-0.07084198296070099,0.4705044627189636,0.5541353225708008,-0.0840129479765892,0.647984504699707,0.4455316960811615,-0.0027954215183854103,0.583269476890564,0.3298240900039673,-0.02193227969110012,0.5481579303741455,0.2598940432071686,-0.043403223156929016,0.5200175046920776,0.19274112582206726,-0.061543844640254974,0.7056663632392883,0.3942047357559204,-0.007417583372443914,0.6528217196464539,0.251308798789978,-0.020556997507810593,0.6214891076087952,0.16427451372146606,-0.039097610861063004,0.5935351848602295,0.09007924795150757,-0.05523209646344185,0.768999457359314,0.37517112493515015,-0.02103949710726738,0.7262318134307861,0.23722824454307556,-0.040706612169742584,0.6967359781265259,0.1560896933078766,-0.0572151318192482,0.6669330596923828,0.08496701717376709,-0.07053211331367493,0.8374632596969604,0.375604510307312,-0.039647504687309265,0.811919093132019,0.2611178457736969,-0.05998964607715607,0.7929558753967285,0.18626824021339417,-0.06974741071462631,0.772207498550415,0.1143898069858551,-0.07766566425561905
HELLO,0.8784143328666687,0.7350590229034424,5.662970465891703e-07,0.7549456357955933,0.7301517724990845,-0.03864169493317604,0.6402611136436462,0.6625335216522217,-0.053014811128377914,0.5591139197349548,0.5869659185409546,-0.06610868871212006,0.49223625659942627,0.5260993242263794,-0.07714021950960159,0.6589272618293762,0.45136889815330505,0.0031621200032532215,0.5954098105430603,0.3369697332382202,-0.017074501141905785,0.5607977509498596,0.26922306418418884,-0.04027355834841728,0.5321086645126343,0.20164930820465088,-0.05948846787214279,0.7147589325904846,0.3999252915382385,-0.0016992950113490224,0.6612966060638428,0.2607361674308777,-0.01676878333091736,0.6293655633926392,0.17411458492279053,-0.03764401748776436,0.6002892255783081,0.09879618883132935,-0.055313948541879654,0.7766419649124146,0.380872517824173,-0.01592569798231125,0.7329738140106201,0.2452366203069687,-0.03699289634823799,0.7025306820869446,0.16583776473999023,-0.05440958961844444,0.6712646484375,0.09600353240966797,-0.0679251030087471,0.8447604775428772,0.3806294798851013,-0.03509775921702385,0.8140055537223816,0.2655884623527527,-0.0559864416718483,0.7908148765563965,0.1919587254524231,-0.06620995700359344,0.7651295065879822,0.12015336751937866,-0.07432221621274948
HELLO,0.8867998719215393,0.7383561134338379,1.220857086536853e-07,0.7631778120994568,0.723900556564331,-0.029343394562602043,0.6576935052871704,0.6607142686843872,-0.036044973880052567,0.5918323993682861,0.560431718826294,-0.04386306181550026,0.545179009437561,0.4743092954158783,-0.047434452921152115,0.6753173470497131,0.4742744565010071,0.028178418055176735,0.6259579062461853,0.3873898983001709,0.01278177835047245,0.6006710529327393,0.3433569669723511,-0.012626595795154572,0.5810840725898743,0.31147876381874084,-0.03312253579497337,0.7226499915122986,0.43239909410476685,0.026858331635594368,0.6700897216796875,0.3187035620212555,0.012015626765787601,0.6416832804679871,0.2809031307697296,-0.015453764237463474,0.630236029624939,0.28474161028862,-0.0357365682721138,0.779313325881958,0.41373735666275024,0.017337553203105927,0.7360790371894836,0.2914762496948242,-0.004657448269426823,0.7098479270935059,0.2625916600227356,-0.0274297334253788,0.7045619487762451,0.29998987913131714,-0.04023481905460358,0.8473218083381653,0.4077645540237427,0.003914686851203442,0.8246178030967712,0.3058029115200043,-0.019250700250267982,0.7958275079727173,0.2634736895561218,-0.03613321855664253,0.7776317000389099,0.2750077545642853,-0.04485754668712616
HELLO,0.8894752264022827,0.7391185164451599,-3.956224645662587e-07,0.7737727165222168,0.7311947345733643,-0.027000756934285164,0.6675925254821777,0.6572202444076538,-0.0369679220020771,0.6022502183914185,0.5614659786224365,-0.053041331470012665,0.5673641562461853,0.46640676259994507,-0.06498534977436066,0.6887861490249634,0.49617987871170044,0.03406023606657982,0.6451593041419983,0.3974387049674988,-0.004566483665257692,0.6274240016937256,0.4114834666252136,-0.03902751952409744,0.634351372718811,0.4514560103416443,-0.05693976581096649,0.7328314185142517,0.4545117914676666,0.02553407847881317,0.6809908747673035,0.32092514634132385,-0.01716424711048603,0.6649316549301147,0.35702985525131226,-0.04966357722878456,0.6781338453292847,0.4224906265735626,-0.06164496764540672,0.7865645289421082,0.4306575357913971,0.006855759769678116,0.7405713796615601,0.2970516085624695,-0.03538752719759941,0.7284713983535767,0.3495725393295288,-0.05245145782828331,0.747020959854126,0.4240751266479492,-0.05213562771677971,0.853489339351654,0.41853001713752747,-0.015281355008482933,0.8102925419807434,0.3187927007675171,-0.044618070125579834,0.7921823263168335,0.3552933931350708,-0.05117816478013992,0.8001354932785034,0.42100682854652405,-0.04842882975935936
HELLO,0.9023796916007996,0.7550150156021118,-8.73065118867089e-07,0.7772953510284424,0.7298822402954102,-0.015265736728906631,0.6766844391822815,0.6649051308631897,-0.023885907605290413,0.6201856732368469,0.5701584815979004,-0.04149267077445984,0.5954625606536865,0.4761003851890564,-0.05361619219183922,0.6998106837272644,0.5036718249320984,0.04392712563276291,0.657016396522522,0.4144848585128784,-0.0009628853294998407,0.6792800426483154,0.4845171272754669,-0.03735298663377762,0.7113640904426575,0.5535688996315002,-0.05381448194384575,0.7477449178695679,0.47348952293395996,0.031286049634218216,0.7019559144973755,0.37531888484954834,-0.01747901737689972,0.7285099029541016,0.47668206691741943,-0.04281648248434067,0.761267900466919,0.5573089122772217,-0.045009415596723557,0.8031045794487,0.4533228874206543,0.008931990712881088,0.7545037865638733,0.3527635931968689,-0.037825629115104675,0.7733403444290161,0.4602743089199066,-0.03416304662823677,0.8025336265563965,0.5460523366928101,-0.014759326353669167,0.8686479330062866,0.44521570205688477,-0.01603064313530922,0.816612184047699,0.368508905172348,-0.04440818727016449,0.8182597160339355,0.4465115964412689,-0.032963234931230545,0.8369590640068054,0.5180032253265381,-0.013310777954757214
HELLO,0.9360420107841492,0.7617082595825195,-9.029168381857744e-07,0.8159139156341553,0.7537685632705688,-0.02233508601784706,0.7110394835472107,0.6868427395820618,-0.03312605991959572,0.652228593826294,0.5834752321243286,-0.0509701669216156,0.6387757062911987,0.4800351858139038,-0.062136534601449966,0.7335134148597717,0.5324860215187073,0.03907107561826706,0.6907024383544922,0.4477000832557678,-0.009080754593014717,0.716131329536438,0.5228781700134277,-0.04420070722699165,0.7473981976509094,0.5903011560440063,-0.05909734591841698,0.7855224013328552,0.5047047138214111,0.030489398166537285,0.7394364476203918,0.4198013246059418,-0.02277074195444584,0.771022379398346,0.5277268886566162,-0.0458177886903286,0.8040800094604492,0.6065094470977783,-0.04482119902968407,0.842491090297699,0.48684215545654297,0.01129114255309105,0.7943236827850342,0.4017162024974823,-0.041330061852931976,0.8181725740432739,0.5192171335220337,-0.0343119353055954,0.8462591171264648,0.6054858565330505,-0.010571076534688473,0.9097167253494263,0.47860831022262573,-0.010710809379816055,0.8587019443511963,0.4181867837905884,-0.0421331562101841,0.8631463050842285,0.500701904296875,-0.030002156272530556,0.8806396722793579,0.5683505535125732,-0.008851619437336922
HELLO,0.962494969367981,0.7941945195198059,-9.468182611271914e-07,0.8472355604171753,0.7853949666023254,-0.019963810220360756,0.7458025217056274,0.7056100368499756,-0.02682437375187874,0.6944091320037842,0.5933136940002441,-0.04094468057155609,0.683770477771759,0.49101442098617554,-0.04860388860106468,0.7701427936553955,0.5555962324142456,0.03941470384597778,0.729434609413147,0.46509337425231934,-0.008098995313048363,0.7543871402740479,0.5480219125747681,-0.04038996249437332,0.7831639647483826,0.6181339621543884,-0.0530669242143631,0.8233035206794739,0.5306372046470642,0.029479864984750748,0.7786363959312439,0.4383559226989746,-0.024752171710133553,0.8083485960960388,0.5520682334899902,-0.04574992507696152,0.8406097292900085,0.6285758018493652,-0.04221851006150246,0.8815153241157532,0.5167714357376099,0.009205280803143978,0.8385156989097595,0.4335213899612427,-0.046486128121614456,0.8630375266075134,0.5590289831161499,-0.03762947767972946,0.8889399766921997,0.6421663165092468,-0.011447131633758545,0.9496249556541443,0.5128886699676514,-0.01330852136015892,0.903493344783783,0.44955068826675415,-0.04605652391910553,0.9091914296150208,0.5376474261283875,-0.031706903129816055,0.9250105023384094,0.6031123995780945,-0.0085176145657897
HELLO,0.9706142544746399,0.8013139963150024,-9.266732945434342e-07,0.8597081303596497,0.7917271852493286,-0.022856757044792175,0.7587118744850159,0.7131257057189941,-0.03248821198940277,0.7106020450592041,0.5998345017433167,-0.047852225601673126,0.6992225646972656,0.499970406293869,-0.05655378848314285,0.7814602851867676,0.5588105320930481,0.028853096067905426,0.7474507093429565,0.46624159812927246,-0.0195979755371809,0.7718657851219177,0.5453542470932007,-0.05265544354915619,0.7987858653068542,0.618890643119812,-0.0659341812133789,0.8376979231834412,0.5360260605812073,0.02084987796843052,0.8008435964584351,0.44871610403060913,-0.0336906723678112,0.8298966884613037,0.5632554292678833,-0.054549552500247955,0.8575822710990906,0.6436496376991272,-0.052154965698719025,0.8971297740936279,0.5250921249389648,0.0030695991590619087,0.8590245246887207,0.43998897075653076,-0.052781153470277786,0.8803580403327942,0.5665483474731445,-0.04353584721684456,0.9011141657829285,0.653180718421936,-0.01806292124092579,0.9646382927894592,0.5251343250274658,-0.016934305429458618,0.9239444136619568,0.46299004554748535,-0.05212559178471565,0.9272098541259766,0.5529436469078064,-0.03893764689564705,0.9378514885902405,0.6217443943023682,-0.01654404029250145
YES,0.5857157707214355,0.8885657787322998,-9.521862125438929e-07,0.5712995529174805,0.7353057265281677,-0.0009027828928083181,0.624215304851532,0.6144273281097412,0.0035810018889606,0.6821727752685547,0.5268471240997314,0.009465093724429607,0.6982203722000122,0.45522361993789673,0.017249422147870064,0.7319655418395996,0.6332886815071106,0.0022096922621130943,0.7415696382522583,0.5852757096290588,0.014269743114709854,0.6995313167572021,0.603006899356842,0.020565401762723923,0.672827959060669,0.6371085047721863,0.023597214370965958,0.7684934735298157,0.7173235416412354,0.003055400447919965,0.7638751864433289,0.6746178269386292,0.028803154826164246,0.7302287220954895,0.6842882633209229,0.03532242402434349,0.7091054916381836,0.7104535698890686,0.03097178414463997,0.7844377756118774,0.8011612296104431,0.005979754030704498,0.7767244577407837,0.7554352283477783,0.022999681532382965,0.7470676898956299,0.7599775791168213,0.02762284129858017,0.7255187034606934,0.7818747162818909,0.022889116778969765,0.7858307957649231,0.8745694160461426,0.009991452097892761,0.782992959022522,0.835176944732666,0.022267330437898636,0.7532709836959839,0.8346589207649231,0.03501662611961365,0.7329092621803284,0.8515700101852417,0.0418485663831234
YES,0.5607462525367737,0.7164596319198608,-7.090606004567235e-07,0.5667479038238525,0.5644517540931702,-0.007641918957233429,0.6224243640899658,0.4565111994743347,-0.016047904267907143,0.6702020764350891,0.36623892188072205,-0.023203827440738678,0.6730371117591858,0.28018343448638916,-0.02922496199607849,0.7515474557876587,0.47411859035491943,-0.008151855319738388,0.738296627998352,0.4828151762485504,-0.006947685033082962,0.7013852596282959,0.5149266719818115,-0.013809490017592907,0.6743437647819519,0.5373592972755432,-0.02157188579440117,0.7826293110847473,0.556033730506897,-0.009968672879040241,0.7518173456192017,0.5498560070991516,0.006143377628177404,0.7164692878723145,0.5700199007987976,0.0040845610201358795,0.692847728729248,0.5923089981079102,-0.006630302406847477,0.7866439819335938,0.6426150798797607,-0.009634986519813538,0.7584018111228943,0.6225770115852356,0.002349250018596649,0.7263600826263428,0.6353514790534973,0.008076926693320274,0.7008929252624512,0.6533429622650146,0.0037994738668203354,0.7799984812736511,0.7200556993484497,-0.009960439056158066,0.7583844065666199,0.697814404964447,-0.0003352922503836453,0.7270994186401367,0.7030279040336609,0.013179146684706211,0.7054293751716614,0.7135693430900574,0.020695794373750687
YES,0.5620138049125671,0.6175057291984558,-7.13975680355361e-07,0.5715373754501343,0.4731719493865967,-0.009785552509129047,0.6253524422645569,0.3618730902671814,-0.02142460085451603,0.6667569279670715,0.27581530809402466,-0.032957058399915695,0.6652241945266724,0.19623860716819763,-0.0436234250664711,0.7579919695854187,0.3881571888923645,-0.012823408469557762,0.7430793046951294,0.39343535900115967,-0.02512071467936039,0.7039282321929932,0.4264301657676697,-0.04227133467793465,0.6725283265113831,0.44937270879745483,-0.05484224855899811,0.7853793501853943,0.47351354360580444,-0.01752515882253647,0.7497292160987854,0.46968838572502136,-0.014859730377793312,0.7116971611976624,0.4901588261127472,-0.02337283082306385,0.6851105093955994,0.5141721367835999,-0.035272806882858276,0.7877098321914673,0.5615131258964539,-0.02150757983326912,0.751897931098938,0.5516741871833801,-0.01951102912425995,0.7190330028533936,0.564230740070343,-0.016896165907382965,0.6918768286705017,0.5820741653442383,-0.02021920680999756,0.7785370349884033,0.6402660608291626,-0.02692498452961445,0.7479010224342346,0.6314100623130798,-0.02414504438638687,0.7165322303771973,0.638103723526001,-0.013396396301686764,0.6936982870101929,0.649092972278595,-0.0058864085003733635
YES,0.5514588356018066,0.5454885959625244,-6.906769272063684e-07,0.5678569078445435,0.4044673442840576,-0.004198909737169743,0.6234181523323059,0.29417896270751953,-0.011786635033786297,0.6684883832931519,0.2085747867822647,-0.020219989120960236,0.6612294912338257,0.13281026482582092,-0.027936046943068504,0.7556310892105103,0.30987849831581116,-0.002959638135507703,0.7461991310119629,0.3546927869319916,-0.0071861944161355495,0.7117265462875366,0.38613617420196533,-0.018308615311980247,0.6810091733932495,0.39489543437957764,-0.028921375051140785,0.7834807634353638,0.3943183720111847,-0.010369665920734406,0.7652016282081604,0.4254886507987976,-0.0020240056328475475,0.729826807975769,0.4439186155796051,-0.008064410649240017,0.6987422108650208,0.453462690114975,-0.019567063078284264,0.7884429693222046,0.4831460118293762,-0.01678377576172352,0.7728850841522217,0.5044041872024536,-0.010822724550962448,0.7389110326766968,0.5163049101829529,-0.006965581327676773,0.707034170627594,0.5207894444465637,-0.010515261441469193,0.7812246680259705,0.5664972066879272,-0.02440139837563038,0.7792492508888245,0.5860852599143982,-0.01796368882060051,0.7459751963615417,0.5930370092391968,-0.005949641112238169,0.7189082503318787,0.5921272039413452,0.0010442405473440886
YES,0.5576216578483582,0.5355212688446045,-6.702804284941521e-07,0.5706543922424316,0.39299026131629944,-0.005001658108085394,0.6244968175888062,0.2885734438896179,-0.013607680797576904,0.6699175238609314,0.19981636106967926,-0.022677334025502205,0.662156343460083,0.11908495426177979,-0.031221015378832817,0.7529332041740417,0.2986544072628021,-0.004694393835961819,0.7508566975593567,0.34836065769195557,-0.007644799072295427,0.7192935347557068,0.3774877190589905,-0.017185773700475693,0.6910736560821533,0.383551687002182,-0.027425037696957588,0.7838059663772583,0.3806157410144806,-0.010988366790115833,0.7660834193229675,0.41710564494132996,-0.0003260047815274447,0.7316172122955322,0.4345708191394806,-0.004644753877073526,0.7029962539672852,0.4433628022670746,-0.0160310510545969,0.7912501096725464,0.4673495292663574,-0.0162481889128685,0.7743985056877136,0.4914897084236145,-0.0077420808374881744,0.7404612302780151,0.502299964427948,-0.0024899994023144245,0.7102365493774414,0.5061600208282471,-0.006537965033203363,0.7855455875396729,0.5500271916389465,-0.022914819419384003,0.7759749889373779,0.5719636678695679,-0.014861954376101494,0.7420808672904968,0.5780575275421143,-0.0031715736258774996,0.7155275344848633,0.5762532353401184,0.0027645861264318228
YES,0.5571362376213074,0.5487387180328369,-7.258659024955705e-07,0.5710629820823669,0.4003402888774872,-0.007413764018565416,0.6262436509132385,0.29161685705184937,-0.017008598893880844,0.6708768010139465,0.20211854577064514,-0.026709163561463356,0.6634780168533325,0.12127217650413513,-0.03592662140727043,0.7587345838546753,0.3090333044528961,-0.007989607751369476,0.73716801404953,0.34110599756240845,-0.014581323601305485,0.7024624347686768,0.3721410632133484,-0.02754531055688858,0.6752663850784302,0.38703495264053345,-0.039546821266412735,0.7885756492614746,0.3939608931541443,-0.013919452205300331,0.7592527866363525,0.4120509624481201,-0.008417616598308086,0.7229561805725098,0.4301026463508606,-0.01573251746594906,0.6950327157974243,0.44647812843322754,-0.028258299455046654,0.7943463325500488,0.48209017515182495,-0.01868436485528946,0.7691131830215454,0.4898005723953247,-0.014799726195633411,0.7349034547805786,0.5012623071670532,-0.010717873461544514,0.7056490778923035,0.5113001465797424,-0.014154313132166862,0.7871584892272949,0.564093291759491,-0.024820784106850624,0.7760558128356934,0.5720752477645874,-0.0196267981082201,0.7442048192024231,0.5799071192741394,-0.007533467374742031,0.7212215065956116,0.5843099355697632,-0.0004347667272668332
YES,0.5471111536026001,0.566037654876709,-7.062205895635998e-07,0.5633955597877502,0.42618781328201294,-0.0011131992796435952,0.6202313303947449,0.3130471110343933,-0.006540958303958178,0.6688027381896973,0.22276099026203156,-0.013464855030179024,0.6648508310317993,0.1418832540512085,-0.019252542406320572,0.7520992159843445,0.32058990001678467,0.0023057344369590282,0.7750566005706787,0.38621053099632263,0.0032880804501473904,0.7408729195594788,0.41675087809562683,-0.002840430708602071,0.7069165110588074,0.41687023639678955,-0.010806061327457428,0.782583475112915,0.40198808908462524,-0.005890741012990475,0.7887281179428101,0.45916447043418884,0.008640308864414692,0.7508434057235718,0.4780369997024536,0.007020001765340567,0.7156039476394653,0.47742366790771484,-0.0024047433398663998,0.7906914949417114,0.4899671971797943,-0.013148107565939426,0.7974159717559814,0.5299416184425354,-0.001995819853618741,0.7618954181671143,0.5426536798477173,0.005128215067088604,0.7264917492866516,0.5385440587997437,0.00247534760273993,0.7858359813690186,0.5736774802207947,-0.021381566300988197,0.8032848238945007,0.6037546396255493,-0.011886294931173325,0.7704450488090515,0.613296389579773,0.002162574790418148,0.73916095495224,0.6060417294502258,0.010047371499240398
YES,0.548758864402771,0.5804802775382996,-6.748673513357062e-07,0.5697001814842224,0.4372435212135315,0.004942195024341345,0.624527633190155,0.3263358771800995,0.00030232322751544416,0.6713959574699402,0.23494410514831543,-0.00691304262727499,0.6672447919845581,0.1536928117275238,-0.01326108817011118,0.7502720355987549,0.3370433747768402,0.005789497867226601,0.7799757719039917,0.3961796760559082,0.00964334886521101,0.7484772801399231,0.4266616702079773,0.00634297588840127,0.7155538201332092,0.42855536937713623,0.0007339413859881461,0.7798874378204346,0.41786953806877136,-0.003546628635376692,0.7916692495346069,0.46671852469444275,0.015286174602806568,0.7565000057220459,0.4864305853843689,0.016011709347367287,0.7222561240196228,0.4881257116794586,0.007635016925632954,0.7885051369667053,0.5067501664161682,-0.011019133031368256,0.7972844243049622,0.537400484085083,0.0046246834099292755,0.7634968161582947,0.5507785081863403,0.013056617230176926,0.7282576560974121,0.5492753982543945,0.010442942380905151,0.7856799364089966,0.5905560851097107,-0.01872384548187256,0.8057908415794373,0.6115748882293701,-0.004826824646443129,0.7748894691467285,0.6226348876953125,0.011507052928209305,0.7446129322052002,0.6199672222137451,0.02050299011170864
YES,0.5605109333992004,0.6189241409301758,-7.114734330571082e-07,0.5753729939460754,0.4664534628391266,-0.005693340208381414,0.6296460628509521,0.3578711748123169,-0.016365915536880493,0.675777792930603,0.26727473735809326,-0.026608189567923546,0.6742018461227417,0.18316799402236938,-0.03590516746044159,0.758774995803833,0.38171660900115967,-0.015085367485880852,0.7667869329452515,0.41098475456237793,-0.017071429640054703,0.733555018901825,0.4411645531654358,-0.024016644805669785,0.7030038833618164,0.4543454051017761,-0.031449999660253525,0.7864903211593628,0.4691742956638336,-0.018665678799152374,0.7684658169746399,0.48367375135421753,-0.006251505576074123,0.7324031591415405,0.50136399269104,-0.00817584153264761,0.7036387324333191,0.5158242583274841,-0.018193291500210762,0.7899845838546753,0.558495044708252,-0.01996413804590702,0.7664862871170044,0.5579637289047241,-0.007193342782557011,0.7351853847503662,0.5693187713623047,0.00019172905012965202,0.7052997946739197,0.5803523659706116,-0.003530006157234311,0.7820464372634888,0.6365283727645874,-0.02225249633193016,0.7637379169464111,0.6335327625274658,-0.009909702464938164,0.7334259152412415,0.641128420829773,0.004454287234693766,0.7095299959182739,0.6490683555603027,0.01189111452549696
YES,0.5470038652420044,0.6400907039642334,-7.166218551901693e-07,0.5674315690994263,0.4831056594848633,6.850928912172094e-05,0.6252726316452026,0.3779968023300171,-0.008784912526607513,0.6730969548225403,0.2881506085395813,-0.018346359953284264,0.6714223623275757,0.2010345160961151,-0.027050456032156944,0.7597420811653137,0.4125562608242035,-0.007579160388559103,0.7652825713157654,0.4315629005432129,-0.004735773429274559,0.7298814654350281,0.46222448348999023,-0.008622913621366024,0.6982066631317139,0.47870033979415894,-0.014213679358363152,0.7858970165252686,0.5018383860588074,-0.01235960889607668,0.7688185572624207,0.5062421560287476,0.004718991462141275,0.7327126264572144,0.5218037962913513,0.004106859676539898,0.7024847269058228,0.537752628326416,-0.005712840240448713,0.7855479717254639,0.5906884670257568,-0.014072690159082413,0.7664417624473572,0.5792132616043091,0.0033953124657273293,0.7368448376655579,0.5884714722633362,0.011179700493812561,0.7053095102310181,0.5991796255111694,0.00674867769703269,0.7730647921562195,0.6664788722991943,-0.016176115721464157,0.7587157487869263,0.6534114480018616,-2.282507011841517e-05,0.7287409901618958,0.6575909852981567,0.015944981947541237,0.702499508857727,0.664516806602478,0.02390643209218979
YES,0.5476154088973999,0.6564279794692993,-7.220052111733821e-07,0.5677652359008789,0.5000596642494202,0.0016216373769566417,0.6265543699264526,0.3924768567085266,-0.006835190113633871,0.6767114996910095,0.2999081313610077,-0.01512527372688055,0.6746699213981628,0.21270936727523804,-0.02217479981482029,0.7569059133529663,0.41541996598243713,-0.01448720134794712,0.780678391456604,0.4599754512310028,-0.006950198672711849,0.7460120320320129,0.49020707607269287,-0.0036517418920993805,0.7137036323547363,0.49487340450286865,-0.00532530527561903,0.7851657867431641,0.5036788582801819,-0.020012592896819115,0.7782619595527649,0.535101056098938,0.0025206622667610645,0.7395116090774536,0.5525972843170166,0.00804959423840046,0.7089942693710327,0.559907853603363,0.0010799886658787727,0.7881338596343994,0.5966572761535645,-0.021720776334404945,0.7770119309425354,0.6081123352050781,-0.000594763841945678,0.7437015771865845,0.6172555685043335,0.01008601114153862,0.7102206349372864,0.621120810508728,0.005888999439775944,0.7794129848480225,0.6783374547958374,-0.023478897288441658,0.7679752707481384,0.6798695921897888,-0.006142871920019388,0.7348455190658569,0.6850399971008301,0.009890956804156303,0.7065412998199463,0.6879745721817017,0.017132563516497612
YES,0.5538154244422913,0.6650574207305908,-7.433936843881384e-07,0.5747374296188354,0.5106406807899475,-0.0027888519689440727,0.6307403445243835,0.4069722592830658,-0.01425270177423954,0.6808988451957703,0.3174126148223877,-0.024862337857484818,0.6828158497810364,0.23115870356559753,-0.03399202227592468,0.7612578272819519,0.43161195516586304,-0.02075384184718132,0.7728091478347778,0.47901666164398193,-0.01725071854889393,0.7397827506065369,0.5079845786094666,-0.016626982018351555,0.7087348699569702,0.5144727826118469,-0.019575299695134163,0.787063479423523,0.522696316242218,-0.02528686448931694,0.7743198871612549,0.5545365214347839,-0.006120087578892708,0.7373042702674866,0.570256769657135,-0.0024527839850634336,0.7071869969367981,0.5769234299659729,-0.010478460229933262,0.7888708114624023,0.6168808937072754,-0.026226792484521866,0.7719644904136658,0.626030445098877,-0.007749740034341812,0.7400208115577698,0.6337597370147705,0.0025687851011753082,0.7083789706230164,0.6360472440719604,-0.001273522386327386,0.7783214449882507,0.699992299079895,-0.027587302029132843,0.76781165599823,0.6994728446006775,-0.011262811720371246,0.7370014786720276,0.7020514607429504,0.005571506917476654,0.710604727268219,0.701699435710907,0.013683305121958256
YES,0.5589182376861572,0.6722323894500732,-6.914976893312996e-07,0.5770539045333862,0.5162899494171143,-0.002166542923077941,0.6309593319892883,0.4139258563518524,-0.01324610598385334,0.6824310421943665,0.32275688648223877,-0.023273060098290443,0.6852483153343201,0.23689842224121094,-0.031909115612506866,0.7653076648712158,0.4406404495239258,-0.016225015744566917,0.7648299336433411,0.4685474932193756,-0.00760237593203783,0.7308144569396973,0.49679994583129883,-0.004024547524750233,0.7023866176605225,0.5079042911529541,-0.005420858971774578,0.7931530475616455,0.5325831174850464,-0.019069381058216095,0.7731858491897583,0.5428417921066284,0.0022804392501711845,0.7354578971862793,0.5575853586196899,0.006055979989469051,0.7069033980369568,0.5702129602432251,-0.0017569371266290545,0.7940712571144104,0.6243929862976074,-0.017597174271941185,0.7725317478179932,0.6156390309333801,0.0034482001792639494,0.7395787239074707,0.6231054663658142,0.014092608354985714,0.7088022232055664,0.6309904456138611,0.010456628166139126,0.78281170129776,0.7029715776443481,-0.016318146139383316,0.7708989381790161,0.6902940273284912,0.0029319573659449816,0.739751935005188,0.6923312544822693,0.021351370960474014,0.7142934203147888,0.6962149739265442,0.03037421777844429
YES,0.5551705360412598,0.6683798432350159,-7.297243769244233e-07,0.5773338675498962,0.512222409248352,0.007758421823382378,0.6345611214637756,0.4127732515335083,0.0006520181195810437,0.6870570778846741,0.32369357347488403,-0.007080613169819117,0.6884016394615173,0.24050584435462952,-0.013666623272001743,0.7658500671386719,0.4371741712093353,-0.011183872818946838,0.7761498093605042,0.46295976638793945,0.0037088869139552116,0.7410287857055664,0.49362707138061523,0.013495859690010548,0.7114212512969971,0.5047142505645752,0.015756631270051003,0.7943024039268494,0.5279950499534607,-0.017679786309599876,0.781408429145813,0.5411447882652283,0.009915241971611977,0.7428757548332214,0.5572381019592285,0.017930086702108383,0.7137001752853394,0.5684722065925598,0.011969732120633125,0.7952500581741333,0.6203953623771667,-0.018599553033709526,0.7800827026367188,0.6147115230560303,0.008508495055139065,0.7469552755355835,0.6240469217300415,0.021341435611248016,0.7155770063400269,0.6307215690612793,0.017420919612050056,0.7840381860733032,0.6995654702186584,-0.0188484825193882,0.7770307064056396,0.6888899803161621,0.005372659303247929,0.7449860572814941,0.6924942135810852,0.025625187903642654,0.7177898287773132,0.695618748664856,0.034704480320215225
YES,0.5577536225318909,0.652696430683136,-7.083888817760453e-07,0.5787375569343567,0.5011465549468994,-0.0005382516537792981,0.6347953677177429,0.3999646306037903,-0.01044387649744749,0.6848829388618469,0.3119732439517975,-0.019863182678818703,0.6876819133758545,0.22859403491020203,-0.0281823743134737,0.7663278579711914,0.42425861954689026,-0.015371866524219513,0.7684382200241089,0.4506669342517853,-0.009832299314439297,0.7340047359466553,0.4812382757663727,-0.009332777000963688,0.7048126459121704,0.49366214871406555,-0.012779433280229568,0.7935774922370911,0.5140610933303833,-0.02024330571293831,0.7737625241279602,0.5291204452514648,-0.0012724875705316663,0.7362731099128723,0.5456883907318115,0.000604277360253036,0.707353413105011,0.5588145852088928,-0.008267915807664394,0.7951226234436035,0.6056908369064331,-0.02119767852127552,0.774269163608551,0.6062308549880981,-0.0024118374567478895,0.742232620716095,0.6140831112861633,0.00691995257511735,0.7111731171607971,0.6213449239730835,0.002643298590555787,0.7842312455177307,0.6857075691223145,-0.022433293983340263,0.769836962223053,0.6808862090110779,-0.006041508633643389,0.7380527853965759,0.6838353276252747,0.01022769883275032,0.7114456295967102,0.6868464350700378,0.018143918365240097
YES,0.5573647618293762,0.6628540754318237,-7.566996487184952e-07,0.5774413347244263,0.5131195783615112,0.002943077590316534,0.6345030069351196,0.41149693727493286,-0.007335363887250423,0.6854190826416016,0.3234444856643677,-0.018131835386157036,0.6876226663589478,0.23870649933815002,-0.027934981510043144,0.7639272212982178,0.42983344197273254,-0.016650019213557243,0.7788644433021545,0.46116504073143005,-0.014119379222393036,0.7450782656669617,0.4951188862323761,-0.014433073811233044,0.7142812013626099,0.5084957480430603,-0.017569679766893387,0.79167240858078,0.5178566575050354,-0.023955924436450005,0.7752598524093628,0.5470784306526184,-0.004958209116011858,0.7354560494422913,0.566800057888031,-0.0012351726181805134,0.7058171033859253,0.5765333771705627,-0.008768737316131592,0.7945619821548462,0.6114920973777771,-0.027466166764497757,0.7715895771980286,0.6224304437637329,-0.007980856113135815,0.73675936460495,0.6325863599777222,0.002959808800369501,0.7057897448539734,0.6368144750595093,-0.0005943296710029244,0.7856895923614502,0.6953984498977661,-0.031149668619036674,0.7682035565376282,0.6973380446434021,-0.012751549482345581,0.7348394393920898,0.7014564871788025,0.0048276805318892,0.708789587020874,0.7018277049064636,0.013269785791635513
YES,0.5632497072219849,0.7031600475311279,-7.216000312837423e-07,0.5813404321670532,0.541979193687439,-0.0054796552285552025,0.6417489051818848,0.4405706524848938,-0.016993338242173195,0.6939175128936768,0.3506726622581482,-0.026719452813267708,0.6941310167312622,0.26065731048583984,-0.03577759489417076,0.7720556855201721,0.4714401960372925,-0.01977364346385002,0.7673826813697815,0.49919870495796204,-0.016075599938631058,0.733493447303772,0.5264937281608582,-0.01795344613492489,0.705328643321991,0.5404490232467651,-0.022933172062039375,0.7998900413513184,0.5619839429855347,-0.021464800462126732,0.778794527053833,0.5653572082519531,-0.004176707472652197,0.7414608597755432,0.5797437429428101,-0.003307031700387597,0.7140203714370728,0.595575213432312,-0.012853273190557957,0.8001394867897034,0.6538360714912415,-0.019195210188627243,0.7801401615142822,0.6336275339126587,-0.0033323836978524923,0.7467808723449707,0.6426005363464355,0.005983445327728987,0.7172179818153381,0.6557652354240417,0.002440724289044738,0.7876653671264648,0.7322773933410645,-0.01715361885726452,0.7740416526794434,0.7081120014190674,-0.0024919265415519476,0.7430166006088257,0.713096022605896,0.014860519208014011,0.719560980796814,0.7237284779548645,0.02378479205071926
YES,0.5620443820953369,0.6744663715362549,-6.965187253626937e-07,0.5864712595939636,0.5238939523696899,-0.0010799664305523038,0.6463946104049683,0.42236238718032837,-0.009635232388973236,0.6955108046531677,0.3310702443122864,-0.018087729811668396,0.6951047778129578,0.2477351427078247,-0.02564994990825653,0.7733715772628784,0.45041030645370483,-0.007484658621251583,0.7660912871360779,0.48193609714508057,-0.002003698144108057,0.7302754521369934,0.5119583010673523,-0.003299552481621504,0.7015604972839355,0.5231541395187378,-0.007882892154157162,0.8010457158088684,0.5373126864433289,-0.012376191094517708,0.7764403820037842,0.5501139163970947,0.006795599590986967,0.7386714220046997,0.5673964023590088,0.007604191545397043,0.7102353572845459,0.5804317593574524,-0.0015842370921745896,0.8032006621360779,0.6261211633682251,-0.014068341813981533,0.7762673497200012,0.6202037930488586,0.004670882131904364,0.7427473664283752,0.6321331858634949,0.013011564500629902,0.7128360271453857,0.6415284276008606,0.008637157268822193,0.7929167747497559,0.7041555047035217,-0.016326436772942543,0.7750941514968872,0.6931759119033813,0.0007706688484176993,0.7429236769676208,0.6984917521476746,0.017466234043240547,0.7171744704246521,0.702961802482605,0.025849713012576103
YES,0.5704769492149353,0.6527624130249023,-7.108986324055877e-07,0.5898532271385193,0.5024546384811401,-0.002626720117405057,0.6460223197937012,0.40355342626571655,-0.012635188177227974,0.6965377330780029,0.3188958168029785,-0.02217475324869156,0.6986924409866333,0.23785069584846497,-0.030544642359018326,0.7744691967964172,0.4345672130584717,-0.014174393378198147,0.7674773931503296,0.4480117857456207,-0.011476323008537292,0.7313500046730042,0.4797944128513336,-0.014065956696867943,0.7026592493057251,0.49847152829170227,-0.01899021491408348,0.8003552556037903,0.5212412476539612,-0.01764143444597721,0.7736721634864807,0.5249825119972229,-0.0025012486148625612,0.7359708547592163,0.5423464775085449,-0.002461057621985674,0.7083080410957336,0.5589563250541687,-0.011385330930352211,0.8006834387779236,0.6077601909637451,-0.017880095168948174,0.7727378010749817,0.600205659866333,-0.002646337728947401,0.7408513426780701,0.6089688539505005,0.004777000285685062,0.7115933299064636,0.6184893846511841,0.0006913360557518899,0.7895573377609253,0.6826634407043457,-0.018623370677232742,0.7701711654663086,0.6746413707733154,-0.0036270904820412397,0.7389465570449829,0.6774569153785706,0.011423828080296516,0.7142506837844849,0.6814727783203125,0.01899825409054756
YES,0.5812960863113403,0.6424697637557983,-7.103750476744608e-07,0.5985613465309143,0.49565625190734863,-0.0028876629658043385,0.650949239730835,0.39970913529396057,-0.013565902598202229,0.6996157169342041,0.3165517747402191,-0.023477675393223763,0.7017665505409241,0.23654580116271973,-0.03266214579343796,0.7783495783805847,0.42481711506843567,-0.01841885969042778,0.7699637413024902,0.4474892020225525,-0.0168116707354784,0.7349546551704407,0.4765225648880005,-0.01951301284134388,0.7074540853500366,0.4904228448867798,-0.02437710575759411,0.8030377626419067,0.5120255351066589,-0.022301722317934036,0.7774733901023865,0.525974690914154,-0.007025524508208036,0.7409899234771729,0.5412297248840332,-0.006607661023736,0.7150394320487976,0.5538773536682129,-0.01574256457388401,0.8030359745025635,0.5999599099159241,-0.02269737236201763,0.7775110602378845,0.6010715961456299,-0.007676375564187765,0.7462703585624695,0.6080090403556824,0.00017060516984201968,0.7179504632949829,0.6141984462738037,-0.003938825335353613,0.7919836640357971,0.6755097508430481,-0.023559361696243286,0.7754048109054565,0.6746431589126587,-0.008577912114560604,0.7451321482658386,0.6769089102745056,0.006840550806373358,0.7211554646492004,0.6784822344779968,0.014352617785334587
YES,0.577434241771698,0.6896692514419556,-6.42221436919499e-07,0.5983425974845886,0.5362219214439392,-0.007673144806176424,0.6563233733177185,0.4401931166648865,-0.0209837444126606,0.706632137298584,0.3529168665409088,-0.03276749327778816,0.7067413330078125,0.2649102509021759,-0.04393763095140457,0.7819662094116211,0.47591298818588257,-0.0175294391810894,0.769756019115448,0.4978181719779968,-0.01680874265730381,0.736279308795929,0.5231961011886597,-0.022397778928279877,0.7107074856758118,0.5385713577270508,-0.02978667803108692,0.8086013197898865,0.5657288432121277,-0.019184758886694908,0.7881779670715332,0.5652895569801331,-0.005667678080499172,0.7539589405059814,0.576943039894104,-0.007600976619869471,0.7275172472000122,0.5920460224151611,-0.018129853531718254,0.8078347444534302,0.6540809869766235,-0.017638249322772026,0.7902700901031494,0.6356151103973389,-0.004724667873233557,0.7590481042861938,0.6416140794754028,0.002434415277093649,0.73031085729599,0.6526992917060852,-0.0015769809251651168,0.7944773435592651,0.7282280921936035,-0.016704799607396126,0.7803910374641418,0.7086682319641113,-0.00391963729634881,0.750259518623352,0.7105846405029297,0.011465468443930149,0.7267093658447266,0.7182323336601257,0.019294336438179016
YES,0.571397066116333,0.6536130309104919,-6.536384944411111e-07,0.594727098941803,0.5036436319351196,-0.0026674221735447645,0.6532288193702698,0.4047597646713257,-0.012767291627824306,0.7011756300926208,0.3195798993110657,-0.022767819464206696,0.7016934752464294,0.23884141445159912,-0.03204585611820221,0.7780922055244446,0.4412602484226227,-0.011820724233984947,0.7701834440231323,0.4338683485984802,-0.01100155245512724,0.7325389981269836,0.46326732635498047,-0.016011595726013184,0.7041382789611816,0.487137109041214,-0.021922627463936806,0.8020482659339905,0.5284993052482605,-0.015066061168909073,0.7776416540145874,0.5078991055488586,-0.002813490806147456,0.738663911819458,0.5236086845397949,-0.004773606080561876,0.7110139727592468,0.5464873909950256,-0.01398721057921648,0.7996018528938293,0.6149808168411255,-0.015069679357111454,0.7760757803916931,0.5880591869354248,-0.0032921244855970144,0.742558479309082,0.5959300398826599,0.003123993519693613,0.7122418880462646,0.6124510765075684,-8.871094905771315e-06,0.7860382199287415,0.6871412396430969,-0.015245304442942142,0.7707422375679016,0.6652272343635559,-0.0030146148055791855,0.7394096255302429,0.6677128672599792,0.011851872317492962,0.7152631282806396,0.6784082055091858,0.0203485619276762
YES,0.5771255493164062,0.6351593136787415,-6.896447644066939e-07,0.5979332327842712,0.4874046742916107,-0.00830118078738451,0.6509260535240173,0.39443033933639526,-0.02288522943854332,0.6952075958251953,0.31077003479003906,-0.035910189151763916,0.6957877278327942,0.22636637091636658,-0.048101648688316345,0.7780126333236694,0.42509862780570984,-0.023807458579540253,0.7616484761238098,0.45006322860717773,-0.028476381674408913,0.7274125218391418,0.47915732860565186,-0.036586955189704895,0.6996235251426697,0.49416178464889526,-0.044625330716371536,0.8020560145378113,0.5138943195343018,-0.02701433189213276,0.770926833152771,0.5253068208694458,-0.018182050436735153,0.7359002828598022,0.5399956107139587,-0.02133202739059925,0.7089192271232605,0.5530702471733093,-0.03195660561323166,0.8014174699783325,0.6003401875495911,-0.027435509487986565,0.7717323899269104,0.5965031981468201,-0.01790083758533001,0.7417890429496765,0.6038870811462402,-0.011018677614629269,0.7137286067008972,0.6114351153373718,-0.014597825706005096,0.7878866791725159,0.6723265647888184,-0.02888336032629013,0.764103889465332,0.6672086119651794,-0.01837506704032421,0.7348530292510986,0.670462965965271,-0.00416426919400692,0.7116937041282654,0.6739029884338379,0.0032509358134120703
YES,0.579674243927002,0.6545085310935974,-7.327214461838594e-07,0.5938601493835449,0.5045405030250549,-0.00962518248707056,0.6481021046638489,0.4103606939315796,-0.023515714332461357,0.6966086626052856,0.32609766721725464,-0.03574821725487709,0.7000510096549988,0.24036863446235657,-0.04704451560974121,0.7772617340087891,0.44426462054252625,-0.022936468943953514,0.7571962475776672,0.46031028032302856,-0.02585029974579811,0.7219054698944092,0.4888664484024048,-0.032207563519477844,0.6942306160926819,0.5058019757270813,-0.03918550908565521,0.8011041879653931,0.5319818258285522,-0.025590749457478523,0.769698441028595,0.5368343591690063,-0.016533231362700462,0.7326384782791138,0.5507012605667114,-0.019480658695101738,0.7051458954811096,0.5650302767753601,-0.029896782711148262,0.7994008660316467,0.6197735071182251,-0.025451932102441788,0.7735217809677124,0.609353244304657,-0.01737036556005478,0.7404438257217407,0.6152172684669495,-0.010297026485204697,0.7115606069564819,0.6234501004219055,-0.01316574215888977,0.7843145132064819,0.6951550245285034,-0.026119139045476913,0.7720136642456055,0.6838078498840332,-0.01676325500011444,0.7412329912185669,0.6840428113937378,-0.0013718961272388697,0.7171416282653809,0.6874557137489319,0.007199107203632593
YES,0.5746122598648071,0.667482316493988,-6.299266033238382e-07,0.5943164229393005,0.5153549909591675,-0.00973497610539198,0.6483999490737915,0.4201645851135254,-0.02392549067735672,0.6959235072135925,0.3321038782596588,-0.035989031195640564,0.6961514949798584,0.24794647097587585,-0.046790458261966705,0.7753738760948181,0.45562756061553955,-0.01860623061656952,0.7600314617156982,0.4674449861049652,-0.01552180852741003,0.7262961268424988,0.49442407488822937,-0.018276209011673927,0.7004885077476501,0.5121219754219055,-0.023523375391960144,0.8004056215286255,0.5454469919204712,-0.01871812902390957,0.7754343152046204,0.5401700735092163,-0.00498533807694912,0.7405478358268738,0.5531067252159119,-0.006491784937679768,0.713259220123291,0.5686829090118408,-0.016117092221975327,0.7988527417182922,0.6323100328445435,-0.015535538084805012,0.778066098690033,0.6105440258979797,-0.0025487474631518126,0.7480358481407166,0.6162881851196289,0.003964694682508707,0.7187405824661255,0.6275312304496765,0.00021529983496293426,0.7852237224578857,0.7043555378913879,-0.01295320875942707,0.770659327507019,0.6803094744682312,-0.00010526145342737436,0.7421929836273193,0.6817525625228882,0.01533055491745472,0.7184103727340698,0.6894602179527283,0.023787207901477814
YES,0.570141613483429,0.6475841403007507,-6.848187581454113e-07,0.5896915793418884,0.49879252910614014,-0.004198841284960508,0.6428223252296448,0.4037203788757324,-0.015560314990580082,0.6905327439308167,0.31949296593666077,-0.026030022650957108,0.6931912302970886,0.23683041334152222,-0.03548886626958847,0.7693924903869629,0.4317569136619568,-0.018822357058525085,0.7640950679779053,0.45745477080345154,-0.0173653457313776,0.7305912971496582,0.4867877960205078,-0.01982981711626053,0.7012778520584106,0.5003575086593628,-0.024302223697304726,0.7945159077644348,0.52006995677948,-0.021708978340029716,0.7725493311882019,0.5319310426712036,-0.006402518600225449,0.7378225922584534,0.5471528768539429,-0.006084209308028221,0.7107236981391907,0.5606374740600586,-0.015491514466702938,0.7941440939903259,0.6087433099746704,-0.0211628470569849,0.7736067771911621,0.6063989400863647,-0.006494015455245972,0.7437660098075867,0.6129777431488037,0.0016752597875893116,0.7144309878349304,0.6202214360237122,-0.002250221325084567,0.7814886569976807,0.6846274137496948,-0.02099471352994442,0.7673001289367676,0.6804735660552979,-0.006575768813490868,0.7390415668487549,0.6824465394020081,0.008843278512358665,0.7156558632850647,0.6853769421577454,0.01640419289469719
YES,0.5649888515472412,0.6641610860824585,-6.827355036875815e-07,0.5852924585342407,0.515907883644104,-0.0024762344546616077,0.6393440961837769,0.41937774419784546,-0.013424615375697613,0.6884958148002625,0.33333641290664673,-0.023724613711237907,0.6911785006523132,0.2505347430706024,-0.032511431723833084,0.7617954015731812,0.44199925661087036,-0.015196770429611206,0.768465518951416,0.48534682393074036,-0.012901079840958118,0.7366380095481873,0.511772632598877,-0.013813390396535397,0.7072215676307678,0.5175158381462097,-0.017700612545013428,0.7892149686813354,0.5264742970466614,-0.019828973338007927,0.7793852686882019,0.5557423830032349,-0.002947042929008603,0.7436336874961853,0.5711784362792969,-0.00016288270126096904,0.7151129245758057,0.5775670409202576,-0.007751277647912502,0.7927346229553223,0.6154674291610718,-0.021495778113603592,0.7799643874168396,0.6291581392288208,-0.0055219982750713825,0.7487074732780457,0.6353427171707153,0.003772916505113244,0.7186598181724548,0.6361090540885925,0.00030380921089090407,0.7830891013145447,0.6953967809677124,-0.023637283593416214,0.7687753438949585,0.701622724533081,-0.008872398175299168,0.7384474277496338,0.7021195292472839,0.005901622120290995,0.7143226265907288,0.6982861757278442,0.01279833447188139
YES,0.5639400482177734,0.6707878112792969,-6.684314826088666e-07,0.5822614431381226,0.5175097584724426,-0.004798846319317818,0.6381639242172241,0.41903936862945557,-0.015194266103208065,0.6869291067123413,0.3322867751121521,-0.02411547489464283,0.6885424852371216,0.24932733178138733,-0.03165227174758911,0.7663519978523254,0.4484434723854065,-0.01576937921345234,0.7588475942611694,0.4816305935382843,-0.010431761853396893,0.7262128591537476,0.5070215463638306,-0.01064104400575161,0.6996318101882935,0.5158883929252625,-0.014276023022830486,0.7899466156959534,0.5364360213279724,-0.0175835769623518,0.7679360508918762,0.5507283806800842,0.0016268356703221798,0.7339078187942505,0.5642189383506775,0.003866920480504632,0.7079065442085266,0.5753561854362488,-0.0046257153153419495,0.7887824773788452,0.6244651675224304,-0.01592637225985527,0.7659562230110168,0.6197534799575806,0.0020148595795035362,0.7363086342811584,0.6246799826622009,0.010694175958633423,0.7074517011642456,0.6299000978469849,0.006844887975603342,0.776074230670929,0.6995026469230652,-0.01476932130753994,0.7622812390327454,0.6886307001113892,0.0019986480474472046,0.7342059016227722,0.6891838312149048,0.018479550257325172,0.7104367017745972,0.6911625862121582,0.026651017367839813
YES,0.5544170141220093,0.6851581335067749,-6.606144324905472e-07,0.5737099647521973,0.5363621115684509,0.0018054055981338024,0.6289902925491333,0.435892790555954,-0.006737036630511284,0.6793290376663208,0.3461070954799652,-0.01525910384953022,0.678523063659668,0.26387351751327515,-0.02228449657559395,0.7488815188407898,0.45484742522239685,-0.011810190044343472,0.7789293527603149,0.5029402375221252,-0.0027746756095439196,0.748668909072876,0.530288577079773,0.002789256162941456,0.7180814146995544,0.5336053371429443,0.0026588968466967344,0.7759590148925781,0.5382031202316284,-0.01705324277281761,0.7771648168563843,0.5723075270652771,0.007081974297761917,0.7416858673095703,0.5898372530937195,0.014721940271556377,0.7125689387321472,0.5951232314109802,0.009177896194159985,0.781308114528656,0.6262186765670776,-0.018798422068357468,0.7740837931632996,0.6386316418647766,0.004790922626852989,0.7426960468292236,0.6487683057785034,0.017135748639702797,0.7115080952644348,0.6512154936790466,0.013700811192393303,0.7761954069137573,0.7057430148124695,-0.020794646814465523,0.769494354724884,0.7071822285652161,-8.916845399653539e-05,0.7396500110626221,0.7116140127182007,0.017307087779045105,0.7141555547714233,0.711468517780304,0.024832841008901596
YES,0.5315086841583252,0.7833312153816223,-5.95034975958697e-07,0.5495768785476685,0.6470003724098206,-0.005360917653888464,0.6149365901947021,0.5421582460403442,-0.017527678981423378,0.6763269305229187,0.46205711364746094,-0.031322743743658066,0.6871954202651978,0.37542659044265747,-0.041006140410900116,0.732302188873291,0.5722662806510925,-0.011092876084148884,0.829109787940979,0.5739444494247437,-0.029266467317938805,0.796385645866394,0.5990777015686035,-0.04339073225855827,0.7499522566795349,0.6063933968544006,-0.0495951808989048,0.7524018287658691,0.6544076204299927,-0.020029835402965546,0.8307250142097473,0.6647316813468933,-0.019273217767477036,0.7973712086677551,0.6853419542312622,-0.019664980471134186,0.7541503310203552,0.6907405853271484,-0.022721486166119576,0.7557162046432495,0.7403774261474609,-0.029611168429255486,0.8264151811599731,0.7490942478179932,-0.025275181978940964,0.7979481220245361,0.7579679489135742,-0.01241636648774147,0.7579008340835571,0.7595038414001465,-0.007921969518065453,0.7464840412139893,0.8209238052368164,-0.04019450768828392,0.8107837438583374,0.8193526268005371,-0.031193077564239502,0.783052384853363,0.8212803602218628,-0.010880480520427227,0.7481610178947449,0.8230051398277283,0.002897761994972825
YES,0.5401094555854797,0.9171099662780762,-6.409442789845343e-07,0.5617621541023254,0.7780581712722778,0.002449032384902239,0.59699547290802,0.6744734048843384,-0.0037393085658550262,0.6044502258300781,0.5884290337562561,-0.012183157727122307,0.5930588245391846,0.5183274149894714,-0.021145695820450783,0.7221092581748962,0.6937293410301208,-0.006237761117517948,0.7447819113731384,0.6233564019203186,0.0011955925729125738,0.7221486568450928,0.5971862077713013,0.005526199471205473,0.6973890066146851,0.5820225477218628,0.007504080422222614,0.7550566792488098,0.7764860987663269,-0.011745455674827099,0.7655774354934692,0.7276504039764404,0.003010096959769726,0.7308061718940735,0.7208686470985413,0.002311154268682003,0.7016749382019043,0.7319779396057129,-0.003897434566169977,0.7635047435760498,0.8659349083900452,-0.013753549195826054,0.7889690399169922,0.8274521231651306,-0.004908300936222076,0.7590301036834717,0.8151018619537354,-0.0033408559393137693,0.7260217070579529,0.8234160542488098,-0.006283564027398825,0.7598642706871033,0.9479236006736755,-0.014109999872744083,0.8065763115882874,0.9272156953811646,-0.002794607076793909,0.7939904928207397,0.9103074073791504,0.012560810893774033,0.7727878093719482,0.9060583710670471,0.02287105657160282
YES,1.0245627164840698,0.6222776174545288,-2.6169712441515003e-07,1.0017482042312622,0.5317174196243286,-0.006737592164427042,0.9677839279174805,0.4285999536514282,-0.02485145628452301,0.9477646946907043,0.35080844163894653,-0.04197564348578453,0.9539416432380676,0.281110018491745,-0.06108430400490761,0.9544438123703003,0.41102710366249084,-0.06375905871391296,0.831010103225708,0.41409289836883545,-0.09189478307962418,0.8299654722213745,0.4448993504047394,-0.09710073471069336,0.8576807975769043,0.45748430490493774,-0.09757565706968307,0.9532058238983154,0.46835580468177795,-0.07566653937101364,0.8137794137001038,0.47080835700035095,-0.09769444912672043,0.8254807591438293,0.500642716884613,-0.09039350599050522,0.8569839596748352,0.5125157833099365,-0.08718778938055038,0.948149561882019,0.5398946404457092,-0.08636479824781418,0.8168380856513977,0.5395212173461914,-0.10792963951826096,0.8322885632514954,0.5648311376571655,-0.09097391366958618,0.86561119556427,0.573963463306427,-0.08002272248268127,0.9407270550727844,0.6172815561294556,-0.09628083556890488,0.8361722826957703,0.610470175743103,-0.11659784615039825,0.8514783382415771,0.6199666261672974,-0.10739322006702423,0.8845309019088745,0.6245274543762207,-0.09863247722387314
YES,1.0082337856292725,0.5675607919692993,-4.2484887785576575e-07,0.9803177118301392,0.4626811444759369,0.004458059556782246,0.9306075572967529,0.35085439682006836,-0.010139170102775097,0.9099082946777344,0.26237159967422485,-0.026876237243413925,0.9306443929672241,0.19030961394309998,-0.04554696008563042,0.9017606377601624,0.3336479663848877,-0.04960210621356964,0.7846314907073975,0.38310080766677856,-0.07228930294513702,0.7955386638641357,0.4247649908065796,-0.07347366958856583,0.8294143676757812,0.4262862801551819,-0.0718337893486023,0.9037526845932007,0.39825230836868286,-0.06635210663080215,0.7703897953033447,0.44967907667160034,-0.08655273914337158,0.7915860414505005,0.4812154173851013,-0.07483129948377609,0.8312907814979553,0.4740177094936371,-0.06721016764640808,0.9058053493499756,0.47364532947540283,-0.08134124428033829,0.778078556060791,0.5130655169487,-0.10044553130865097,0.8018409013748169,0.5354971289634705,-0.08010584861040115,0.8408024311065674,0.5270009636878967,-0.06613069772720337,0.9084734320640564,0.5512951016426086,-0.09519876539707184,0.8050348162651062,0.5735259652137756,-0.11159875988960266,0.8239801526069641,0.5832992792129517,-0.1003812775015831,0.8595730662345886,0.5736246109008789,-0.08987677097320557
YES,1.029554843902588,0.5402320623397827,-3.9380759631058027e-07,0.9973901510238647,0.4403744041919708,0.0027617088053375483,0.9440971612930298,0.3283531665802002,-0.016174212098121643,0.9275633692741394,0.23799370229244232,-0.03747636079788208,0.9563611149787903,0.16317108273506165,-0.0600268729031086,0.9130349159240723,0.31914234161376953,-0.04810404032468796,0.7953545451164246,0.3638712763786316,-0.0760805755853653,0.8206838965415955,0.4028474986553192,-0.08276178687810898,0.8601294755935669,0.3972436487674713,-0.08428025245666504,0.91495680809021,0.38114815950393677,-0.06490458548069,0.7890515327453613,0.4357454776763916,-0.08609229326248169,0.8196995854377747,0.45994746685028076,-0.07656572014093399,0.8586663603782654,0.448898583650589,-0.07087837904691696,0.9176883697509766,0.45510610938072205,-0.08083082735538483,0.8002495765686035,0.49966633319854736,-0.09716286510229111,0.8336490392684937,0.5170288681983948,-0.07850911468267441,0.8721849918365479,0.5030561685562134,-0.06697528064250946,0.9209203124046326,0.5288206338882446,-0.09601591527462006,0.8254345059394836,0.5589597225189209,-0.10588780790567398,0.8541521430015564,0.5680215954780579,-0.09253554046154022,0.8898611068725586,0.5568603873252869,-0.08228736370801926
YES,1.0467827320098877,0.550684928894043,-4.0442336057822104e-07,1.0152047872543335,0.4472770094871521,0.006032482720911503,0.9637778997421265,0.3414745330810547,-0.010598406195640564,0.951373279094696,0.24920415878295898,-0.030730076134204865,0.9813196063041687,0.16990843415260315,-0.05266467481851578,0.9213113188743591,0.3280472159385681,-0.04103807359933853,0.8051097393035889,0.36857861280441284,-0.06750031560659409,0.8285627365112305,0.4091055393218994,-0.0769023522734642,0.8674992322921753,0.4066731631755829,-0.08085048943758011,0.9171513915061951,0.3940073847770691,-0.05851924419403076,0.7950923442840576,0.43958792090415955,-0.0774819552898407,0.8239184617996216,0.46803581714630127,-0.07001670449972153,0.8641691207885742,0.4604266583919525,-0.06589449197053909,0.9158570170402527,0.46907272934913635,-0.0747627541422844,0.8025389909744263,0.5070475339889526,-0.08942599594593048,0.8344385623931885,0.5270761251449585,-0.07041674107313156,0.8729259371757507,0.5172610282897949,-0.058447808027267456,0.9184991121292114,0.5452386736869812,-0.09017705172300339,0.8251062035560608,0.5703415870666504,-0.0991317480802536,0.8530135154724121,0.5820033550262451,-0.0836532711982727,0.8891502618789673,0.5746488571166992,-0.0714733675122261
YES,1.004338026046753,0.5844447016716003,-2.9855456773475453e-07,0.9823948740959167,0.46954092383384705,0.0051742917858064175,0.9376900792121887,0.35315215587615967,-0.010253128595650196,0.9211372137069702,0.25635969638824463,-0.028205573558807373,0.949388861656189,0.17991125583648682,-0.048691123723983765,0.8780632019042969,0.3528631329536438,-0.03853985667228699,0.7699927687644958,0.3875197768211365,-0.05465925484895706,0.7871464490890503,0.4273125231266022,-0.056091200560331345,0.8206146359443665,0.43061354756355286,-0.05567513778805733,0.870114803314209,0.420706570148468,-0.05261147767305374,0.7569729089736938,0.4608715772628784,-0.063507579267025,0.7870508432388306,0.49011120200157166,-0.05285177007317543,0.8270266056060791,0.4859195649623871,-0.04703836888074875,0.8664001226425171,0.49726200103759766,-0.0643385499715805,0.7642968893051147,0.5259281992912292,-0.07308808714151382,0.79574054479599,0.5460993051528931,-0.05563671886920929,0.8343814611434937,0.5396853089332581,-0.045495979487895966,0.8654796481132507,0.5738987326622009,-0.0749073326587677,0.7827461957931519,0.5861268043518066,-0.07998193800449371,0.8099762797355652,0.5975176095962524,-0.06519775092601776,0.8449025750160217,0.5942774415016174,-0.053752072155475616
YES,0.9676127433776855,0.5873545408248901,-2.665917122612882e-07,0.942417562007904,0.4675370156764984,0.005742181558161974,0.8952770233154297,0.3518217206001282,-0.006588470656424761,0.8735322952270508,0.25531238317489624,-0.02114371582865715,0.9019699692726135,0.18139055371284485,-0.037949975579977036,0.8229110836982727,0.3547314703464508,-0.03417233005166054,0.7215161919593811,0.39152681827545166,-0.044708821922540665,0.7471362352371216,0.4311533272266388,-0.04431147500872612,0.7836127281188965,0.4312018156051636,-0.043646782636642456,0.8080277442932129,0.42562150955200195,-0.04576355963945389,0.7096824645996094,0.4622846245765686,-0.05199040472507477,0.7422865629196167,0.4951327443122864,-0.04177379608154297,0.7821910381317139,0.4923005700111389,-0.03649488091468811,0.7989989519119263,0.5026957392692566,-0.05427727848291397,0.7128372192382812,0.5332586765289307,-0.056229185312986374,0.7453325986862183,0.5598913431167603,-0.039226192981004715,0.7826841473579407,0.5554863214492798,-0.03066425397992134,0.7947764992713928,0.5811183452606201,-0.06198103353381157,0.7252360582351685,0.5965960621833801,-0.061548713594675064,0.7553662657737732,0.6154403686523438,-0.04544902965426445,0.7894640564918518,0.6139912605285645,-0.03359239548444748
YES,0.9449818134307861,0.579010546207428,-2.2990107595433074e-07,0.9181714057922363,0.45933738350868225,0.003918059170246124,0.8726023435592651,0.34763234853744507,-0.010264480486512184,0.8493477702140808,0.25076842308044434,-0.026804307475686073,0.8737589120864868,0.1670726239681244,-0.04485909640789032,0.787087082862854,0.3444496691226959,-0.027042675763368607,0.6920356154441833,0.38488274812698364,-0.036965254694223404,0.7193429470062256,0.42434051632881165,-0.03834114596247673,0.7562759518623352,0.42391523718833923,-0.03900103643536568,0.7687997817993164,0.4156593978404999,-0.037694260478019714,0.6811540722846985,0.45488953590393066,-0.04143466055393219,0.7141993045806885,0.48800113797187805,-0.032769687473773956,0.7531806230545044,0.483980655670166,-0.028805650770664215,0.7592087388038635,0.4941835403442383,-0.04586685448884964,0.6859514713287354,0.5264704823493958,-0.04481630027294159,0.7196021676063538,0.5535041093826294,-0.029193710535764694,0.7564135193824768,0.5479030609130859,-0.022267989814281464,0.7570342421531677,0.5728558301925659,-0.053751878440380096,0.703007698059082,0.5947520732879639,-0.05088904872536659,0.7374472618103027,0.6136717200279236,-0.035382870584726334,0.7712422013282776,0.6118783950805664,-0.02396758459508419
YES,0.9155540466308594,0.5682880282402039,-2.399099798822135e-07,0.8950625061988831,0.44161367416381836,0.006841894704848528,0.8531405925750732,0.32864150404930115,-0.005608250852674246,0.8266642093658447,0.23018449544906616,-0.020563149824738503,0.8483637571334839,0.14526715874671936,-0.037755001336336136,0.7592024207115173,0.32868486642837524,-0.022441744804382324,0.6669589877128601,0.37083423137664795,-0.024547724053263664,0.6911531686782837,0.4106726050376892,-0.020658347755670547,0.7253894805908203,0.41246867179870605,-0.018709829077124596,0.7399314641952515,0.3962668180465698,-0.03238671272993088,0.6571760177612305,0.44267016649246216,-0.028353668749332428,0.6883962154388428,0.4760407507419586,-0.017462197691202164,0.7262296080589294,0.4726378619670868,-0.013315710239112377,0.7306245565414429,0.47338107228279114,-0.039007868617773056,0.6643489599227905,0.5109444260597229,-0.030071815475821495,0.6968508362770081,0.53804612159729,-0.01499965786933899,0.7318133115768433,0.5318039059638977,-0.010522764176130295,0.7293739318847656,0.5507311820983887,-0.04515568166971207,0.6809455156326294,0.5719254016876221,-0.03616896644234657,0.7143479585647583,0.5902231335639954,-0.02062687836587429,0.7459567189216614,0.5863563418388367,-0.010682589374482632
YES,0.8786075711250305,0.5408875942230225,-2.7479259756546526e-07,0.8593873977661133,0.4167138934135437,0.010916451923549175,0.8208593130111694,0.311246395111084,0.0009890749352052808,0.7879494428634644,0.2190137654542923,-0.011262401938438416,0.8041627407073975,0.13504046201705933,-0.026039596647024155,0.7230093479156494,0.3141043186187744,-0.02208162099123001,0.6379839181900024,0.3626375198364258,-0.018695853650569916,0.6647547483444214,0.39905229210853577,-0.010332906618714333,0.6983966827392578,0.3996667265892029,-0.005769719369709492,0.7037185430526733,0.3835397958755493,-0.0320146270096302,0.6302875280380249,0.4336021840572357,-0.021626189351081848,0.6630356311798096,0.4642079770565033,-0.007895488291978836,0.6988040804862976,0.45889151096343994,-0.0035544135607779026,0.6968834400177002,0.46099406480789185,-0.03742677718400955,0.6359645128250122,0.4981023669242859,-0.024113023653626442,0.669373631477356,0.5231560468673706,-0.00722725223749876,0.7026556134223938,0.515532374382019,-0.0030369115993380547,0.6978597044944763,0.5389995574951172,-0.041684169322252274,0.6496945023536682,0.5557143688201904,-0.029804427176713943,0.6835126876831055,0.5701940059661865,-0.011947287246584892,0.7142311930656433,0.5647512674331665,-0.001098586362786591
YES,0.8618459701538086,0.5348165035247803,-2.614862921745953e-07,0.837026834487915,0.4109162390232086,0.01644752360880375,0.7951986789703369,0.3022523522377014,0.0073325359262526035,0.7639807462692261,0.20850719511508942,-0.005263496655970812,0.784617006778717,0.1264697015285492,-0.021232513710856438,0.7025013566017151,0.3104585111141205,-0.01818178966641426,0.6194318532943726,0.3577950894832611,-0.011262821033596992,0.6458534598350525,0.39498618245124817,-0.0009980661561712623,0.679578959941864,0.396585077047348,0.004461559467017651,0.6851085424423218,0.37870678305625916,-0.03078002855181694,0.6145344972610474,0.4317745566368103,-0.01593068055808544,0.6453190445899963,0.4604193866252899,-0.001683380687609315,0.679983913898468,0.45528072118759155,0.0021930693183094263,0.6792930364608765,0.4571390748023987,-0.03799409791827202,0.6211493015289307,0.49687904119491577,-0.01901743747293949,0.6529591679573059,0.5200905203819275,-0.0025260234251618385,0.6852328181266785,0.5131649374961853,-0.00020541218691505492,0.6801976561546326,0.5363951325416565,-0.043672338128089905,0.632836103439331,0.5564319491386414,-0.0269374530762434,0.6663336157798767,0.570281445980072,-0.007979711517691612,0.6970076560974121,0.5657950639724731,0.0025710687041282654
YES,0.8490363955497742,0.5338608622550964,-2.761519226623932e-07,0.8234532475471497,0.40781331062316895,0.025276904925704002,0.783207893371582,0.3008198142051697,0.020838243886828423,0.7487289309501648,0.20836691558361053,0.011668567545711994,0.7653821110725403,0.1256469190120697,-0.0015409732004627585,0.6844653487205505,0.31308791041374207,-0.0071793911047279835,0.6052110195159912,0.36130601167678833,0.010854175314307213,0.6307329535484314,0.3981420397758484,0.02750590443611145,0.662055253982544,0.4001758396625519,0.035666573792696,0.6662319302558899,0.3809671401977539,-0.02193746529519558,0.6009253263473511,0.435263067483902,0.003827090375125408,0.6298665404319763,0.46282297372817993,0.020139174535870552,0.6629113554954529,0.45859575271606445,0.022925004363059998,0.6617605686187744,0.46035605669021606,-0.029779711738228798,0.6068903803825378,0.49887871742248535,-5.869804954272695e-05,0.6374845504760742,0.5202723741531372,0.017479218542575836,0.6684523224830627,0.5149344205856323,0.01722702942788601,0.6646568775177002,0.5395007133483887,-0.03546101599931717,0.6183944344520569,0.5565469861030579,-0.010877334512770176,0.6510414481163025,0.5682728290557861,0.010171742178499699,0.6805149912834167,0.5651372671127319,0.02015278860926628
YES,0.8359155654907227,0.5345680713653564,-2.982671105655754e-07,0.8108817338943481,0.40837162733078003,0.01757640764117241,0.7670252919197083,0.29986757040023804,0.01120556890964508,0.7309923768043518,0.20724864304065704,0.0010886091040447354,0.7453635931015015,0.12349089980125427,-0.012778122909367085,0.6653071045875549,0.3134600520133972,-0.011324246414005756,0.5880844593048096,0.3657865822315216,-0.00022095488384366035,0.610252857208252,0.40291354060173035,0.01073648501187563,0.6405434012413025,0.4066159725189209,0.01569991186261177,0.6477654576301575,0.38136568665504456,-0.023861074820160866,0.5851482152938843,0.4400557279586792,-0.005152967292815447,0.6127771139144897,0.46695923805236816,0.006790488958358765,0.6447762846946716,0.4622304439544678,0.007753379642963409,0.6439538598060608,0.45940718054771423,-0.030777549371123314,0.5911490321159363,0.5017831325531006,-0.009613134898245335,0.6209496259689331,0.5225999355316162,0.005108999088406563,0.6514934301376343,0.5165072083473206,0.005328657105565071,0.6476763486862183,0.5372801423072815,-0.03615536913275719,0.6020506024360657,0.5607590675354004,-0.018938662484288216,0.6350992918014526,0.5723346471786499,-0.0005373351741582155,0.6644250750541687,0.5675192475318909,0.009199259802699089
YES,0.819974958896637,0.52565598487854,-2.2176803327056405e-07,0.7939273715019226,0.4014674127101898,0.016062043607234955,0.7493910789489746,0.29502367973327637,0.00919775478541851,0.7140193581581116,0.20350801944732666,-0.0017262892797589302,0.7313125133514404,0.1193186342716217,-0.016129640862345695,0.6513899564743042,0.30907779932022095,-0.005346504971385002,0.5753427147865295,0.3597559630870819,0.006913495250046253,0.5980736017227173,0.3972468674182892,0.017336079850792885,0.6274779438972473,0.4002390205860138,0.021749751642346382,0.6340857744216919,0.37626877427101135,-0.016893306747078896,0.5717149376869202,0.434959352016449,0.002079310128465295,0.6001589298248291,0.4608108699321747,0.013017445802688599,0.6322413682937622,0.4544098377227783,0.01394137553870678,0.6299360990524292,0.45422014594078064,-0.023407261818647385,0.578292965888977,0.49654096364974976,-0.000891467381734401,0.6088829636573792,0.5169382691383362,0.012894082814455032,0.639431357383728,0.5093929767608643,0.012737697921693325,0.632788360118866,0.5313510894775391,-0.028832001611590385,0.5909387469291687,0.555851936340332,-0.009493168443441391,0.6230465173721313,0.5674112439155579,0.008569302968680859,0.6515030264854431,0.5621041655540466,0.017972135916352272
YES,0.8097591996192932,0.5207830667495728,-3.3519515341140504e-07,0.7872042059898376,0.3991779088973999,0.016107995063066483,0.7436517477035522,0.29516667127609253,0.010215590707957745,0.7066808342933655,0.20720680058002472,0.00023750198306515813,0.7201584577560425,0.12377426028251648,-0.013216563500463963,0.6444575190544128,0.309971421957016,-0.009354118257761002,0.5686416625976562,0.36217978596687317,-0.0021841851994395256,0.5911476612091064,0.3988899886608124,0.005586166400462389,0.6226860880851746,0.40079644322395325,0.008657815866172314,0.6289311647415161,0.3760242164134979,-0.02226671762764454,0.5663164258003235,0.43697524070739746,-0.007854979485273361,0.5943903923034668,0.4637967646121979,0.002818703418597579,0.6265122890472412,0.456339031457901,0.003479552688077092,0.6261575818061829,0.4517360031604767,-0.030620640143752098,0.5711705684661865,0.49610403180122375,-0.014123991131782532,0.6011033654212952,0.5180631875991821,0.0010672101052477956,0.6309369206428528,0.5091355443000793,0.0025909333489835262,0.6305080652236938,0.5277901291847229,-0.03777462616562843,0.5823520421981812,0.5554535388946533,-0.02409941703081131,0.6145948767662048,0.5680477619171143,-0.0063407160341739655,0.6431204676628113,0.5621228218078613,0.003356375265866518
YES,0.8035317659378052,0.5181263089179993,-3.302768334378925e-07,0.7807396054267883,0.39732465147972107,0.012741370126605034,0.7379198670387268,0.29220470786094666,0.004355302546173334,0.7023889422416687,0.20583921670913696,-0.0073787979781627655,0.7173274755477905,0.12314271926879883,-0.022276844829320908,0.6424360275268555,0.30489376187324524,-0.01703239232301712,0.5654169321060181,0.3593907654285431,-0.01213197223842144,0.5891526341438293,0.39528483152389526,-0.004236675798892975,0.6211856603622437,0.39690864086151123,-0.0007952519808895886,0.6275163888931274,0.3714650869369507,-0.029186448082327843,0.562988817691803,0.43176838755607605,-0.01789357140660286,0.5911087989807129,0.45874330401420593,-0.007184992544353008,0.6235918998718262,0.451958030462265,-0.005883232690393925,0.6239067316055298,0.4467516541481018,-0.03678765520453453,0.5688005685806274,0.4905287027359009,-0.022485438734292984,0.5981084108352661,0.5131530165672302,-0.006804910488426685,0.6279407739639282,0.5041376352310181,-0.0044706049375236034,0.62703537940979,0.5226052403450012,-0.04345669969916344,0.580314040184021,0.5497963428497314,-0.03175167366862297,0.6125378608703613,0.5636271238327026,-0.01454241294413805,0.6410272717475891,0.5577310919761658,-0.004845288582146168
YES,0.7785518169403076,0.5159565806388855,-2.836303565345588e-07,0.7570894956588745,0.3989357352256775,0.006261465139687061,0.7123052477836609,0.294691264629364,-0.0015647581312805414,0.6768071055412292,0.20995396375656128,-0.011919046752154827,0.6897566914558411,0.130673348903656,-0.025299515575170517,0.6217954158782959,0.3002350926399231,-0.01654880866408348,0.5405758023262024,0.3493557572364807,-0.01756819151341915,0.5542289614677429,0.39387232065200806,-0.014909089542925358,0.5807865858078003,0.4009496569633484,-0.014385977759957314,0.6061240434646606,0.3658422529697418,-0.02688630484044552,0.5239052772521973,0.41738298535346985,-0.023499267175793648,0.5443071722984314,0.45599812269210815,-0.01576109230518341,0.5759932994842529,0.4570103585720062,-0.013372455723583698,0.601332426071167,0.4398025870323181,-0.03422044962644577,0.5301568508148193,0.48120033740997314,-0.03138503432273865,0.5597153902053833,0.511354386806488,-0.017571937292814255,0.5923991203308105,0.5041419863700867,-0.011841516941785812,0.6051072478294373,0.5163218975067139,-0.04087728261947632,0.5466997623443604,0.5458764433860779,-0.040485870093107224,0.5784024000167847,0.5627318620681763,-0.026012510061264038,0.60957270860672,0.5541747808456421,-0.015116644091904163
YES,0.7285427451133728,0.5504370927810669,-2.0570311676237907e-07,0.7053170800209045,0.4338236451148987,0.006094164680689573,0.6601592898368835,0.32188284397125244,-0.0026000828947871923,0.6305022835731506,0.22855639457702637,-0.014338607899844646,0.6399276256561279,0.14906731247901917,-0.028907889500260353,0.5655832290649414,0.3251294493675232,-0.013060633093118668,0.4837682843208313,0.3779917359352112,-0.012040886096656322,0.497317910194397,0.42224806547164917,-0.011093692854046822,0.5229816436767578,0.42863279581069946,-0.01189271081238985,0.5493313670158386,0.3932230472564697,-0.022135838866233826,0.4759301543235779,0.44932860136032104,-0.015358170494437218,0.4926305413246155,0.4869566857814789,-0.01023942418396473,0.5222423076629639,0.48887354135513306,-0.010562430135905743,0.5426090955734253,0.4711352288722992,-0.028215529397130013,0.47783711552619934,0.5088491439819336,-0.01995328813791275,0.4951520562171936,0.5397348403930664,-0.009874371811747551,0.5247745513916016,0.5401865243911743,-0.007846188731491566,0.5419177412986755,0.5485894680023193,-0.03399462625384331,0.49566787481307983,0.5724219083786011,-0.027677111327648163,0.5155889391899109,0.5922791361808777,-0.015331543982028961,0.5421757698059082,0.5933785438537598,-0.006445956416428089
YES,0.6468250751495361,0.5810228586196899,-1.9187849886748154e-07,0.6279268264770508,0.46229276061058044,0.00403182627633214,0.5840035080909729,0.3511228859424591,-0.003475440200418234,0.5518202185630798,0.2620362937450409,-0.013524197041988373,0.5606708526611328,0.18445926904678345,-0.02597942389547825,0.4889228045940399,0.356058806180954,-0.010261381976306438,0.4161228835582733,0.39635196328163147,-0.01127453800290823,0.4325394630432129,0.43585801124572754,-0.012861724942922592,0.46096062660217285,0.44196516275405884,-0.014838912524282932,0.4685124456882477,0.42401206493377686,-0.018319861963391304,0.40673696994781494,0.4674052298069,-0.012998110614717007,0.43189576268196106,0.4984166622161865,-0.008693342097103596,0.46638649702072144,0.49502333998680115,-0.008993357419967651,0.4596657156944275,0.5022232532501221,-0.024080222472548485,0.40666812658309937,0.5329657196998596,-0.018324099481105804,0.43321871757507324,0.5587832927703857,-0.007808014750480652,0.4661789536476135,0.5528737306594849,-0.004524328280240297,0.45757970213890076,0.5815405249595642,-0.029576348140835762,0.4090315103530884,0.5939695835113525,-0.02340865507721901,0.4350926876068115,0.6099095344543457,-0.008196954615414143,0.46493327617645264,0.606757640838623,0.002938236575573683
YES,0.6094958782196045,0.5941623449325562,-1.9797172967628285e-07,0.5881152153015137,0.47215983271598816,0.007341671735048294,0.5422097444534302,0.36083322763442993,0.0021448275074362755,0.5090048313140869,0.2675210237503052,-0.00638664560392499,0.520817756652832,0.1881948709487915,-0.017955565825104713,0.4430428743362427,0.3632846474647522,-0.0026343567296862602,0.3766561448574066,0.4050430953502655,0.00043610334978438914,0.37768298387527466,0.45322680473327637,-0.0012757183285430074,0.391526460647583,0.4725264012813568,-0.004348376300185919,0.42246490716934204,0.4314306378364563,-0.011424493044614792,0.36204051971435547,0.4752013683319092,-0.00021144039055798203,0.36989185214042664,0.515985906124115,0.0024335000198334455,0.39327138662338257,0.5269184112548828,-0.0005488250171765685,0.41342827677726746,0.5083522200584412,-0.0173464585095644,0.3637734651565552,0.5384045243263245,-0.005706270691007376,0.38020452857017517,0.5691164135932922,0.00354187423363328,0.409989595413208,0.5735591053962708,0.004693635739386082,0.4123709797859192,0.5856695771217346,-0.023181112483143806,0.36880430579185486,0.6013102531433105,-0.0125805102288723,0.38690823316574097,0.6179015040397644,0.0023112657945603132,0.41276341676712036,0.6173198223114014,0.012583237141370773
YES,0.5830442905426025,0.5823301076889038,-2.8428007681213785e-07,0.5632928013801575,0.46387678384780884,0.004401959478855133,0.5207157135009766,0.35560840368270874,-0.0020535551011562347,0.48473837971687317,0.26794207096099854,-0.011483274400234222,0.4940176010131836,0.19349393248558044,-0.023415695875883102,0.41773489117622375,0.3597141206264496,-0.008489955216646194,0.3520602583885193,0.4086534380912781,-0.011025925166904926,0.3707479238510132,0.4503099024295807,-0.014254397712647915,0.3994898498058319,0.4595874547958374,-0.01768490858376026,0.3989713788032532,0.42687657475471497,-0.01758868433535099,0.3432402014732361,0.478036105632782,-0.013628954999148846,0.3678247630596161,0.5096526741981506,-0.01075831986963749,0.40032637119293213,0.5076656341552734,-0.01248586643487215,0.3924245834350586,0.502395749092102,-0.024538403376936913,0.3469458520412445,0.5405884981155396,-0.02003185823559761,0.37352943420410156,0.5675941705703735,-0.00942262727767229,0.4045688509941101,0.5638883709907532,-0.006362111307680607,0.3933095932006836,0.5789822936058044,-0.03160770982503891,0.354688823223114,0.6007660627365112,-0.02698994241654873,0.38239234685897827,0.6187244653701782,-0.012742327526211739,0.4098183810710907,0.6154943704605103,-0.0023688338696956635
YES,0.571774423122406,0.586820125579834,-2.46269507897523e-07,0.556206464767456,0.4663081467151642,0.00481895636767149,0.5099114179611206,0.3570578396320343,-0.00012790883192792535,0.4715959131717682,0.2667500674724579,-0.007659767754375935,0.4792594313621521,0.18889042735099792,-0.01768895983695984,0.40325382351875305,0.3599684238433838,-0.00457764882594347,0.339143842458725,0.4083840548992157,-0.0035783860366791487,0.35764026641845703,0.4475831091403961,-0.005600047763437033,0.38517799973487854,0.45567142963409424,-0.008645588532090187,0.3821668326854706,0.4259135127067566,-0.012351153418421745,0.330130934715271,0.4771118462085724,-0.004485365003347397,0.35659244656562805,0.5042749643325806,-0.0013243601424619555,0.39013272523880005,0.5023192763328552,-0.0029864695388823748,0.3746785521507263,0.5025303363800049,-0.017764119431376457,0.3349003791809082,0.5406328439712524,-0.00950915738940239,0.36415576934814453,0.5626206398010254,0.0008338135667145252,0.3959534168243408,0.5590356588363647,0.0031917293090373278,0.37587904930114746,0.5811792016029358,-0.023373154923319817,0.3452399969100952,0.6015236377716064,-0.016060369089245796,0.3763538897037506,0.6142504215240479,-0.0018314002081751823,0.404207706451416,0.6093568205833435,0.008288558572530746
YES,0.5628698468208313,0.5837740302085876,-2.128436165094172e-07,0.545807957649231,0.4611687958240509,0.008419902995228767,0.4994569420814514,0.352925181388855,0.0037171111907809973,0.4603489637374878,0.26103904843330383,-0.0041093067266047,0.4666198492050171,0.18261024355888367,-0.014725955203175545,0.3904973268508911,0.36259692907333374,-0.002732574474066496,0.3269580900669098,0.40596604347229004,0.00200518686324358,0.3447805941104889,0.4456508159637451,0.002817764412611723,0.37175309658050537,0.4564134478569031,0.001603040611371398,0.3671763837337494,0.4299710690975189,-0.010348239913582802,0.32542702555656433,0.4798402488231659,0.0026478327345103025,0.354513555765152,0.5051143169403076,0.0068579912185668945,0.38753026723861694,0.5026438236236572,0.004905798938125372,0.35992947220802307,0.5089575052261353,-0.014823125675320625,0.32968249917030334,0.5429859161376953,-0.0002761771029327065,0.3602890372276306,0.5633376240730286,0.00865103304386139,0.3921167850494385,0.560377299785614,0.008307114243507385,0.3611650764942169,0.5873782634735107,-0.01914561167359352,0.3414977192878723,0.6062659025192261,-0.006142734084278345,0.37367182970046997,0.6165696978569031,0.007443151902407408,0.4008680582046509,0.6109763979911804,0.015987787395715714
YES,0.5644263625144958,0.5849565863609314,-1.9860684119521466e-07,0.5460149645805359,0.45802170038223267,0.007289865519851446,0.4978410005569458,0.34692975878715515,0.0033953289967030287,0.45942792296409607,0.2524734139442444,-0.003405089257284999,0.46566513180732727,0.1732325553894043,-0.012830383144319057,0.3884201943874359,0.35845136642456055,-0.0005240075406618416,0.3298564553260803,0.4020482897758484,0.005072202067822218,0.34965822100639343,0.43919917941093445,0.004615048412233591,0.37803760170936584,0.4489773213863373,0.002177328569814563,0.36434057354927063,0.43096923828125,-0.0077159591019153595,0.3243425488471985,0.4741988182067871,0.0055673629976809025,0.35306182503700256,0.4992069900035858,0.007965072989463806,0.38692545890808105,0.499937504529953,0.005001536570489407,0.35661962628364563,0.5130489468574524,-0.011791466735303402,0.32667046785354614,0.5406799912452698,0.002871090779080987,0.3561268150806427,0.5607028603553772,0.011385487392544746,0.388613760471344,0.5605910420417786,0.011164306662976742,0.358232319355011,0.5931864380836487,-0.015901487320661545,0.33872559666633606,0.6053072214126587,-0.0030030212365090847,0.36987143754959106,0.6163830161094666,0.011276802979409695,0.3972571790218353,0.6133513450622559,0.020731914788484573
YES,0.5656434893608093,0.5829969048500061,-1.9919380633837136e-07,0.545707643032074,0.4576489329338074,0.004687014501541853,0.49738192558288574,0.34825238585472107,-0.0025076614692807198,0.4567719101905823,0.2553914785385132,-0.012256674468517303,0.4628618359565735,0.17214566469192505,-0.02477295510470867,0.38933396339416504,0.359579473733902,-0.007737761829048395,0.3282141089439392,0.40687546133995056,-0.006291897501796484,0.3501766324043274,0.4423086941242218,-0.008511471562087536,0.3795584440231323,0.44852495193481445,-0.011759406886994839,0.3665708005428314,0.4328199625015259,-0.014990649186074734,0.32432591915130615,0.4794939160346985,-0.005663155112415552,0.3537694215774536,0.5027614235877991,-0.0036432018969208,0.387616902589798,0.5008772015571594,-0.006451353896409273,0.35918891429901123,0.5157657265663147,-0.01925680600106716,0.32905256748199463,0.5469353199005127,-0.008202624507248402,0.35904383659362793,0.5670301914215088,0.00016498273180332035,0.3909425735473633,0.5647352933883667,0.00036977860145270824,0.36011096835136414,0.5967318415641785,-0.023581160232424736,0.338420033454895,0.6121523380279541,-0.013601130805909634,0.3706478774547577,0.6241896152496338,0.00012589966354425997,0.3980426788330078,0.6204794645309448,0.009601932018995285
YES,0.5598251223564148,0.5832990407943726,-1.8299724047210475e-07,0.5308583974838257,0.4598231911659241,0.008078212849795818,0.4785361588001251,0.3529549539089203,0.0022747130133211613,0.43674394488334656,0.26282113790512085,-0.00638210866600275,0.44178786873817444,0.1812487244606018,-0.01815982721745968,0.3708065152168274,0.3775251805782318,-0.0048092808574438095,0.3157973289489746,0.43296003341674805,-0.000843660207465291,0.3431273102760315,0.46396416425704956,-0.0020649288780987263,0.37572017312049866,0.46452921628952026,-0.004522988107055426,0.35234731435775757,0.4521027207374573,-0.012724658474326134,0.31609082221984863,0.5053467750549316,-0.0005639716400764883,0.3472214341163635,0.5255126953125,0.0011184699833393097,0.3819519579410553,0.5196747183799744,-0.002337884623557329,0.3499215841293335,0.534332811832428,-0.016975058242678642,0.32460668683052063,0.5712735652923584,-0.0030891336500644684,0.35489171743392944,0.5872408747673035,0.004363916348665953,0.38708963990211487,0.5802274942398071,0.0034767095930874348,0.35476547479629517,0.6138948798179626,-0.020893361419439316,0.3345922827720642,0.6312718391418457,-0.008492154069244862,0.36687171459198,0.6392356157302856,0.005986761301755905,0.39520761370658875,0.6320431232452393,0.01589539460837841
YES,0.5412729978561401,0.5911577343940735,-9.960180591406242e-08,0.5096818804740906,0.4677538275718689,0.012475261464715004,0.45513075590133667,0.366530179977417,0.00857228972017765,0.4078710079193115,0.2803336977958679,0.0010295299580320716,0.4093479514122009,0.19656917452812195,-0.00967642292380333,0.34627002477645874,0.39926180243492126,0.005851571913808584,0.29381465911865234,0.44759660959243774,0.017276564612984657,0.3155488669872284,0.4825321435928345,0.020200515165925026,0.34043264389038086,0.48801663517951965,0.019872428849339485,0.32842621207237244,0.47348108887672424,-0.0021266706753522158,0.29470232129096985,0.5207296013832092,0.019525235518813133,0.3210007846355438,0.5400019884109497,0.023517023772001266,0.3505804240703583,0.5367339849472046,0.02056010812520981,0.32802650332450867,0.555549681186676,-0.0061104437336325645,0.3117680251598358,0.5871368646621704,0.017896192148327827,0.3400254249572754,0.5995222926139832,0.023604709655046463,0.368826687335968,0.5921012759208679,0.01951785944402218,0.3353218138217926,0.6341875195503235,-0.009591284207999706,0.32403361797332764,0.6477798223495483,0.012295529246330261,0.35443416237831116,0.6519609689712524,0.02671675756573677,0.37974169850349426,0.6448953747749329,0.034681327641010284
YES,0.5327744483947754,0.5823336839675903,-2.483300818312273e-07,0.5014705657958984,0.4599214792251587,0.007913412526249886,0.44758546352386475,0.3612661361694336,0.0030043439473956823,0.40054836869239807,0.28033846616744995,-0.004733579233288765,0.40002205967903137,0.20442381501197815,-0.015319536440074444,0.3382227420806885,0.3931049406528473,-0.008050619624555111,0.28716403245925903,0.4553803503513336,-0.0059902248904109,0.31531769037246704,0.48430368304252625,-0.007915811613202095,0.347108393907547,0.4841122627258301,-0.01083575189113617,0.3220363259315491,0.4662071764469147,-0.01650765910744667,0.2898291051387787,0.5209919810295105,-0.0057267784141004086,0.32070475816726685,0.5388811230659485,-0.0037183465901762247,0.3534109592437744,0.5332700610160828,-0.006877513602375984,0.32305723428726196,0.5448883771896362,-0.02135378122329712,0.30666831135749817,0.5859799385070801,-0.008371318690478802,0.33697205781936646,0.596589207649231,-0.0007877324242144823,0.36688846349716187,0.5885428786277771,-0.0016668224707245827,0.3321042060852051,0.6211129426956177,-0.026149962097406387,0.32231035828590393,0.6440722942352295,-0.015161007642745972,0.3552534878253937,0.6476776599884033,-0.002261732704937458,0.3807334899902344,0.6384135484695435,0.006387982051819563
YES,0.5234302282333374,0.5924551486968994,-1.7977394861645735e-07,0.492927610874176,0.47199076414108276,0.004746103659272194,0.43758904933929443,0.37742874026298523,-0.0015394509537145495,0.3886922597885132,0.29858291149139404,-0.010438524186611176,0.38742148876190186,0.21877408027648926,-0.02206750400364399,0.3308592140674591,0.4072292149066925,-0.006662585306912661,0.2823726236820221,0.4623209536075592,-0.005124237854033709,0.30750924348831177,0.49393346905708313,-0.007892814464867115,0.3366379737854004,0.49838483333587646,-0.011398120783269405,0.3128311038017273,0.48168325424194336,-0.013277602382004261,0.28570157289505005,0.5290923714637756,-0.002819258254021406,0.3150325417518616,0.5480652451515198,-0.0019915858283638954,0.34638193249702454,0.5449612736701965,-0.0056797838769853115,0.31317102909088135,0.5619149208068848,-0.01688736118376255,0.2990944981575012,0.5939673185348511,-0.005095357075333595,0.3290543854236603,0.605652928352356,0.0011132272193208337,0.3596670627593994,0.5994124412536621,-0.00011211800301680341,0.32180726528167725,0.6383385062217712,-0.020625701174139977,0.314725399017334,0.6555954813957214,-0.010975711978971958,0.3470051884651184,0.6579814553260803,0.0005940815899521112,0.3723979592323303,0.6481984853744507,0.008771771565079689
YES,0.5175802111625671,0.6006532907485962,-2.0627081198654196e-07,0.48861023783683777,0.4803503155708313,0.0026971735060214996,0.43467095494270325,0.38147059082984924,-0.004857625812292099,0.38708043098449707,0.30060938000679016,-0.014284645207226276,0.3879484236240387,0.220628023147583,-0.02660580910742283,0.3229452669620514,0.4154563844203949,-0.009074488654732704,0.2888801693916321,0.4784089922904968,-0.008180645294487476,0.3214741051197052,0.5048078894615173,-0.013762621209025383,0.3532044291496277,0.5045375227928162,-0.019456885755062103,0.30465167760849,0.4898185431957245,-0.014915836974978447,0.28593313694000244,0.5414980053901672,-0.003794298507273197,0.3175836205482483,0.5592947602272034,-0.004707015119493008,0.3496980667114258,0.5548326969146729,-0.010212958790361881,0.30511489510536194,0.5682977437973022,-0.017663970589637756,0.29482951760292053,0.602141797542572,-0.005076152738183737,0.3245828449726105,0.6132590770721436,0.00018806381558533758,0.3546085059642792,0.6063868403434753,-0.0019253967329859734,0.31382760405540466,0.6428229808807373,-0.020723700523376465,0.30724120140075684,0.6608384847640991,-0.00965371634811163,0.33915773034095764,0.6628588438034058,0.002774849534034729,0.36429363489151,0.6538367867469788,0.01129018422216177
YES,0.5174393653869629,0.5948106050491333,-1.8133130197384162e-07,0.486951619386673,0.4739781618118286,0.006300168111920357,0.4340102970600128,0.37531962990760803,-0.0002046850131591782,0.3877909779548645,0.29314756393432617,-0.009654155932366848,0.38991686701774597,0.2145513892173767,-0.02225499600172043,0.3225630521774292,0.40835580229759216,-0.004768729209899902,0.27894237637519836,0.46971485018730164,-0.002552743535488844,0.3094403147697449,0.49711599946022034,-0.006905493792146444,0.34260353446006775,0.49726900458335876,-0.011441375128924847,0.30399107933044434,0.4825921356678009,-0.01174088940024376,0.28387701511383057,0.5332627892494202,0.0003462911117821932,0.3155977129936218,0.5504035353660583,-0.0008373964810743928,0.34867924451828003,0.545914351940155,-0.006257825531065464,0.3042488098144531,0.5622007846832275,-0.015370712615549564,0.29466181993484497,0.5940564870834351,-0.0002655124990269542,0.3237100839614868,0.6044872999191284,0.004426389001309872,0.3543807566165924,0.5981301665306091,0.0015008901245892048,0.3123500943183899,0.638206958770752,-0.019135477021336555,0.309378057718277,0.6540725827217102,-0.005424322560429573,0.34101372957229614,0.6566150188446045,0.0065555814653635025,0.36625126004219055,0.6484370231628418,0.0144739281386137
YES,0.514482855796814,0.5822966694831848,-1.9299972109365626e-07,0.48600953817367554,0.46175137162208557,0.0071993498131632805,0.43435990810394287,0.3655403256416321,0.0016369002405554056,0.38888320326805115,0.2845074534416199,-0.00674864137545228,0.39287567138671875,0.20583754777908325,-0.01847795583307743,0.323405385017395,0.3969409167766571,-0.0013077841140329838,0.2948455214500427,0.45803385972976685,0.003108157077804208,0.32832422852516174,0.48227590322494507,-0.00168216519523412,0.35930243134498596,0.48130932450294495,-0.007107010576874018,0.3047068119049072,0.47078096866607666,-0.008305458351969719,0.2961231470108032,0.519804835319519,0.007144900970160961,0.32825198769569397,0.5354447960853577,0.0053460863418877125,0.3595013916492462,0.5313926339149475,-0.0013070006389170885,0.30505841970443726,0.5490291714668274,-0.011708630248904228,0.3044777512550354,0.5793406963348389,0.005790279246866703,0.33347466588020325,0.5887697339057922,0.009302106685936451,0.3625949025154114,0.5820679664611816,0.0051260520704090595,0.313201904296875,0.6231734752655029,-0.01513296365737915,0.3128003776073456,0.6398524641990662,0.0005636251880787313,0.3432227075099945,0.6424291729927063,0.013175535015761852,0.36737269163131714,0.6356042623519897,0.021261539310216904
YES,0.5216398239135742,0.6105204224586487,-1.5173189638062468e-07,0.4902496039867401,0.49000003933906555,0.0018742909887805581,0.43613922595977783,0.3896964192390442,-0.007510513067245483,0.3925637900829315,0.306493878364563,-0.01889650523662567,0.39466509222984314,0.224534273147583,-0.033190879970788956,0.32823148369789124,0.4241253733634949,-0.011659194715321064,0.29379236698150635,0.4874119758605957,-0.014122561551630497,0.3272741436958313,0.5101261734962463,-0.021516866981983185,0.36093273758888245,0.5087100863456726,-0.0275642741471529,0.3101107180118561,0.4981110990047455,-0.01770850457251072,0.2941393554210663,0.5506861209869385,-0.009709296748042107,0.32638195157051086,0.5652807950973511,-0.012489746324717999,0.3586461544036865,0.5594719648361206,-0.018606072291731834,0.310261070728302,0.5784382820129395,-0.02079583890736103,0.3046274781227112,0.6124695539474487,-0.010316163301467896,0.3339887857437134,0.6215408444404602,-0.0066412813030183315,0.3636002838611603,0.6137350797653198,-0.009400631301105022,0.3174847364425659,0.6561218500137329,-0.024251176044344902,0.31678715348243713,0.6734031438827515,-0.015145862475037575,0.34904730319976807,0.6742235422134399,-0.004527304787188768,0.373831570148468,0.6654806137084961,0.0032598969992250204
YES,0.5253377556800842,0.5885929465293884,-2.0937510214480426e-07,0.4961117208003998,0.4713444113731384,0.0032925810664892197,0.43885141611099243,0.3757057189941406,-0.0023437589406967163,0.39610937237739563,0.2954670488834381,-0.01092271227389574,0.39951053261756897,0.22197270393371582,-0.0217400211840868,0.33184942603111267,0.41406863927841187,-0.001195039483718574,0.29226410388946533,0.4709506630897522,-0.00469593983143568,0.3241406977176666,0.4948332905769348,-0.014270443469285965,0.3568333685398102,0.49305737018585205,-0.021637244150042534,0.31650257110595703,0.48426756262779236,-0.007498316001147032,0.29424455761909485,0.5350023508071899,-0.001113702543079853,0.3259018659591675,0.5491129755973816,-0.0042611295357346535,0.3575541377067566,0.5420029163360596,-0.009430362842977047,0.31829532980918884,0.5581889152526855,-0.011997235007584095,0.3102235198020935,0.5939102172851562,-0.00318588106893003,0.33891135454177856,0.6009271740913391,-6.787163147237152e-05,0.36711329221725464,0.5910931825637817,-0.0017228091601282358,0.3261191248893738,0.6277849078178406,-0.01712016761302948,0.3266882300376892,0.6504795551300049,-0.007772969547659159,0.3567863702774048,0.6506826281547546,0.0022129719145596027,0.37936607003211975,0.6389137506484985,0.009742459282279015
YES,0.5353478193283081,0.5240679383277893,-2.3980089736141963e-07,0.5122050642967224,0.4134024977684021,0.004509970545768738,0.4577307403087616,0.31474068760871887,0.0016489244299009442,0.4154866933822632,0.2351788729429245,-0.003910193219780922,0.41875720024108887,0.16164535284042358,-0.011623010039329529,0.3519077003002167,0.34120336174964905,0.006037998478859663,0.30278491973876953,0.397854208946228,0.008147086948156357,0.32626378536224365,0.4317032992839813,0.0032281242311000824,0.3552520275115967,0.43508970737457275,-0.0016567057464271784,0.33639177680015564,0.40559902787208557,0.00011593625822570175,0.30277758836746216,0.4637404978275299,0.011121121235191822,0.32786333560943604,0.48511531949043274,0.01045555341988802,0.35598281025886536,0.48001232743263245,0.005865519400686026,0.33571964502334595,0.47738781571388245,-0.004166429862380028,0.3118319809436798,0.5228936076164246,0.007232549134641886,0.33899998664855957,0.5366459488868713,0.012440343387424946,0.3666450083255768,0.5275319814682007,0.011092986911535263,0.3416309654712677,0.5487865209579468,-0.008940957486629486,0.32491934299468994,0.5814211368560791,0.0007791356183588505,0.35494765639305115,0.5860692262649536,0.012295457534492016,0.3796599209308624,0.5742048621177673,0.02034720592200756
YES,0.5434001088142395,0.5201587677001953,-2.1751070278241968e-07,0.5195943117141724,0.4065403342247009,0.0024232170544564724,0.46738946437835693,0.3094877600669861,-0.003982708789408207,0.4249579608440399,0.22921374440193176,-0.012463284656405449,0.43006032705307007,0.15220147371292114,-0.023485511541366577,0.36201906204223633,0.33159250020980835,-0.006243726704269648,0.3167313039302826,0.3939021825790405,-0.006943570915609598,0.3449539542198181,0.42299002408981323,-0.013130410574376583,0.3770369589328766,0.42353689670562744,-0.01868855021893978,0.34256207942962646,0.3996107578277588,-0.012256957590579987,0.316498339176178,0.45687898993492126,-0.004399212542921305,0.3470309376716614,0.47383734583854675,-0.005976922810077667,0.378990113735199,0.46790510416030884,-0.010702470317482948,0.3403576612472534,0.47476598620414734,-0.01575499214231968,0.3244725167751312,0.5160024166107178,-0.005686732474714518,0.3530008792877197,0.5275325775146484,3.4418604627717286e-05,0.38171374797821045,0.5193240642547607,-0.0008153980015777051,0.346198707818985,0.548447847366333,-0.019761547446250916,0.333650141954422,0.5732307434082031,-0.011037821881473064,0.36368006467819214,0.5765241384506226,0.0009619903285056353,0.38802289962768555,0.5670504570007324,0.009804386645555496
YES,0.5535242557525635,0.5865491628646851,-2.2120245546375372e-07,0.5231172442436218,0.46388909220695496,0.005481882952153683,0.4694323241710663,0.36429131031036377,-0.0008332100114785135,0.4236798882484436,0.2804495394229889,-0.009354558773338795,0.4256349503993988,0.19826126098632812,-0.02052786946296692,0.3591932952404022,0.3867649435997009,-0.003286659950390458,0.3141639232635498,0.4496319591999054,-0.0008727984968572855,0.34585702419281006,0.4761974811553955,-0.005688587669283152,0.3786987066268921,0.4739905297756195,-0.010846229270100594,0.34154707193374634,0.4597334861755371,-0.009832021780312061,0.3157408833503723,0.515372097492218,0.0013689211336895823,0.34818944334983826,0.5325319766998291,0.00010248791659250855,0.3809784948825836,0.5263934135437012,-0.005315801128745079,0.3409472107887268,0.5390545129776001,-0.01318221166729927,0.3234504461288452,0.5765301585197449,-0.0005614644032903016,0.35327261686325073,0.5895164012908936,0.005301047582179308,0.3832840323448181,0.5828016400337219,0.00387853872962296,0.3482106924057007,0.6151046752929688,-0.016501620411872864,0.3315650224685669,0.6325656771659851,-0.005616773385554552,0.3634167015552521,0.6386234164237976,0.007770976517349482,0.3898800313472748,0.6315820217132568,0.01744110696017742
YES,0.555385947227478,0.5708004832267761,-2.3919292857499386e-07,0.5310614109039307,0.45091512799263,0.008212997578084469,0.47767001390457153,0.3499481976032257,0.006341768428683281,0.4304005801677704,0.2677793800830841,0.0014411462470889091,0.43015336990356445,0.1905612051486969,-0.0059980107471346855,0.36800163984298706,0.37552177906036377,0.006805856246501207,0.3162945508956909,0.42526906728744507,0.01321309246122837,0.3363642692565918,0.46443971991539,0.01217610388994217,0.3618584871292114,0.47222235798835754,0.009034940041601658,0.3500292897224426,0.4450087547302246,-0.0002785785763990134,0.3153104782104492,0.4987339973449707,0.013659989461302757,0.34307411313056946,0.5235188603401184,0.015556194819509983,0.3740626573562622,0.5190070271492004,0.012222948484122753,0.3488900065422058,0.5222070217132568,-0.004794086795300245,0.32394686341285706,0.5628405213356018,0.009136143140494823,0.35390782356262207,0.5808181762695312,0.01608445681631565,0.38442519307136536,0.5733286738395691,0.015043453313410282,0.35619112849235535,0.5969617962837219,-0.009267440065741539,0.33880409598350525,0.6233981847763062,0.0025111637078225613,0.3701205253601074,0.6311506032943726,0.015174814499914646,0.3962475061416626,0.6206784844398499,0.023550579324364662
YES,0.5574917197227478,0.5775686502456665,-2.2198096871761663e-07,0.533069372177124,0.45770472288131714,0.008263641968369484,0.48231762647628784,0.35756146907806396,0.004007810726761818,0.43435487151145935,0.27426260709762573,-0.0026902940589934587,0.4348912239074707,0.19406810402870178,-0.012112254276871681,0.37590646743774414,0.37549981474876404,-0.0004019735788460821,0.3181144893169403,0.4301813244819641,0.007933842949569225,0.3390781879425049,0.47143444418907166,0.010615099221467972,0.36557915806770325,0.4794180393218994,0.009716766886413097,0.3588365316390991,0.44392573833465576,-0.007533515803515911,0.31524378061294556,0.5009990930557251,0.007750129792839289,0.34277236461639404,0.526286780834198,0.012167781591415405,0.3748133182525635,0.5225203633308411,0.009907221421599388,0.35663315653800964,0.5219572186470032,-0.011228794232010841,0.3250240385532379,0.5650395154953003,0.005243338644504547,0.35549119114875793,0.583246648311615,0.014063396491110325,0.3861698508262634,0.5761643052101135,0.013000239618122578,0.3626786470413208,0.5990208387374878,-0.014667068608105183,0.33903616666793823,0.6231822967529297,-0.0009128687088377774,0.37095704674720764,0.631213903427124,0.013020996935665607,0.3978000581264496,0.6222214698791504,0.021429073065519333
YES,0.5633419752120972,0.5909960865974426,-2.4135567855410045e-07,0.5393790006637573,0.4726465344429016,0.005190057680010796,0.48644161224365234,0.3711111545562744,0.0015015385579317808,0.43686190247535706,0.2895093262195587,-0.0040319375693798065,0.43616679310798645,0.2110404670238495,-0.011770268902182579,0.37734436988830566,0.3924245536327362,-0.00039444398134946823,0.31960272789001465,0.44676458835601807,0.004343165550380945,0.3429935574531555,0.48494428396224976,0.0035149443428963423,0.3715377151966095,0.48994505405426025,0.0011014058254659176,0.36029255390167236,0.4621696472167969,-0.006009561475366354,0.3157113194465637,0.5162224173545837,0.005665131378918886,0.3443712592124939,0.5412276387214661,0.008288227021694183,0.3775944113731384,0.536693811416626,0.00621017487719655,0.3576318025588989,0.5391826033592224,-0.008982147090137005,0.3270719647407532,0.580405056476593,0.003135623876005411,0.3560406267642975,0.5988337993621826,0.010574940592050552,0.38659584522247314,0.5918980240821838,0.010644805617630482,0.36320894956588745,0.6150371432304382,-0.01190906297415495,0.33953359723091125,0.6369789838790894,-0.0011841144878417253,0.3700762689113617,0.6466165781021118,0.011783783324062824,0.3966686427593231,0.6389403343200684,0.020845264196395874
YES,0.5666961669921875,0.5828675627708435,-2.3225470613397192e-07,0.5431299209594727,0.46575725078582764,0.0019982359372079372,0.49254468083381653,0.36543628573417664,-0.003729742718860507,0.44302961230278015,0.2850915193557739,-0.010684353299438953,0.4407701790332794,0.20679622888565063,-0.01953599601984024,0.3849197328090668,0.3841131925582886,-0.005339968018233776,0.3268028497695923,0.43317314982414246,-0.00370000465773046,0.34548795223236084,0.47398170828819275,-0.005849810782819986,0.37059924006462097,0.4832379221916199,-0.008936956524848938,0.3670482337474823,0.45507025718688965,-0.010401449166238308,0.31893402338027954,0.5041554570198059,-0.0023226216435432434,0.34510338306427,0.532170832157135,0.0001313485554419458,0.37729063630104065,0.5306518077850342,-0.00149147876072675,0.3638136684894562,0.5330774784088135,-0.013150452636182308,0.33054184913635254,0.5716363787651062,-0.0042901551350951195,0.35923492908477783,0.5912511944770813,0.004166790284216404,0.3899857997894287,0.5848333239555359,0.005607957020401955,0.3693940043449402,0.609199047088623,-0.016082217916846275,0.34448203444480896,0.6287500262260437,-0.007718442473560572,0.3746950328350067,0.6389992237091064,0.005555798765271902,0.40099722146987915,0.6316004991531372,0.015128939412534237
YES,0.5718879103660583,0.5875973701477051,-2.1770121350073168e-07,0.548221230506897,0.4705848693847656,0.002416991861537099,0.49692609906196594,0.36877962946891785,-0.004342344123870134,0.44830235838890076,0.2886359393596649,-0.01274238433688879,0.4464462995529175,0.2105981707572937,-0.023063013330101967,0.39041125774383545,0.38970038294792175,-0.007483746390789747,0.3269263207912445,0.441336989402771,-0.007520969491451979,0.3486735224723816,0.4782804250717163,-0.009153437800705433,0.3773524761199951,0.4828486144542694,-0.011482731439173222,0.37403246760368347,0.45854610204696655,-0.013479589484632015,0.3239792287349701,0.5096937417984009,-0.007053982466459274,0.3525397479534149,0.5347757935523987,-0.0038309204392135143,0.3860374391078949,0.528739333152771,-0.004882329143583775,0.37103271484375,0.5350980162620544,-0.01728764921426773,0.3349582552909851,0.5732775926589966,-0.009875091724097729,0.3649853467941284,0.5924661755561829,-0.0007092237356118858,0.39583539962768555,0.5840561389923096,0.0011827503331005573,0.3764386475086212,0.6105450987815857,-0.0211915522813797,0.34803682565689087,0.629858136177063,-0.013801160268485546,0.3795013129711151,0.639569878578186,-0.00045145602780394256,0.4064152240753174,0.6306007504463196,0.009133890271186829
YES,0.5874309539794922,0.6449136734008789,-2.2333850324685045e-07,0.5720007419586182,0.5231489539146423,0.0035481711383908987,0.518557608127594,0.42500609159469604,-0.002060701372101903,0.46901583671569824,0.3462618589401245,-0.010013868100941181,0.4634963274002075,0.26854246854782104,-0.018246611580252647,0.42174452543258667,0.43707722425460815,-0.0062018344178795815,0.33270829916000366,0.4537472128868103,-0.013200389221310616,0.3567466139793396,0.4866836965084076,-0.01885361783206463,0.39378225803375244,0.49132660031318665,-0.02207810990512371,0.40364179015159607,0.5105733871459961,-0.013715365901589394,0.31742748618125916,0.5164518356323242,-0.01364010851830244,0.34629976749420166,0.5400585532188416,-0.009548462927341461,0.38407689332962036,0.5430968403816223,-0.007438397500663996,0.3972459137439728,0.588127851486206,-0.020224567502737045,0.32608693838119507,0.589654266834259,-0.01876036636531353,0.3561943769454956,0.6055062413215637,-0.005266196560114622,0.3911043107509613,0.6058309674263,0.002252870937809348,0.3997132182121277,0.6627871990203857,-0.026430901139974594,0.3424145579338074,0.6562188267707825,-0.022138036787509918,0.36969196796417236,0.6647405624389648,-0.005653693340718746,0.39857587218284607,0.6638247966766357,0.006865492556244135
YES,0.6658796668052673,0.8398454785346985,2.466315436322475e-07,0.6437954902648926,0.7157092690467834,-0.0007363389013335109,0.5816202163696289,0.6169054508209229,-0.011203200556337833,0.515777587890625,0.5494133830070496,-0.018412599340081215,0.47474637627601624,0.5088210105895996,-0.02400433085858822,0.5351567268371582,0.6491546034812927,-0.0619429387152195,0.427379310131073,0.5872436761856079,-0.0772671326994896,0.42750802636146545,0.548488974571228,-0.07191373407840729,0.45562633872032166,0.536033034324646,-0.06138651445508003,0.5050504803657532,0.7283114194869995,-0.061492837965488434,0.39413002133369446,0.659878134727478,-0.06394883245229721,0.40023720264434814,0.6223818063735962,-0.04865128919482231,0.43005791306495667,0.6132934093475342,-0.03821027651429176,0.48621895909309387,0.8000829219818115,-0.05651615187525749,0.40232300758361816,0.7314444780349731,-0.048735395073890686,0.4137691557407379,0.697083592414856,-0.02817653864622116,0.44393816590309143,0.6920556426048279,-0.017377743497490883,0.47950729727745056,0.8580033779144287,-0.05065472424030304,0.42323166131973267,0.798043429851532,-0.040126506239175797,0.42919328808784485,0.7621791362762451,-0.022465888410806656,0.4478680491447449,0.7525883316993713,-0.00982283428311348
YES,0.5027543902397156,0.6566288471221924,-6.26362350431009e-07,0.5112326145172119,0.5259265303611755,-0.0019674422219395638,0.5567484498023987,0.4171389937400818,-0.013706940226256847,0.5964194536209106,0.3287416696548462,-0.026039302349090576,0.5888240337371826,0.2510656416416168,-0.037185098975896835,0.651156485080719,0.4270540177822113,-0.029856029897928238,0.7245640754699707,0.4271770715713501,-0.03724638745188713,0.6977405548095703,0.4561364948749542,-0.037990644574165344,0.6632646322250366,0.47398802638053894,-0.03804440423846245,0.6809638142585754,0.5046895146369934,-0.03555969521403313,0.7253314852714539,0.49801015853881836,-0.02780403010547161,0.6924516558647156,0.515971839427948,-0.020639896392822266,0.6608906984329224,0.5332363247871399,-0.02166946977376938,0.6940906643867493,0.5884601473808289,-0.0391826368868351,0.7253994345664978,0.5675213932991028,-0.029461262747645378,0.6980111002922058,0.5800474286079407,-0.01835429109632969,0.666467547416687,0.5960047841072083,-0.017870193347334862,0.6983177065849304,0.6675682663917542,-0.042881079018116,0.7198180556297302,0.637243390083313,-0.031791865825653076,0.6944189667701721,0.6430809497833252,-0.016794292256236076,0.6693898439407349,0.6565564870834351,-0.008667966350913048
YES,0.5549656748771667,0.5264544486999512,-5.095753294881433e-07,0.5618029236793518,0.3894430994987488,-0.004862999077886343,0.6068590879440308,0.28945469856262207,-0.011134866625070572,0.6442164182662964,0.21428857743740082,-0.017713407054543495,0.6395702958106995,0.1466808021068573,-0.023510608822107315,0.7303106188774109,0.30671069025993347,0.0015295097837224603,0.7299888134002686,0.3159596025943756,-0.002060088561847806,0.6995118260383606,0.3430650234222412,-0.012749018147587776,0.6730338931083679,0.3614710569381714,-0.021226679906249046,0.7563804388046265,0.3791947066783905,-0.0010042712092399597,0.7407813668251038,0.37263429164886475,0.007766583934426308,0.7102559208869934,0.3886049687862396,0.0035618310794234276,0.6851199865341187,0.4112396836280823,-0.004626632668077946,0.7606315016746521,0.45243754982948303,-0.0031018382869660854,0.7451149225234985,0.4357829988002777,0.0029483595862984657,0.7177525162696838,0.4473639130592346,0.005540982820093632,0.6909939050674438,0.46581315994262695,0.0030019553378224373,0.756485104560852,0.5178899168968201,-0.006060555577278137,0.7425352334976196,0.4993937611579895,-0.00013454943837132305,0.714530348777771,0.5065772533416748,0.00972395297139883,0.6920703649520874,0.5196396708488464,0.01646462082862854
YES,0.6223364472389221,0.46375226974487305,-6.006729904584063e-07,0.6304395198822021,0.33294105529785156,-0.006504149176180363,0.6727789044380188,0.2391422986984253,-0.017408616840839386,0.7088840007781982,0.16157953441143036,-0.027008242905139923,0.7015938758850098,0.09137189388275146,-0.03535545617341995,0.7994186878204346,0.24863818287849426,-0.0132557088509202,0.7841901183128357,0.27019384503364563,-0.013846013695001602,0.750994861125946,0.29821664094924927,-0.020070606842637062,0.7269899249076843,0.31228137016296387,-0.027203477919101715,0.8240419626235962,0.3236914277076721,-0.016209175810217857,0.8010309338569641,0.3293783962726593,-0.005770562682300806,0.7683232426643372,0.3452357351779938,-0.0073334164917469025,0.7426093220710754,0.3622916042804718,-0.0155954509973526,0.8279626369476318,0.4005613327026367,-0.017078828066587448,0.807604968547821,0.39139318466186523,-0.00741141801699996,0.778817892074585,0.40130406618118286,-0.0015514143742620945,0.751792311668396,0.4156002998352051,-0.004227769561111927,0.8225694298744202,0.47007519006729126,-0.018825173377990723,0.8109813928604126,0.45551371574401855,-0.009778760373592377,0.7816547155380249,0.460742712020874,0.0032746419310569763,0.7584188580513,0.47043654322624207,0.010883305221796036
YES,0.6471379399299622,0.46606171131134033,-7.062186000439397e-07,0.653298556804657,0.3327063322067261,-0.007736796047538519,0.6969830989837646,0.24007992446422577,-0.018375389277935028,0.7350482940673828,0.16309383511543274,-0.027254320681095123,0.7302038073539734,0.0904635488986969,-0.03481591120362282,0.8228919506072998,0.25831544399261475,-0.018913842737674713,0.7930027842521667,0.28498169779777527,-0.021640755236148834,0.7628198862075806,0.3131747245788574,-0.026932545006275177,0.7406519651412964,0.32832062244415283,-0.033431608229875565,0.8509939908981323,0.33324918150901794,-0.022340908646583557,0.813167929649353,0.3519722819328308,-0.013202342204749584,0.7807459235191345,0.3681149482727051,-0.013908800669014454,0.7574774622917175,0.38144418597221375,-0.022184818983078003,0.856913149356842,0.4101245701313019,-0.02380296401679516,0.8189873695373535,0.4161813259124756,-0.016245782375335693,0.7902033925056458,0.42485788464546204,-0.01130067091435194,0.7653684616088867,0.4323590099811554,-0.015215637162327766,0.8494336009025574,0.4788530468940735,-0.026552241295576096,0.8209628462791443,0.48142188787460327,-0.020434267818927765,0.7924726605415344,0.48666515946388245,-0.010669783689081669,0.7708008885383606,0.48889726400375366,-0.005704312119632959
YES,0.6433488130569458,0.47149911522865295,-7.213080266410543e-07,0.6510739326477051,0.3385627567768097,-0.004684641025960445,0.6982519030570984,0.2433149665594101,-0.013196025043725967,0.7373504638671875,0.16462792456150055,-0.020644299685955048,0.7338548302650452,0.09205934405326843,-0.026801249012351036,0.8240643739700317,0.25869157910346985,-0.013656128197908401,0.7974808812141418,0.29694703221321106,-0.014661203138530254,0.7663580179214478,0.3226439952850342,-0.019619625061750412,0.7434314489364624,0.3338627219200134,-0.026303604245185852,0.8518995046615601,0.3339444398880005,-0.018411319702863693,0.8163439035415649,0.363657146692276,-0.006065526977181435,0.7830914855003357,0.37927377223968506,-0.005501300096511841,0.7601242065429688,0.3905154764652252,-0.013529187068343163,0.8576093316078186,0.412738561630249,-0.02123137190937996,0.822132408618927,0.4273017942905426,-0.01123377587646246,0.7925963997840881,0.4360135793685913,-0.005981175694614649,0.7669934034347534,0.4416953921318054,-0.010275514796376228,0.8503007888793945,0.4835147261619568,-0.025205271318554878,0.8227620720863342,0.49234408140182495,-0.017075881361961365,0.7939798831939697,0.4981890320777893,-0.006821230985224247,0.7716041207313538,0.49948203563690186,-0.001851084642112255
YES,0.6336342692375183,0.4847570061683655,-7.30368924450886e-07,0.6423043012619019,0.3478841483592987,-0.0038320193998515606,0.6897488236427307,0.2504882514476776,-0.012804160825908184,0.7291423678398132,0.16945061087608337,-0.020634416490793228,0.7249345779418945,0.09440663456916809,-0.0273369662463665,0.8187249302864075,0.26208487153053284,-0.014485515654087067,0.7889918684959412,0.2917782962322235,-0.01475392747670412,0.7559805512428284,0.3197377622127533,-0.019751476123929024,0.7330965995788574,0.33339375257492065,-0.02681848220527172,0.8474743962287903,0.33886945247650146,-0.019382314756512642,0.806656539440155,0.3602253794670105,-0.00647389842197299,0.7718332409858704,0.3772735297679901,-0.006225572433322668,0.7486810684204102,0.3918086886405945,-0.014635776169598103,0.8523728251457214,0.4194447994232178,-0.021859845146536827,0.8119619488716125,0.42778441309928894,-0.010615230537950993,0.780897855758667,0.4364051818847656,-0.004851908888667822,0.7546627521514893,0.4439055919647217,-0.009205891750752926,0.8439944982528687,0.491878867149353,-0.0254009161144495,0.8141811490058899,0.4966622292995453,-0.01660962589085102,0.7843189239501953,0.5026108026504517,-0.0057836552150547504,0.7618820071220398,0.5050734877586365,-0.00046321324771270156
YES,0.6168312430381775,0.4975689947605133,-6.468966375905438e-07,0.6302345395088196,0.35959598422050476,-0.004678925033658743,0.6784281134605408,0.261586993932724,-0.015356719493865967,0.717044472694397,0.17963802814483643,-0.025186151266098022,0.7095483541488647,0.10611376166343689,-0.03412468358874321,0.8039684295654297,0.2814786434173584,-0.013712696731090546,0.7862347364425659,0.297854483127594,-0.013937040232121944,0.7530997395515442,0.3266044557094574,-0.020086219534277916,0.729477047920227,0.34346601366996765,-0.027880946174263954,0.8294811248779297,0.36009079217910767,-0.01807112991809845,0.8041008710861206,0.3618803024291992,-0.0065607791766524315,0.7707294225692749,0.37898170948028564,-0.008008884266018867,0.747539222240448,0.3984698951244354,-0.017368966713547707,0.8320032954216003,0.4404574930667877,-0.01975364238023758,0.809541642665863,0.43083250522613525,-0.008982852101325989,0.7788899540901184,0.4411424696445465,-0.0021033689845353365,0.7525086998939514,0.4552219808101654,-0.005386429838836193,0.8240163922309875,0.5127278566360474,-0.02221677638590336,0.8084646463394165,0.501670241355896,-0.01181698776781559,0.7780227065086365,0.5073579549789429,0.0020891246385872364,0.7562862038612366,0.5166211724281311,0.009419318288564682
YES,0.5946698188781738,0.5164788365364075,-6.439865387619648e-07,0.6085669994354248,0.3726465404033661,-0.004694730043411255,0.656266450881958,0.2734721302986145,-0.0163812804967165,0.6932180523872375,0.19011597335338593,-0.02753124013543129,0.6879895329475403,0.11340579390525818,-0.03786681219935417,0.7819840312004089,0.2948548495769501,-0.015077106654644012,0.7680819034576416,0.300492525100708,-0.018272921442985535,0.7331806421279907,0.33174169063568115,-0.026107778772711754,0.7075288891792297,0.3526795506477356,-0.03366010636091232,0.806822657585144,0.37474238872528076,-0.01847631111741066,0.7829495072364807,0.36465078592300415,-0.009891550987958908,0.748490035533905,0.3815324008464813,-0.012822693213820457,0.7237042188644409,0.40307676792144775,-0.02208738587796688,0.8083622455596924,0.4554041624069214,-0.019182326272130013,0.7847778797149658,0.4362979233264923,-0.010483809746801853,0.7543003559112549,0.4468685984611511,-0.00477280467748642,0.7267032861709595,0.46398046612739563,-0.007733340375125408,0.8005412220954895,0.5259851813316345,-0.02045339345932007,0.7848692536354065,0.5075268745422363,-0.011123085394501686,0.7541607618331909,0.5130565166473389,0.002434376860037446,0.7314313650131226,0.5250474214553833,0.010152515023946762
YES,0.5771305561065674,0.5210755467414856,-6.208418881215039e-07,0.5909342169761658,0.3775501251220703,-0.003293767338618636,0.6404302716255188,0.27902984619140625,-0.012265406548976898,0.6802916526794434,0.19346314668655396,-0.02059623785316944,0.670921802520752,0.11805304884910583,-0.02777029201388359,0.7615023255348206,0.28567445278167725,-0.010263997130095959,0.7614259123802185,0.31992414593696594,-0.008412365801632404,0.7311820387840271,0.3491816818714142,-0.011935346759855747,0.7061410546302795,0.36030757427215576,-0.017851881682872772,0.7891190648078918,0.3647376596927643,-0.01479874737560749,0.774813175201416,0.3831605017185211,-3.7829813663847744e-05,0.74274080991745,0.4013468325138092,-0.00026115059154108167,0.7171484231948853,0.4159606695175171,-0.008846309967339039,0.7938757538795471,0.4484384059906006,-0.01682336814701557,0.7753660082817078,0.4527468681335449,-0.003949754871428013,0.7454021573066711,0.4629097580909729,0.0021205551456660032,0.7166006565093994,0.4726680517196655,-0.0018536659190431237,0.7864834070205688,0.5239883661270142,-0.01948869414627552,0.7704432606697083,0.5254694223403931,-0.007595589850097895,0.7412151098251343,0.5314894914627075,0.005256157834082842,0.7181416153907776,0.5365167856216431,0.01170275453478098
YES,0.5732220411300659,0.4885416626930237,-6.753240882062528e-07,0.5872621536254883,0.3563593029975891,-0.0012350244214758277,0.6343673467636108,0.2593172788619995,-0.008696661330759525,0.6708208322525024,0.1785449981689453,-0.016581693664193153,0.6623052358627319,0.10708469152450562,-0.02348329871892929,0.75310879945755,0.26807522773742676,-0.007182314060628414,0.7470841407775879,0.32111796736717224,-0.009052653796970844,0.7169421315193176,0.35042446851730347,-0.015837758779525757,0.6901131868362427,0.35892072319984436,-0.02390163764357567,0.7804443836212158,0.34155353903770447,-0.01461575273424387,0.7595397233963013,0.3842534124851227,-0.0014278998132795095,0.7273035645484924,0.403085857629776,-0.0021544545888900757,0.7035271525382996,0.4123604893684387,-0.011423828080296516,0.7866491079330444,0.42146065831184387,-0.020513134077191353,0.7644519209861755,0.44777944684028625,-0.010116112418472767,0.73363196849823,0.4590619206428528,-0.004898310173302889,0.7068976759910583,0.46233609318733215,-0.009464701637625694,0.7806780934333801,0.4967691898345947,-0.02738846279680729,0.7641167640686035,0.5156700611114502,-0.018490398302674294,0.7339673042297363,0.5240340828895569,-0.007519077509641647,0.7105675935745239,0.5242348909378052,-0.0023215028923004866
YES,0.5660390257835388,0.49919524788856506,-6.470712605732842e-07,0.5783114433288574,0.36432886123657227,-0.004260495770722628,0.6274328827857971,0.26370933651924133,-0.012675018049776554,0.6648306250572205,0.1804923117160797,-0.020989660173654556,0.6537806391716003,0.10802531242370605,-0.02829034999012947,0.7483214735984802,0.2718493640422821,-0.007871328853070736,0.7499371767044067,0.3148765563964844,-0.010357866063714027,0.7199479937553406,0.3459886908531189,-0.01810493879020214,0.6924532651901245,0.3562619686126709,-0.026072289794683456,0.7733561992645264,0.34875234961509705,-0.013079317286610603,0.7606885433197021,0.3783911168575287,-0.001173342694528401,0.7281180620193481,0.3972781300544739,-0.0029404466040432453,0.7020689845085144,0.4084152579307556,-0.011989659629762173,0.7780884504318237,0.4305843114852905,-0.01681734248995781,0.763759434223175,0.4425935745239258,-0.007161268498748541,0.7341655492782593,0.4542514681816101,-0.0016635748324915767,0.7055227756500244,0.4612976908683777,-0.0049447366036474705,0.7720357179641724,0.5060213804244995,-0.021471085026860237,0.762208104133606,0.5082575082778931,-0.011801263317465782,0.7330423593521118,0.5160421133041382,0.0013000515755265951,0.7090857028961182,0.5208499431610107,0.00856813509017229
YES,0.5523014068603516,0.5280185341835022,-6.319083354355826e-07,0.5637916922569275,0.3905620276927948,-0.00834408588707447,0.6177772879600525,0.2905569076538086,-0.01737935282289982,0.658381462097168,0.20546454191207886,-0.02581975981593132,0.649539053440094,0.13098913431167603,-0.03327528387308121,0.7395505309104919,0.30029886960983276,-0.008929886855185032,0.7501598596572876,0.34953340888023376,-0.014213074930012226,0.7213172316551208,0.37631648778915405,-0.024526778608560562,0.6938537955284119,0.3815109431743622,-0.03451153263449669,0.7647871971130371,0.37905919551849365,-0.013571825809776783,0.7550868988037109,0.41452470421791077,-0.0043619293719530106,0.7249559760093689,0.43063390254974365,-0.008242064155638218,0.69920414686203,0.43796566128730774,-0.018197905272245407,0.7685436010360718,0.46280720829963684,-0.017685120925307274,0.7546366453170776,0.48191535472869873,-0.011863047257065773,0.7261846661567688,0.4900713562965393,-0.009057612158358097,0.699051022529602,0.4929638206958771,-0.013331044465303421,0.7599468231201172,0.540141224861145,-0.023068686947226524,0.7441146373748779,0.5524755716323853,-0.018012739717960358,0.7156422734260559,0.5583422780036926,-0.008844182826578617,0.6931722164154053,0.5593634247779846,-0.0036635028664022684
YES,0.5412238240242004,0.5238454341888428,-5.805592877550225e-07,0.5507068037986755,0.3900855779647827,-0.005613585934042931,0.604383647441864,0.28767144680023193,-0.013264059089124203,0.6479111313819885,0.2023344486951828,-0.021017275750637054,0.6406389474868774,0.12893077731132507,-0.02732851915061474,0.7261679172515869,0.2952200472354889,-0.0041396040469408035,0.7548367977142334,0.3536554276943207,-0.004557426553219557,0.727759599685669,0.3788263499736786,-0.010224390774965286,0.6993997693061829,0.37969714403152466,-0.017917027696967125,0.7524285316467285,0.37089380621910095,-0.010273203253746033,0.7546044588088989,0.4239993393421173,0.0033104494214057922,0.7229900360107422,0.44048625230789185,0.0030135558918118477,0.6960920095443726,0.44149160385131836,-0.005444415379315615,0.7582634687423706,0.45375576615333557,-0.015933239832520485,0.755105197429657,0.48934605717658997,-0.006572400219738483,0.7238566875457764,0.4983556568622589,-0.0007952536107040942,0.6944711804389954,0.49599894881248474,-0.004326227121055126,0.7529251575469971,0.532127857208252,-0.022933337837457657,0.7455162405967712,0.5565537214279175,-0.016569919884204865,0.7148441672325134,0.5629976391792297,-0.006416774354875088,0.6895513534545898,0.5584630966186523,-0.0011180085130035877
YES,0.5365769267082214,0.4971854090690613,-5.717254794035398e-07,0.552631676197052,0.3688923716545105,-0.0012353220954537392,0.6066573858261108,0.26459673047065735,-0.007324343081563711,0.6494616866111755,0.17958292365074158,-0.014048733748495579,0.638615608215332,0.10639640688896179,-0.01909198798239231,0.7240433096885681,0.26587945222854614,-0.0027044762391597033,0.7575671076774597,0.32660341262817383,-0.001703777932561934,0.7298917770385742,0.35723933577537537,-0.004801288712769747,0.6972277760505676,0.35727664828300476,-0.010138743557035923,0.751314103603363,0.3412972688674927,-0.00985758751630783,0.7640778422355652,0.3925657570362091,0.0050223092548549175,0.7323869466781616,0.41390112042427063,0.006484023295342922,0.7009667158126831,0.41274964809417725,-0.00041789404349401593,0.7597445249557495,0.42448097467422485,-0.015956252813339233,0.7695415616035461,0.45988035202026367,-0.00628280034288764,0.7394298911094666,0.47327062487602234,-0.00025262017152272165,0.7048318982124329,0.46905142068862915,-0.0032091280445456505,0.7558422684669495,0.5035728812217712,-0.022579414770007133,0.7613686323165894,0.5255969762802124,-0.016935031861066818,0.7300505638122559,0.5353797674179077,-0.006276074796915054,0.6983569860458374,0.5303567051887512,-0.00010279335401719436
YES,0.5405590534210205,0.502975344657898,-5.879910531803034e-07,0.5556791424751282,0.36784765124320984,-0.0027655877638608217,0.6072167158126831,0.2639200985431671,-0.009592330083251,0.6490307450294495,0.1794545203447342,-0.01603078283369541,0.640201210975647,0.10519379377365112,-0.020951038226485252,0.7225362658500671,0.26668623089790344,-0.009888424538075924,0.7537162899971008,0.3286083936691284,-0.007189942989498377,0.7283419966697693,0.3567197918891907,-0.0075436364859342575,0.6981664299964905,0.3570413887500763,-0.011263398453593254,0.7508888840675354,0.3437557816505432,-0.015550699084997177,0.7607564926147461,0.39026570320129395,0.0006864018505439162,0.7311387062072754,0.4088141620159149,0.004008248448371887,0.7006962299346924,0.4106915295124054,-0.0021029971539974213,0.7598373293876648,0.4288472831249237,-0.01946358196437359,0.7601080536842346,0.45435667037963867,-0.00722557632252574,0.7317120432853699,0.4672831892967224,0.0006204250385053456,0.6997555494308472,0.46930158138275146,-0.0019587089773267508,0.7562042474746704,0.5086728930473328,-0.024080997332930565,0.7514743804931641,0.5186786651611328,-0.015966646373271942,0.7230044603347778,0.5289974212646484,-0.004270647652447224,0.6961880922317505,0.5309429168701172,0.002102866768836975
YES,0.5400152802467346,0.525799036026001,-5.580755555456562e-07,0.5546473860740662,0.3866647481918335,-0.0021298723295331,0.6082456111907959,0.279905766248703,-0.008401582948863506,0.651663601398468,0.19148659706115723,-0.014670765958726406,0.6396642923355103,0.11802998185157776,-0.018909405916929245,0.7238942980766296,0.28775957226753235,-0.0038007297553122044,0.7644611597061157,0.3367510735988617,0.001032285625115037,0.7376877069473267,0.36282092332839966,0.0018283338285982609,0.7049569487571716,0.36600789427757263,-0.0008076147641986609,0.7513467073440552,0.36595815420150757,-0.009040738455951214,0.7671893239021301,0.3994186818599701,0.009784081019461155,0.7373730540275574,0.417377769947052,0.014347797259688377,0.7063735127449036,0.423544317483902,0.009295463562011719,0.759162962436676,0.45102187991142273,-0.012834752909839153,0.767284631729126,0.46315982937812805,0.0016200329409912229,0.7391460537910461,0.4758036732673645,0.009536064229905605,0.7058616280555725,0.48154956102371216,0.007038780953735113,0.7558939456939697,0.5313761234283447,-0.017182787880301476,0.755798876285553,0.5304563045501709,-0.007748020812869072,0.7269567251205444,0.5393771529197693,0.0045293779112398624,0.699349045753479,0.5435214042663574,0.011433488689363003
YES,0.5433470010757446,0.49467703700065613,-5.386311272559396e-07,0.5596259236335754,0.36325499415397644,-0.0014143016887828708,0.6102509498596191,0.2602737247943878,-0.009166261181235313,0.6497913002967834,0.1744641810655594,-0.01745312102138996,0.6378229260444641,0.10119548439979553,-0.024159492924809456,0.7240534424781799,0.2631516456604004,-0.007505924440920353,0.7613168954849243,0.316944420337677,-0.005746262613683939,0.736722469329834,0.34688660502433777,-0.006794458720833063,0.7056127786636353,0.35071414709091187,-0.010404875501990318,0.7513819932937622,0.34068378806114197,-0.013784118928015232,0.7644862532615662,0.38015440106391907,0.002047243993729353,0.7347044348716736,0.4004194438457489,0.005485562141984701,0.7034108638763428,0.4046562910079956,-0.00018399985856376588,0.7597777843475342,0.4252516031265259,-0.01852777972817421,0.7612149715423584,0.4449777603149414,-0.004806566517800093,0.7332980036735535,0.4593755006790161,0.0033213275019079447,0.700096070766449,0.46294307708740234,0.0007272862712852657,0.7568469047546387,0.5044753551483154,-0.024066226556897163,0.7526742219924927,0.5114939212799072,-0.014145544730126858,0.7237135171890259,0.5216489434242249,-0.0020878601353615522,0.6950504779815674,0.5236330032348633,0.00427641486749053
YES,0.5396814346313477,0.48628365993499756,-5.724079983338015e-07,0.5571390390396118,0.3568144738674164,0.004489990882575512,0.6098663210868835,0.2532866597175598,0.0002519725530873984,0.6474617719650269,0.16781216859817505,-0.0056391553953289986,0.6336349844932556,0.09652221202850342,-0.009874187409877777,0.7235686779022217,0.25638338923454285,-0.0017283814959228039,0.7683820128440857,0.31689029932022095,0.0037837622221559286,0.7420408725738525,0.34665942192077637,0.005958142690360546,0.7083338499069214,0.3475864827632904,0.004521560855209827,0.7496787309646606,0.3321009576320648,-0.009973270818591118,0.7674545645713806,0.38246071338653564,0.010514868423342705,0.7369848489761353,0.4037206768989563,0.016506563872098923,0.7050633430480957,0.40404289960861206,0.01211608201265335,0.7565625905990601,0.41682764887809753,-0.01626209355890751,0.7637794613838196,0.4471113085746765,0.0017735676374286413,0.7361705899238586,0.46257901191711426,0.010125859640538692,0.7033550143241882,0.4610990881919861,0.006741679273545742,0.7523874640464783,0.4966557025909424,-0.022857198491692543,0.7550943493843079,0.516541600227356,-0.009231251664459705,0.7280567288398743,0.5268352627754211,0.002975436160340905,0.7005922794342041,0.5237506628036499,0.00863115768879652
YES,0.5396767258644104,0.5268712639808655,-6.134368391030876e-07,0.5547751188278198,0.3877806067466736,-0.000490452628582716,0.6076043248176575,0.28093186020851135,-0.008321648463606834,0.6506249904632568,0.19450567662715912,-0.01672377623617649,0.640630841255188,0.11888235807418823,-0.023344261571764946,0.7266339063644409,0.28695374727249146,-0.007288878783583641,0.7719374895095825,0.35331013798713684,-0.005848146043717861,0.742445707321167,0.3846268653869629,-0.007863834500312805,0.707744836807251,0.38380587100982666,-0.012208521366119385,0.7532979846000671,0.36533141136169434,-0.01497733499854803,0.7702810764312744,0.4216536581516266,0.0023125652223825455,0.7379457354545593,0.4425128698348999,0.005632603075355291,0.705878734588623,0.4418734908103943,-0.00047757779248058796,0.7607352137565613,0.4534910321235657,-0.021078137680888176,0.7703939080238342,0.4883260428905487,-0.008173991926014423,0.7401059865951538,0.5020347833633423,-0.0005875874194316566,0.707094132900238,0.49981388449668884,-0.0032850774005055428,0.7570006251335144,0.537521243095398,-0.02757432498037815,0.7624998092651367,0.5552067756652832,-0.018042953684926033,0.7324231266975403,0.564312756061554,-0.005129134748131037,0.7040225267410278,0.5609559416770935,0.002071535913273692
YES,0.541023313999176,0.5178148746490479,-5.668186418006371e-07,0.5572408437728882,0.3812767565250397,6.228520214790478e-05,0.6126248240470886,0.273174911737442,-0.00571659067645669,0.6565154194831848,0.18511627614498138,-0.012291369028389454,0.64310622215271,0.11202472448348999,-0.01714084856212139,0.7305122017860413,0.27908653020858765,-0.00017293411656282842,0.7726973295211792,0.3322528302669525,0.004806125536561012,0.744475781917572,0.360493928194046,0.0047545344568789005,0.7096284627914429,0.36171039938926697,0.0015700218500569463,0.7570340633392334,0.3587009310722351,-0.006661500781774521,0.7752572298049927,0.397322416305542,0.012816010043025017,0.7440170049667358,0.41797906160354614,0.016901999711990356,0.7111842632293701,0.4219106137752533,0.011364836245775223,0.7647396326065063,0.4452765882015228,-0.011660533025860786,0.7772818803787231,0.4629254937171936,0.004427684471011162,0.7479403614997864,0.47754549980163574,0.012991294264793396,0.712529718875885,0.4809578061103821,0.01053742878139019,0.7618156671524048,0.5268641114234924,-0.017169008031487465,0.766292154788971,0.5292330980300903,-0.005169263109564781,0.7363042235374451,0.5395728349685669,0.008863091468811035,0.7063743472099304,0.5425134897232056,0.016540387645363808
YES,0.5406814813613892,0.48959559202194214,-5.720968943023763e-07,0.5600168704986572,0.3588068187236786,0.0036588881630450487,0.6121079921722412,0.25758451223373413,-0.001520266174338758,0.6506808996200562,0.1719355434179306,-0.008170037530362606,0.6370692253112793,0.10070168972015381,-0.013312878087162971,0.7258567810058594,0.26172658801078796,-0.003652591025456786,0.7710946798324585,0.31175166368484497,0.0007172614568844438,0.7467684149742126,0.34035733342170715,0.0022856483701616526,0.7140485644340515,0.3460121750831604,0.0008228260558098555,0.7527732253074646,0.339960515499115,-0.010881570167839527,0.771120548248291,0.37506502866744995,0.009118858724832535,0.7414822578430176,0.39553141593933105,0.015721702948212624,0.7092276811599731,0.40115293860435486,0.011711932718753815,0.7602007389068604,0.4244690537452698,-0.0161092821508646,0.7652719020843506,0.44033434987068176,0.0027890466153621674,0.7374165058135986,0.4553108513355255,0.013259107246994972,0.703382670879364,0.4591023027896881,0.01102575846016407,0.7571167349815369,0.5021317005157471,-0.021858740597963333,0.7567513585090637,0.508948564529419,-0.0068510752171278,0.7292666435241699,0.5193607807159424,0.007150752004235983,0.7013537287712097,0.5211032629013062,0.013880115002393723
YES,0.5247589349746704,0.515515148639679,-5.926187895965995e-07,0.5432134866714478,0.38243401050567627,0.003844058606773615,0.5970200896263123,0.27841976284980774,-0.0030086245387792587,0.6376446485519409,0.18878886103630066,-0.011191627942025661,0.6240083575248718,0.11579737067222595,-0.01706484891474247,0.7070554494857788,0.273099422454834,-0.008266737684607506,0.7659222483634949,0.33327728509902954,-0.005970816593617201,0.7376450300216675,0.36975669860839844,-0.003950438462197781,0.7007755041122437,0.37121888995170593,-0.005489881616085768,0.7350832223892212,0.3461419343948364,-0.01876170188188553,0.7642779350280762,0.4043865501880646,-0.001480522216297686,0.7325894832611084,0.4312160313129425,0.005176682490855455,0.70000159740448,0.4282158613204956,0.0012569790706038475,0.7447656989097595,0.4316016137599945,-0.02723151631653309,0.7617010474205017,0.47275832295417786,-0.012017127126455307,0.7309733629226685,0.48983022570610046,-0.0012312516337260604,0.6972686648368835,0.4834499955177307,-0.0031547402031719685,0.7434641718864441,0.5150969624519348,-0.03606909513473511,0.7498835921287537,0.5416197180747986,-0.02489135041832924,0.7191404104232788,0.5519620776176453,-0.011419566348195076,0.6903291940689087,0.5431550145149231,-0.004874544218182564
YES,0.5074529647827148,0.5215476751327515,-5.626170036521216e-07,0.5307518243789673,0.38973528146743774,0.0032787939999252558,0.5810514688491821,0.2830066978931427,-0.004537504632025957,0.6203673481941223,0.19168755412101746,-0.014096011407673359,0.608321487903595,0.11830586194992065,-0.02073749713599682,0.6850484609603882,0.2802024185657501,-0.008463219739496708,0.7507870197296143,0.3388127088546753,-0.006281660869717598,0.7236759662628174,0.37888768315315247,-0.002674681134521961,0.6863808035850525,0.38224631547927856,-0.003270456101745367,0.711880624294281,0.34879404306411743,-0.02031734213232994,0.7517005801200867,0.410199373960495,-0.00613470608368516,0.7200150489807129,0.44155755639076233,-5.405877891462296e-05,0.6851601600646973,0.4396092891693115,-0.0036137073766440153,0.7229645252227783,0.43214941024780273,-0.03025807812809944,0.7476043701171875,0.4783637821674347,-0.017453523352742195,0.7157753705978394,0.49947962164878845,-0.005908574443310499,0.681155264377594,0.4947873651981354,-0.00673760287463665,0.7239717841148376,0.5168952941894531,-0.040663909167051315,0.7399911284446716,0.5474797487258911,-0.030935391783714294,0.7079476118087769,0.5601457953453064,-0.016810890287160873,0.6787501573562622,0.5536670684814453,-0.009582207538187504
YES,0.4947810769081116,0.5098666548728943,-4.942650093653356e-07,0.5212492346763611,0.38294804096221924,0.0011560834245756269,0.5721965432167053,0.274321973323822,-0.010015282779932022,0.6094775199890137,0.18301524221897125,-0.02300872839987278,0.5964290499687195,0.10965472459793091,-0.03322144225239754,0.6715816855430603,0.26968297362327576,-0.012254659086465836,0.744253933429718,0.32949820160865784,-0.017467880621552467,0.7160077095031738,0.3681407570838928,-0.021054649725556374,0.6781952381134033,0.37024548649787903,-0.025469988584518433,0.6929817199707031,0.33808431029319763,-0.024670405313372612,0.7460633516311646,0.3998270034790039,-0.015253497287631035,0.7149779796600342,0.43178096413612366,-0.010488290339708328,0.6797263622283936,0.42916178703308105,-0.014268583618104458,0.7020444869995117,0.4213595986366272,-0.035930830985307693,0.7432968616485596,0.4699634611606598,-0.026756227016448975,0.7115529775619507,0.4906386733055115,-0.013778535649180412,0.6759792566299438,0.48544514179229736,-0.012549749575555325,0.7028517723083496,0.5058565735816956,-0.0477755106985569,0.7353624105453491,0.5323523283004761,-0.03841093182563782,0.7023304104804993,0.5451258420944214,-0.021271131932735443,0.6714720726013184,0.5402664542198181,-0.011758805252611637
YES,0.4581531882286072,0.5659191608428955,-2.801342589009437e-07,0.47536152601242065,0.4445149898529053,0.011515524238348007,0.5305514335632324,0.33086565136909485,0.00030730580328963697,0.570305585861206,0.23763374984264374,-0.014068113639950752,0.5629115700721741,0.15658000111579895,-0.025232795625925064,0.6208067536354065,0.3131665587425232,-0.03148914501070976,0.7409449815750122,0.2999942898750305,-0.04855844005942345,0.7283591628074646,0.35205909609794617,-0.04934254661202431,0.686687171459198,0.3783150017261505,-0.04459549859166145,0.6477732062339783,0.3943222165107727,-0.05077274888753891,0.7824185490608215,0.39413982629776,-0.05616899952292442,0.7714452743530273,0.44495654106140137,-0.043881241232156754,0.7347038984298706,0.46501830220222473,-0.034402526915073395,0.6602804660797119,0.4838692545890808,-0.06721965968608856,0.7808010578155518,0.48158061504364014,-0.06723050773143768,0.769483745098114,0.5171101093292236,-0.043374866247177124,0.7365730404853821,0.5291812419891357,-0.02928328327834606,0.6606818437576294,0.574463963508606,-0.08219265937805176,0.7468439340591431,0.5603030920028687,-0.07772590219974518,0.7362644672393799,0.5760124325752258,-0.05248086154460907,0.7110247015953064,0.5803493857383728,-0.03428000584244728
YES,0.35067451000213623,0.8257259130477905,3.114837738849019e-07,0.36998820304870605,0.6920216679573059,0.002920502796769142,0.4188752770423889,0.5531979203224182,-0.02227708511054516,0.4552479386329651,0.44451799988746643,-0.04805343970656395,0.4478122591972351,0.3499397933483124,-0.07491053640842438,0.451401948928833,0.54924076795578,-0.08761995285749435,0.6021146178245544,0.45798763632774353,-0.13320989906787872,0.665723979473114,0.46229368448257446,-0.14968332648277283,0.6869656443595886,0.48283034563064575,-0.15315912663936615,0.47819820046424866,0.6316425204277039,-0.10846031457185745,0.641800582408905,0.5426350235939026,-0.15097270905971527,0.6862632036209106,0.542558491230011,-0.15122923254966736,0.6834243535995483,0.5592278838157654,-0.14275477826595306,0.49832531809806824,0.7275722026824951,-0.1249130368232727,0.6436190605163574,0.6389886140823364,-0.15120016038417816,0.6959813237190247,0.6110734343528748,-0.14286988973617554,0.7107293009757996,0.5935079455375671,-0.13399362564086914,0.5169541239738464,0.8269178867340088,-0.13912391662597656,0.601905345916748,0.7904080748558044,-0.15840528905391693,0.6431509852409363,0.7592467069625854,-0.15355852246284485,0.6634207963943481,0.7239519953727722,-0.14564333856105804
YES,0.9276527762413025,0.9601669311523438,-3.318706660593307e-07,0.9566234350204468,0.8524408340454102,-0.019561994820833206,0.9413588643074036,0.7321425080299377,-0.03343848139047623,0.9270811080932617,0.642228364944458,-0.04539172351360321,0.9401119351387024,0.5696191787719727,-0.05624682083725929,0.8154378533363342,0.7029277682304382,-0.03831537812948227,0.8200936913490295,0.6885486841201782,-0.06369847804307938,0.8581811189651489,0.7290178537368774,-0.08196531236171722,0.8825512528419495,0.7623430490493774,-0.09333823621273041,0.7835112810134888,0.7742986679077148,-0.0400308258831501,0.8071475028991699,0.7649887800216675,-0.055545367300510406,0.8503247499465942,0.7979272603988647,-0.06073443219065666,0.8739392161369324,0.8247267603874207,-0.06809892505407333,0.7746843695640564,0.8497141599655151,-0.043013207614421844,0.8001232743263245,0.8461370468139648,-0.06138927489519119,0.8378355503082275,0.8664980530738831,-0.05554027482867241,0.8583711385726929,0.8893268704414368,-0.05297178775072098,0.7759761810302734,0.9199637174606323,-0.047628823667764664,0.7965108752250671,0.9166509509086609,-0.06132451072335243,0.8307682871818542,0.9300183057785034,-0.053767845034599304,0.8486224412918091,0.9429901838302612,-0.04742652177810669
YES,0.9069204926490784,0.7421437501907349,-1.9765771241964103e-07,0.8746345043182373,0.6195653676986694,0.011533832177519798,0.8230792284011841,0.5049033164978027,0.0019160609226673841,0.7993254661560059,0.41326791048049927,-0.012438659556210041,0.8022701144218445,0.33412137627601624,-0.028142353519797325,0.7719366550445557,0.49359166622161865,-0.02028759755194187,0.6618053913116455,0.5095176100730896,-0.04129653051495552,0.6836801171302795,0.5510013699531555,-0.051311131566762924,0.7247263193130493,0.5566622018814087,-0.05533348768949509,0.7592766284942627,0.5647159218788147,-0.037683457136154175,0.6461349129676819,0.5822752118110657,-0.05181143060326576,0.6770135760307312,0.6159175634384155,-0.0474650003015995,0.719897985458374,0.6154915690422058,-0.044847119599580765,0.7495599985122681,0.643061637878418,-0.05397703871130943,0.6504733562469482,0.654199481010437,-0.06574223935604095,0.6837111711502075,0.6783361434936523,-0.04759533703327179,0.7251410484313965,0.6764988303184509,-0.03549571335315704,0.7435882687568665,0.7233339548110962,-0.06892146170139313,0.6652575731277466,0.7160530090332031,-0.07754997909069061,0.6964360475540161,0.7326523065567017,-0.06096276640892029,0.73374342918396,0.7355769872665405,-0.04630430042743683
YES,0.8551747798919678,0.6798228025436401,-4.0724955852056155e-07,0.828896164894104,0.557499349117279,0.009516171179711819,0.7752623558044434,0.44462430477142334,-0.003077005036175251,0.7369217276573181,0.35348421335220337,-0.018968019634485245,0.7409887313842773,0.26826730370521545,-0.0355689637362957,0.7242463827133179,0.42592865228652954,-0.035207349807024,0.6002675890922546,0.43945926427841187,-0.05796913430094719,0.6236826181411743,0.4805075228214264,-0.06399841606616974,0.6668968796730042,0.48700156807899475,-0.06482477486133575,0.711108922958374,0.4934881925582886,-0.05106204003095627,0.5873761773109436,0.514985203742981,-0.0664423257112503,0.6201087832450867,0.5474959015846252,-0.057160407304763794,0.6624961495399475,0.5450314283370972,-0.051259323954582214,0.7016632556915283,0.5714079737663269,-0.06496476382017136,0.5900434851646423,0.5867584943771362,-0.07635620981454849,0.6254433989524841,0.6121826171875,-0.05380043759942055,0.6670103669166565,0.6070021986961365,-0.03960404172539711,0.6957535147666931,0.6529046297073364,-0.07765927165746689,0.6106216311454773,0.6576579213142395,-0.0865570679306984,0.6429921388626099,0.669942319393158,-0.06997015327215195,0.679470956325531,0.6653799414634705,-0.05613391101360321
YES,0.8514559864997864,0.7504889369010925,-6.739923037457629e-07,0.8111472725868225,0.6462860703468323,0.010825179517269135,0.7444304823875427,0.5368236899375916,0.00035348330857232213,0.6935329437255859,0.4530898332595825,-0.013471962884068489,0.6721539497375488,0.38285502791404724,-0.027028562501072884,0.7313006520271301,0.4907876253128052,-0.040637437254190445,0.6010669469833374,0.47624579071998596,-0.07301756739616394,0.6179555058479309,0.5216223001480103,-0.08457846194505692,0.6564939022064209,0.5325947999954224,-0.0884985625743866,0.7284359931945801,0.5488983392715454,-0.06082221493124962,0.5851361751556396,0.53617262840271,-0.08772135525941849,0.6090189218521118,0.5824936032295227,-0.0812850221991539,0.6517695784568787,0.589388370513916,-0.075418621301651,0.7240458726882935,0.620044469833374,-0.07931886613368988,0.5912587642669678,0.6117165088653564,-0.10373412072658539,0.6186938881874084,0.6527907848358154,-0.08115997165441513,0.6613300442695618,0.6588236689567566,-0.06371070444583893,0.7173798084259033,0.6950531005859375,-0.09619162231683731,0.616631031036377,0.6905347108840942,-0.11433341354131699,0.6375282406806946,0.7182509303092957,-0.09886281192302704,0.6716914176940918,0.724966287612915,-0.08483273535966873
NO,0.29084187746047974,0.8293203711509705,-2.4676489829289494e-07,0.3964800238609314,0.883653998374939,-0.003550186986103654,0.4906354248523712,0.8884607553482056,-0.007146120071411133,0.5645725131034851,0.8784221410751343,-0.019261159002780914,0.6173111200332642,0.8835815787315369,-0.029281368479132652,0.5421338081359863,0.8032415509223938,0.020372983068227768,0.598343014717102,0.7554676532745361,-0.012857171706855297,0.562420129776001,0.8007146120071411,-0.03939727693796158,0.5293763875961304,0.8352819085121155,-0.053309809416532516,0.5241389274597168,0.7635552287101746,0.0027800113894045353,0.5748946666717529,0.7114213705062866,-0.03424180671572685,0.5427203178405762,0.7722800374031067,-0.058079175651073456,0.5091822147369385,0.8103663325309753,-0.07038646191358566,0.4995947778224945,0.7222774028778076,-0.0208628810942173,0.5523768067359924,0.6714307069778442,-0.05732385441660881,0.5246776938438416,0.7319453358650208,-0.06772199273109436,0.4915657043457031,0.7732188701629639,-0.06837314367294312,0.4673546850681305,0.6783313751220703,-0.04594007879495621,0.5204675197601318,0.6152192950248718,-0.07280045747756958,0.524942934513092,0.6187431216239929,-0.08023268729448318,0.5176780223846436,0.6191937923431396,-0.08150026947259903
NO,0.3516451418399811,0.6060537099838257,-3.366126293258276e-07,0.4232848584651947,0.6746493577957153,-0.02331853285431862,0.5229041576385498,0.7094541788101196,-0.03273103013634682,0.596193790435791,0.7370395064353943,-0.04530066251754761,0.6274437308311462,0.793002724647522,-0.05209019407629967,0.5793647170066833,0.6075791716575623,0.010332532227039337,0.6307510733604431,0.5931437611579895,-0.02566048875451088,0.569957971572876,0.6244654059410095,-0.04537823423743248,0.5373148322105408,0.6387975215911865,-0.05234723165631294,0.5649868845939636,0.5526086091995239,0.00832422636449337,0.6139938235282898,0.5353036522865295,-0.03127128258347511,0.5468059182167053,0.5810595750808716,-0.03956075757741928,0.5168686509132385,0.5968093276023865,-0.03388790413737297,0.5426073670387268,0.4967034161090851,-0.0014962072018533945,0.5963454246520996,0.47007811069488525,-0.04113306105136871,0.5384332537651062,0.5273837447166443,-0.03169836476445198,0.5053373575210571,0.5529513359069824,-0.012364174239337444,0.512298583984375,0.43723416328430176,-0.013813670724630356,0.5577049851417542,0.4231826066970825,-0.037842508405447006,0.526290237903595,0.4766969680786133,-0.028910549357533455,0.5002765655517578,0.5091104507446289,-0.013074933551251888
NO,0.3910957872867584,0.4217466115951538,-3.2710931918700226e-07,0.4426822066307068,0.5015309453010559,-0.03391189128160477,0.5240543484687805,0.5679057836532593,-0.05162535607814789,0.5911095142364502,0.6191025376319885,-0.06980209797620773,0.6242090463638306,0.683528482913971,-0.08159323036670685,0.5986732244491577,0.462328165769577,-0.0028542019426822662,0.6476374864578247,0.4537927210330963,-0.03990074247121811,0.5826817154884338,0.4666370153427124,-0.05756684020161629,0.549924373626709,0.4754757881164551,-0.06265883147716522,0.5933328866958618,0.3994123041629791,-9.761976252775639e-05,0.640106737613678,0.3906910717487335,-0.03708834946155548,0.5636551976203918,0.4158228635787964,-0.040601179003715515,0.5383744835853577,0.4238280951976776,-0.03220842778682709,0.5795412659645081,0.3397065997123718,-0.005627864506095648,0.6336129903793335,0.3210495114326477,-0.045654237270355225,0.5647864937782288,0.3561599850654602,-0.03246251493692398,0.5338923931121826,0.36818477511405945,-0.010743788443505764,0.5585514903068542,0.27941232919692993,-0.014056132175028324,0.6054415106773376,0.25842392444610596,-0.03798103705048561,0.564670979976654,0.29833275079727173,-0.025235235691070557,0.5368030667304993,0.32153722643852234,-0.006297789514064789
NO,0.42647016048431396,0.36912351846694946,-3.5340704584996274e-07,0.4674121141433716,0.4605453908443451,-0.03437884524464607,0.542153537273407,0.5400752425193787,-0.052776094526052475,0.607257604598999,0.6017767786979675,-0.07138022035360336,0.6335318684577942,0.6710535883903503,-0.08373872190713882,0.62181556224823,0.4429847300052643,-0.009090036153793335,0.674744188785553,0.4381244480609894,-0.04794977232813835,0.610129714012146,0.4385620653629303,-0.06639014184474945,0.5760893821716309,0.4387105107307434,-0.07199686020612717,0.6212781667709351,0.37765568494796753,-0.00629682932049036,0.6718641519546509,0.3706481158733368,-0.04364369437098503,0.5965784788131714,0.3844913840293884,-0.04738156497478485,0.5729601979255676,0.38571786880493164,-0.03991830721497536,0.6115202307701111,0.3150033950805664,-0.011201131157577038,0.6706490516662598,0.30227506160736084,-0.04991845786571503,0.59877610206604,0.3273048400878906,-0.034273356199264526,0.5686378479003906,0.3318274915218353,-0.011998351663351059,0.5942311882972717,0.2500421404838562,-0.01923486962914467,0.6433397531509399,0.23623625934123993,-0.04112403094768524,0.6000308394432068,0.2679063081741333,-0.026347532868385315,0.5731163024902344,0.28239578008651733,-0.00708518223837018
NO,0.45025670528411865,0.399238646030426,-3.8751429087824363e-07,0.48386478424072266,0.4977312684059143,-0.03902459517121315,0.5462813973426819,0.5837308168411255,-0.06132827699184418,0.6048338413238525,0.650519609451294,-0.08287910372018814,0.6291220188140869,0.7240510582923889,-0.09592017531394958,0.6374883651733398,0.5033218860626221,-0.013585947453975677,0.6927909851074219,0.4967891573905945,-0.05251728743314743,0.627518355846405,0.49297308921813965,-0.06610523909330368,0.6004162430763245,0.4996700584888458,-0.06844738870859146,0.6376633048057556,0.4401909410953522,-0.009233981370925903,0.6901410222053528,0.43198925256729126,-0.04810085892677307,0.6096186637878418,0.4374455213546753,-0.045882899314165115,0.5955410599708557,0.44658544659614563,-0.03382881358265877,0.6335877180099487,0.3788718581199646,-0.013566810637712479,0.6927953362464905,0.37219512462615967,-0.05404648929834366,0.6180411577224731,0.38488852977752686,-0.032551638782024384,0.5952268838882446,0.3950701951980591,-0.006292388308793306,0.6252401471138,0.31410396099090576,-0.021824747323989868,0.6746313571929932,0.3026210069656372,-0.043631765991449356,0.6258763074874878,0.3247031569480896,-0.02638627216219902,0.5977321863174438,0.34136301279067993,-0.005490712355822325
NO,0.46385693550109863,0.37758195400238037,-3.514070954224735e-07,0.4937584102153778,0.4694356918334961,-0.04067261144518852,0.5548189878463745,0.5548610091209412,-0.06382851302623749,0.6103149652481079,0.6238778233528137,-0.0856272354722023,0.6330761909484863,0.6944978833198547,-0.09917382150888443,0.6454718708992004,0.4760618805885315,-0.01622306928038597,0.698371171951294,0.47182419896125793,-0.05763133615255356,0.6345557570457458,0.4666447043418884,-0.07339479774236679,0.6046087741851807,0.4710555374622345,-0.07632596790790558,0.6451173424720764,0.413163959980011,-0.010921391658484936,0.6972808837890625,0.40717899799346924,-0.0516531877219677,0.6174771785736084,0.4112917482852936,-0.05111795291304588,0.5999642014503479,0.41880035400390625,-0.03949678689241409,0.6416770815849304,0.3537517786026001,-0.014449197798967361,0.6983311176300049,0.3464893698692322,-0.055659275501966476,0.6252537369728088,0.35824671387672424,-0.036081913858652115,0.6011672019958496,0.36645346879959106,-0.010772976092994213,0.6344802975654602,0.2919561266899109,-0.021957069635391235,0.6806659698486328,0.27981090545654297,-0.044144660234451294,0.6331451535224915,0.30098533630371094,-0.02830452285706997,0.6058222651481628,0.3159911036491394,-0.00823319610208273
NO,0.47125422954559326,0.4050029516220093,-3.657517879673833e-07,0.4920554757118225,0.5086424350738525,-0.043101608753204346,0.5475887060165405,0.6096078157424927,-0.06758348643779755,0.6035117506980896,0.6824066638946533,-0.09098995476961136,0.6209310293197632,0.7593618631362915,-0.10531582683324814,0.6519070863723755,0.5501019358634949,-0.00915308017283678,0.7054965496063232,0.5540809631347656,-0.05062292143702507,0.6401125192642212,0.5296962857246399,-0.06443740427494049,0.6159684062004089,0.530307948589325,-0.066250279545784,0.6592828035354614,0.4857853949069977,-0.0033850118052214384,0.7087443470954895,0.4894426763057709,-0.04599213972687721,0.6252801418304443,0.4729976952075958,-0.043246906250715256,0.6149718761444092,0.48094066977500916,-0.02803613618016243,0.6612132787704468,0.4212593734264374,-0.007652420550584793,0.7066769599914551,0.42404603958129883,-0.05207763612270355,0.6302930116653442,0.4158085286617279,-0.031117822974920273,0.6159495115280151,0.42357638478279114,-0.003031001426279545,0.6591134667396545,0.35367852449417114,-0.01594848744571209,0.7007760405540466,0.35920649766921997,-0.034832969307899475,0.6490083932876587,0.3616630733013153,-0.014857765287160873,0.6265436410903931,0.36883461475372314,0.008065244182944298
NO,0.47171080112457275,0.3848843574523926,-3.0150360430525325e-07,0.4970123767852783,0.48291507363319397,-0.043396029621362686,0.5509582161903381,0.576213002204895,-0.0650404766201973,0.6019400954246521,0.6515375971794128,-0.08419285714626312,0.6166065335273743,0.7268173098564148,-0.09518630802631378,0.6459020972251892,0.5112079381942749,-0.01658725179731846,0.6960770487785339,0.5048871040344238,-0.05706644430756569,0.6323764324188232,0.4921209216117859,-0.073628269135952,0.6027741432189941,0.49997061491012573,-0.0774349570274353,0.6530675292015076,0.4490584135055542,-0.008866461925208569,0.7008323669433594,0.44193315505981445,-0.04829660430550575,0.6271570324897766,0.43417859077453613,-0.04926738142967224,0.6069987416267395,0.44367218017578125,-0.039525531232357025,0.6539999842643738,0.3890233039855957,-0.010276531800627708,0.7040122151374817,0.3837219178676605,-0.050650328397750854,0.6379929184913635,0.3816138803958893,-0.03477003425359726,0.6139551401138306,0.38975873589515686,-0.01227947324514389,0.6513710021972656,0.3289709687232971,-0.015740182250738144,0.695146918296814,0.3234875500202179,-0.037576816976070404,0.6509433388710022,0.3316604495048523,-0.024379411712288857,0.6229655742645264,0.34129416942596436,-0.006222744006663561
NO,0.4771885275840759,0.3764829933643341,-3.090106872605247e-07,0.4990389049053192,0.4755111336708069,-0.04104457423090935,0.5503891110420227,0.5725690722465515,-0.06361337751150131,0.5964732766151428,0.6489812135696411,-0.08448029309511185,0.6128308773040771,0.721156120300293,-0.09711569547653198,0.647538423538208,0.5131183862686157,-0.01591620035469532,0.6942439675331116,0.5087288618087769,-0.05307029187679291,0.6309812664985657,0.4947422444820404,-0.06669914722442627,0.6093174815177917,0.5051678419113159,-0.06969650834798813,0.654291033744812,0.450060099363327,-0.009364492259919643,0.6966525912284851,0.4425860345363617,-0.04532491788268089,0.6222202777862549,0.43406954407691956,-0.04337441548705101,0.6111432909965515,0.446309894323349,-0.03237559273838997,0.6555969715118408,0.3876016438007355,-0.011420992203056812,0.7017548084259033,0.3829527199268341,-0.048053912818431854,0.6341449618339539,0.37911897897720337,-0.02973468229174614,0.6182188987731934,0.3907119929790497,-0.007131468504667282,0.654578685760498,0.32496824860572815,-0.017470715567469597,0.6933825612068176,0.3167743384838104,-0.03482341766357422,0.6475784182548523,0.323350727558136,-0.01866389997303486,0.6229117512702942,0.3355496823787689,0.0002662368060555309
NO,0.474904865026474,0.3907952904701233,-3.5725722113966185e-07,0.4914552569389343,0.4917660653591156,-0.0420144684612751,0.5458269715309143,0.5913836359977722,-0.06089159846305847,0.5994747877120972,0.6628069877624512,-0.07673220336437225,0.6127225756645203,0.7387330532073975,-0.08362828195095062,0.6407994031906128,0.5379547476768494,-0.013842900283634663,0.691609799861908,0.5362116098403931,-0.05238847807049751,0.6299810409545898,0.5105234980583191,-0.0657535269856453,0.6026872992515564,0.5149663090705872,-0.06803466379642487,0.6512994766235352,0.47516241669654846,-0.006612090393900871,0.7011231184005737,0.4730832874774933,-0.047090888023376465,0.6258955597877502,0.4537016749382019,-0.04550331458449364,0.6064379811286926,0.4651261866092682,-0.032730527222156525,0.6544278264045715,0.4141048192977905,-0.008604869246482849,0.7050419449806213,0.4114886224269867,-0.05047182738780975,0.6390199661254883,0.4011401832103729,-0.032459013164043427,0.6179555654525757,0.4121665060520172,-0.007561625447124243,0.6526286602020264,0.3522830605506897,-0.014556038193404675,0.6940104961395264,0.3512412905693054,-0.03699076920747757,0.6501694917678833,0.35430291295051575,-0.023477423936128616,0.6260791420936584,0.36368465423583984,-0.00496457377448678
NO,0.46922773122787476,0.3615138828754425,-3.4846252106035536e-07,0.4903866648674011,0.4528026878833771,-0.04337656870484352,0.5457618832588196,0.544822096824646,-0.06668398529291153,0.5983778834342957,0.6225448846817017,-0.08757240325212479,0.6160503029823303,0.6970601081848145,-0.09920307248830795,0.6387971639633179,0.48635128140449524,-0.01794332265853882,0.6936030983924866,0.4815787076950073,-0.0599701963365078,0.6324620246887207,0.46900972723960876,-0.07454659789800644,0.6017693877220154,0.4747566282749176,-0.07585794478654861,0.6433534026145935,0.4257098138332367,-0.010556314140558243,0.6953333616256714,0.41855278611183167,-0.050480976700782776,0.6172806620597839,0.4123051166534424,-0.04660024866461754,0.6010283827781677,0.4264424443244934,-0.03207818418741226,0.6452596783638,0.3698161840438843,-0.012768751941621304,0.7003582715988159,0.3600902855396271,-0.05218909680843353,0.6307795643806458,0.36171168088912964,-0.03142169862985611,0.608123242855072,0.37546199560165405,-0.005401774309575558,0.643711507320404,0.3142184019088745,-0.019555753096938133,0.6876411437988281,0.2983626127243042,-0.04020636901259422,0.641692042350769,0.31077438592910767,-0.025114435702562332,0.6157076954841614,0.3271491527557373,-0.0055385734885931015
NO,0.4701541066169739,0.3837299942970276,-3.4780666169353935e-07,0.48225319385528564,0.48281562328338623,-0.04770412668585777,0.5321624279022217,0.5803050994873047,-0.07374881953001022,0.5876542925834656,0.6541956663131714,-0.09693661332130432,0.6052733659744263,0.7332252860069275,-0.11006127297878265,0.6346834897994995,0.5374941229820251,-0.0172426700592041,0.6924259662628174,0.5339878797531128,-0.05987679585814476,0.6318593621253967,0.5054478645324707,-0.07334626466035843,0.6030901074409485,0.5073869228363037,-0.07419168204069138,0.6420701146125793,0.46983766555786133,-0.00857365969568491,0.6993795037269592,0.4664730131626129,-0.05238919332623482,0.6192207336425781,0.44620460271835327,-0.04897888004779816,0.603370189666748,0.459884375333786,-0.03317052498459816,0.6459370255470276,0.40690651535987854,-0.01002030074596405,0.7033001184463501,0.40613850951194763,-0.05349011719226837,0.6311519145965576,0.3953700661659241,-0.03194556012749672,0.6098327040672302,0.40778297185897827,-0.0038867085240781307,0.6457208395004272,0.3440891206264496,-0.01620355062186718,0.6927410364151001,0.3390843868255615,-0.037737131118774414,0.6455807089805603,0.34408360719680786,-0.021742194890975952,0.619704008102417,0.3573839068412781,-0.0012138382298871875
NO,0.4697001576423645,0.3541475236415863,-3.8068108665356704e-07,0.4913950264453888,0.4451884627342224,-0.04321202635765076,0.5458743572235107,0.5338347554206848,-0.06476964801549911,0.5997806787490845,0.6086581945419312,-0.08334812521934509,0.6154240369796753,0.6834750175476074,-0.09282933920621872,0.6356266140937805,0.4766259491443634,-0.020552873611450195,0.6912715435028076,0.47375255823135376,-0.06146790087223053,0.6281198263168335,0.4585109055042267,-0.07562248408794403,0.5999532341957092,0.4636518061161041,-0.07754456996917725,0.6417859792709351,0.41558367013931274,-0.012526994571089745,0.6939243078231812,0.40993404388427734,-0.05189095810055733,0.6162662506103516,0.401216983795166,-0.04849127307534218,0.6007252931594849,0.4135373532772064,-0.03534311056137085,0.6445224285125732,0.3603196442127228,-0.013578705489635468,0.7000917792320251,0.3544958531856537,-0.053544968366622925,0.6306046843528748,0.35230347514152527,-0.0328909233212471,0.6088461875915527,0.364579975605011,-0.0073046255856752396,0.6435043811798096,0.3057027757167816,-0.01896059140563011,0.6891918182373047,0.2932506799697876,-0.04056866466999054,0.6421704888343811,0.30230265855789185,-0.025326265022158623,0.6143672466278076,0.31741929054260254,-0.0058426083996891975
NO,0.47890758514404297,0.3613404631614685,-3.2552080142522755e-07,0.49652203917503357,0.46021386981010437,-0.042765188962221146,0.5463314056396484,0.5621784329414368,-0.06437360495328903,0.5951275825500488,0.63674396276474,-0.08305469900369644,0.6101882457733154,0.7104243636131287,-0.09264415502548218,0.6455515027046204,0.5015498399734497,-0.01698075793683529,0.6916254162788391,0.4950917661190033,-0.05425499752163887,0.628220796585083,0.47890567779541016,-0.06732909381389618,0.6050243973731995,0.4887203574180603,-0.06968792527914047,0.6534704566001892,0.4390348494052887,-0.008954832330346107,0.6954226493835449,0.4292897582054138,-0.04448184743523598,0.6211146116256714,0.41892004013061523,-0.04097946733236313,0.6098052263259888,0.4346458315849304,-0.028893185779452324,0.655973494052887,0.37936198711395264,-0.009884773753583431,0.70006263256073,0.37197574973106384,-0.04587949067354202,0.6331038475036621,0.3659895360469818,-0.026384582743048668,0.6174720525741577,0.3815748393535614,-0.0031340860296040773,0.6555130481719971,0.319850355386734,-0.015138920396566391,0.6906574964523315,0.3105883002281189,-0.03190082311630249,0.6453132629394531,0.31407392024993896,-0.015881340950727463,0.6228935122489929,0.3269892930984497,0.0028159087523818016
NO,0.47445401549339294,0.38053709268569946,-3.66133320994777e-07,0.4879678189754486,0.47978639602661133,-0.04464269429445267,0.5390002131462097,0.5775517821311951,-0.06675340235233307,0.5924766063690186,0.6511179804801941,-0.08602277934551239,0.6076538562774658,0.7279298305511475,-0.09661650657653809,0.635391116142273,0.53077632188797,-0.017400316894054413,0.6888851523399353,0.5281432867050171,-0.060600534081459045,0.6265863180160522,0.5014800429344177,-0.076316237449646,0.5946230888366699,0.5043193697929382,-0.07859669625759125,0.6462764739990234,0.46759089827537537,-0.00949614867568016,0.698459804058075,0.465957373380661,-0.05353705585002899,0.6222567558288574,0.44494324922561646,-0.052520304918289185,0.5994840860366821,0.45599305629730225,-0.03899691253900528,0.6514424085617065,0.40758460760116577,-0.011349480599164963,0.7057757377624512,0.40674567222595215,-0.05592521280050278,0.6374197602272034,0.3938952684402466,-0.03779621049761772,0.6111893653869629,0.4035794138908386,-0.011783071793615818,0.6511719822883606,0.3473873734474182,-0.017426446080207825,0.6966899633407593,0.3463297188282013,-0.0420939102768898,0.6504343748092651,0.3469526767730713,-0.029283249750733376,0.6211248636245728,0.35567688941955566,-0.010417228564620018
NO,0.46567314863204956,0.3509243130683899,-3.83392148251005e-07,0.48649340867996216,0.4414539933204651,-0.04147955775260925,0.5428650975227356,0.5310391187667847,-0.0628599300980568,0.5966138243675232,0.6049787998199463,-0.0818953886628151,0.6140285134315491,0.678508460521698,-0.09159675240516663,0.6358703970909119,0.4760493040084839,-0.015344077721238136,0.6869105100631714,0.4678264856338501,-0.056131716817617416,0.6259271502494812,0.454384982585907,-0.07094138860702515,0.5969786047935486,0.4607659876346588,-0.07303789258003235,0.6403443217277527,0.41545018553733826,-0.008315324783325195,0.6905364990234375,0.4054301083087921,-0.04781489074230194,0.614454448223114,0.39877861738204956,-0.0447346530854702,0.5986319780349731,0.41252443194389343,-0.03104517236351967,0.6422802209854126,0.35915517807006836,-0.010618709959089756,0.6974940299987793,0.3481471836566925,-0.049358103424310684,0.6293742656707764,0.35004326701164246,-0.028705457225441933,0.607806384563446,0.3641026020050049,-0.0030470017809420824,0.640710175037384,0.30218005180358887,-0.01744448021054268,0.6835219860076904,0.28684115409851074,-0.03796076402068138,0.6384374499320984,0.2994948625564575,-0.023260418325662613,0.614155113697052,0.3163602948188782,-0.0041715651750564575
NO,0.46488744020462036,0.3789009153842926,-3.7498162441806926e-07,0.48056167364120483,0.4772984981536865,-0.04561107978224754,0.5321300029754639,0.5731709599494934,-0.06986936181783676,0.5876780152320862,0.6435905694961548,-0.09126406908035278,0.6055744290351868,0.7212153673171997,-0.10274682939052582,0.6265825629234314,0.5230125188827515,-0.01856393925845623,0.6833310127258301,0.5200498104095459,-0.060541603714227676,0.6233624219894409,0.494038850069046,-0.0730927437543869,0.5935918092727661,0.4961966276168823,-0.07337767630815506,0.633941113948822,0.4583517611026764,-0.010579652152955532,0.6921828985214233,0.45527762174606323,-0.05408554524183273,0.6143310070037842,0.4365215003490448,-0.050100620836019516,0.5952999591827393,0.449725478887558,-0.03432939201593399,0.6381860971450806,0.3981114327907562,-0.01238991878926754,0.6993357539176941,0.3953820466995239,-0.05593595281243324,0.6289466023445129,0.3868252635002136,-0.03483758494257927,0.6039000153541565,0.3988357186317444,-0.007222617045044899,0.6382765173912048,0.33716922998428345,-0.01873777247965336,0.687440812587738,0.327269047498703,-0.04223382845520973,0.6418977975845337,0.3357239365577698,-0.028194887563586235,0.6143731474876404,0.35023361444473267,-0.008905087597668171
NO,0.4630505442619324,0.35102522373199463,-3.739335738828231e-07,0.4819575548171997,0.44194892048835754,-0.04258006066083908,0.5356622934341431,0.5329753160476685,-0.0654972568154335,0.5897732377052307,0.6042460203170776,-0.08541135489940643,0.6118316650390625,0.674974262714386,-0.09632983803749084,0.628765344619751,0.4698012173175812,-0.022015491500496864,0.6802957653999329,0.4630396068096161,-0.06500494480133057,0.6190521717071533,0.4509735405445099,-0.08093360811471939,0.5888136625289917,0.45743733644485474,-0.08329445868730545,0.6334542036056519,0.4077492356300354,-0.013990470208227634,0.6839187145233154,0.4014096260070801,-0.054471857845783234,0.6067473292350769,0.39591023325920105,-0.051447659730911255,0.5891253352165222,0.4088042080402374,-0.03813229873776436,0.6360970735549927,0.3520050048828125,-0.014943178743124008,0.6913416385650635,0.343068927526474,-0.054808635264635086,0.6203801035881042,0.344990074634552,-0.03394429385662079,0.5960431098937988,0.3589589595794678,-0.008218700997531414,0.6350999474525452,0.29636427760124207,-0.020164664834737778,0.6778443455696106,0.2819436192512512,-0.04173167049884796,0.6306071281433105,0.29438602924346924,-0.02698826976120472,0.6044992208480835,0.31161293387413025,-0.007788032293319702
NO,0.45631900429725647,0.37726354598999023,-3.9323089140452794e-07,0.47071927785873413,0.4735184907913208,-0.046774785965681076,0.525734543800354,0.5706613659858704,-0.07048144191503525,0.5829019546508789,0.6427960991859436,-0.09085595607757568,0.6000593304634094,0.7224307060241699,-0.10098201036453247,0.6236826777458191,0.5233751535415649,-0.018827198073267937,0.6825035214424133,0.5200276970863342,-0.06168782338500023,0.6183921098709106,0.49436914920806885,-0.075517937541008,0.5897952318191528,0.4967169165611267,-0.07668644189834595,0.6304066777229309,0.4568081498146057,-0.010369833558797836,0.688193678855896,0.45217299461364746,-0.054292015731334686,0.6075939536094666,0.4361723065376282,-0.05130372196435928,0.5912840962409973,0.44884806871414185,-0.03625064715743065,0.6340758204460144,0.39463189244270325,-0.011836033314466476,0.6934958696365356,0.39178577065467834,-0.055749453604221344,0.6202150583267212,0.38418737053871155,-0.03454889357089996,0.599101185798645,0.3966579735279083,-0.006804146803915501,0.6336897611618042,0.33261898159980774,-0.017870282754302025,0.6820598840713501,0.32667458057403564,-0.04016067832708359,0.6331470608711243,0.33247601985931396,-0.024183785542845726,0.6069793105125427,0.34426844120025635,-0.0036490156780928373
NO,0.4535413384437561,0.34402817487716675,-3.6738964581672917e-07,0.4734359383583069,0.43448445200920105,-0.041438207030296326,0.5305188298225403,0.5255240201950073,-0.06326556950807571,0.5862442255020142,0.5958846807479858,-0.08220049738883972,0.6067153215408325,0.6680781841278076,-0.09207770228385925,0.6227919459342957,0.46204665303230286,-0.019827356562018394,0.674391508102417,0.4549846947193146,-0.06028115376830101,0.6128062009811401,0.4432124197483063,-0.07457605004310608,0.5853133797645569,0.45073026418685913,-0.07677295058965683,0.627373456954956,0.40030229091644287,-0.012431185692548752,0.6783119440078735,0.3936198651790619,-0.051185205578804016,0.6002928018569946,0.3892084062099457,-0.04738171771168709,0.584294855594635,0.40131083130836487,-0.0338268056511879,0.6289212703704834,0.343778133392334,-0.013799351640045643,0.684833288192749,0.33440667390823364,-0.05196088179945946,0.6129022836685181,0.33810755610466003,-0.030374757945537567,0.5899485349655151,0.35144734382629395,-0.004713600035756826,0.6265076994895935,0.28692787885665894,-0.019392473623156548,0.6688953638076782,0.27204328775405884,-0.039769820868968964,0.6218497157096863,0.2864396572113037,-0.024645643308758736,0.5970917344093323,0.30424413084983826,-0.0056314668618142605
NO,0.45654332637786865,0.3655487298965454,-3.648956123925018e-07,0.471538782119751,0.469338595867157,-0.04708866402506828,0.5203123092651367,0.5673673152923584,-0.07260903716087341,0.5723296403884888,0.6432335376739502,-0.09546277672052383,0.5908182263374329,0.7213183045387268,-0.10867627710103989,0.6267824769020081,0.5202247500419617,-0.01812969520688057,0.6779866218566895,0.5179397463798523,-0.06176057830452919,0.6157183647155762,0.49159887433052063,-0.07673751562833786,0.5890607833862305,0.4964926242828369,-0.07874897122383118,0.6344660520553589,0.4546775221824646,-0.009824228473007679,0.6841698288917542,0.4479637145996094,-0.05353548377752304,0.6045849919319153,0.4288499057292938,-0.050269633531570435,0.5906298160552979,0.4447740614414215,-0.03511568903923035,0.6379454135894775,0.3914911150932312,-0.011646458879113197,0.687923014163971,0.38581323623657227,-0.055008042603731155,0.6165255308151245,0.37565577030181885,-0.033579021692276,0.5986923575401306,0.3921349048614502,-0.005972681101411581,0.6374521255493164,0.32782456278800964,-0.01818346604704857,0.6782476902008057,0.31774526834487915,-0.039219293743371964,0.6307613253593445,0.3215755224227905,-0.02255360782146454,0.6061899065971375,0.3368785083293915,-0.0016356903361156583
NO,0.45071208477020264,0.3560965657234192,-3.450195720233751e-07,0.4752945303916931,0.450032114982605,-0.04204527288675308,0.5308238863945007,0.539691150188446,-0.06301905959844589,0.5862230062484741,0.6126378774642944,-0.08081123977899551,0.6059660315513611,0.6856156587600708,-0.0896231159567833,0.6230002045631409,0.47681769728660583,-0.019836166873574257,0.6766015291213989,0.47255727648735046,-0.05805891752243042,0.612772524356842,0.46032559871673584,-0.07066890597343445,0.5841288566589355,0.4647800028324127,-0.07195522636175156,0.6296232342720032,0.41467392444610596,-0.012263705022633076,0.6794825792312622,0.4072675406932831,-0.04902937263250351,0.6027339696884155,0.4025510847568512,-0.04569677263498306,0.5855773687362671,0.41226866841316223,-0.0332997664809227,0.6304934024810791,0.35752105712890625,-0.013286756351590157,0.6834068894386292,0.3500543236732483,-0.05128296837210655,0.6142690181732178,0.3514851927757263,-0.031572192907333374,0.5914490222930908,0.36084675788879395,-0.007176193408668041,0.6267346143722534,0.30100148916244507,-0.018369251862168312,0.6720905900001526,0.29013559222221375,-0.039524730294942856,0.6265713572502136,0.30164799094200134,-0.024771541357040405,0.5996978282928467,0.313411146402359,-0.005623385310173035
NO,0.4566894769668579,0.3652585744857788,-3.7405570196824556e-07,0.47309690713882446,0.4690065383911133,-0.04531431198120117,0.5224056839942932,0.5683913826942444,-0.06900440901517868,0.5765664577484131,0.6403552889823914,-0.08995958417654037,0.5948640704154968,0.7169249057769775,-0.10136648267507553,0.621945321559906,0.5141165256500244,-0.018410054966807365,0.6732646226882935,0.5048156976699829,-0.05994793027639389,0.6102107763290405,0.4841991662979126,-0.07329805940389633,0.584316074848175,0.49483394622802734,-0.07472187280654907,0.628486156463623,0.44872036576271057,-0.010383734479546547,0.6783167719841003,0.43608883023262024,-0.05187114700675011,0.6000074148178101,0.4219208061695099,-0.04738569259643555,0.5866840481758118,0.44174787402153015,-0.032470621168613434,0.6310895085334778,0.38639047741889954,-0.01215076819062233,0.6837472915649414,0.37682464718818665,-0.05424543470144272,0.6123975515365601,0.36869996786117554,-0.03271722421050072,0.593755304813385,0.38853561878204346,-0.005751161370426416,0.6295970678329468,0.32468947768211365,-0.018499255180358887,0.6720054149627686,0.31065988540649414,-0.039271045476198196,0.6244366765022278,0.314486563205719,-0.023299669846892357,0.598267674446106,0.3323083817958832,-0.003398716449737549
NO,0.43817147612571716,0.39445191621780396,-4.0032418269220216e-07,0.458958238363266,0.4926145076751709,-0.04182863608002663,0.517047643661499,0.5846961140632629,-0.06392891705036163,0.5755017399787903,0.6535187363624573,-0.0838310718536377,0.5963425636291504,0.7295241355895996,-0.09492757171392441,0.6102198362350464,0.5272020101547241,-0.018970996141433716,0.6697766780853271,0.5238386392593384,-0.059372808784246445,0.606516420841217,0.5044741630554199,-0.07202649116516113,0.5751828551292419,0.5047945380210876,-0.07259030640125275,0.6159959435462952,0.4603128135204315,-0.012812700122594833,0.6749128103256226,0.4552674889564514,-0.054326269775629044,0.5955992937088013,0.4460049569606781,-0.051500655710697174,0.573439359664917,0.45356881618499756,-0.03742291033267975,0.616969108581543,0.39709845185279846,-0.015556352213025093,0.6776297092437744,0.395202100276947,-0.057604629546403885,0.6056404709815979,0.3956046402454376,-0.03801336884498596,0.5781493186950684,0.40185546875,-0.011750215664505959,0.6128525137901306,0.3340744078159332,-0.022232847288250923,0.6661847829818726,0.327894926071167,-0.04582342132925987,0.6207212209701538,0.34359440207481384,-0.031942371279001236,0.5908215045928955,0.3560298681259155,-0.012666711583733559
NO,0.4052774906158447,0.45208805799484253,-3.6061885566596175e-07,0.442125529050827,0.5462743043899536,-0.030545931309461594,0.5100147724151611,0.6309146285057068,-0.04652779549360275,0.568675696849823,0.6916540861129761,-0.06388029456138611,0.5902575254440308,0.7584472894668579,-0.07597267627716064,0.6071478724479675,0.5509235858917236,-0.00380296865478158,0.6602623462677002,0.5486584305763245,-0.04586833342909813,0.6040610074996948,0.5407997965812683,-0.07002462446689606,0.5576834082603455,0.537273108959198,-0.07803953438997269,0.6089825630187988,0.4841531217098236,-0.003686618059873581,0.6678420901298523,0.47281867265701294,-0.04792073369026184,0.59923255443573,0.4778343141078949,-0.05955865606665611,0.5572293996810913,0.4848785102367401,-0.05483357235789299,0.6021102666854858,0.41897863149642944,-0.011422433890402317,0.6641594171524048,0.4001934826374054,-0.0510021448135376,0.6020293235778809,0.41860926151275635,-0.04330343008041382,0.5620694160461426,0.4314180910587311,-0.025080785155296326,0.5865650773048401,0.3527708649635315,-0.022363172844052315,0.6377025842666626,0.33416563272476196,-0.044886741787195206,0.602307915687561,0.36216238141059875,-0.03624708205461502,0.572631299495697,0.38533833622932434,-0.02085205540060997
NO,0.31022390723228455,0.7142351865768433,1.6969472937944374e-07,0.37343138456344604,0.7837700843811035,-0.026182793080806732,0.4559595584869385,0.8320611119270325,-0.044978272169828415,0.5154735445976257,0.8687800168991089,-0.06683211773633957,0.559717059135437,0.9128071069717407,-0.08820414543151855,0.5103049278259277,0.6985554099082947,-0.023028645664453506,0.5758420825004578,0.712642252445221,-0.06321902573108673,0.5700833201408386,0.7883057594299316,-0.09447658061981201,0.5509589910507202,0.8470088243484497,-0.11158490926027298,0.5008125901222229,0.6444377303123474,-0.03165438026189804,0.5786596536636353,0.6295738220214844,-0.07260112464427948,0.5771650075912476,0.7139182686805725,-0.09878543764352798,0.5524487495422363,0.7806970477104187,-0.11095092445611954,0.47962701320648193,0.5938915014266968,-0.04512447118759155,0.5540809035301208,0.5615946054458618,-0.08041955530643463,0.5456802248954773,0.6378748416900635,-0.0895448550581932,0.5156728029251099,0.6972784996032715,-0.08881457149982452,0.4478169083595276,0.5520402789115906,-0.061992302536964417,0.5024559497833252,0.5146482586860657,-0.08761011064052582,0.5067903995513916,0.5628150701522827,-0.08992470800876617,0.4886420965194702,0.6133117079734802,-0.0865693911910057
NO,1.0167404413223267,0.5266137719154358,-6.009368007653393e-07,0.9683786034584045,0.610683798789978,-0.04326657950878143,0.8677387833595276,0.6293087005615234,-0.062066759914159775,0.7879220843315125,0.6127117276191711,-0.077875517308712,0.726301908493042,0.6183044910430908,-0.08738009631633759,0.8109840154647827,0.5075508952140808,-0.013188828714191914,0.7705581188201904,0.49139082431793213,-0.0563499741256237,0.8346742391586304,0.5343769192695618,-0.08191113919019699,0.8805685043334961,0.5602885484695435,-0.0926792100071907,0.8347781300544739,0.443992018699646,-0.007463882211595774,0.7919750213623047,0.431387335062027,-0.05204039439558983,0.8619414567947388,0.4869048595428467,-0.06340029090642929,0.9044491052627563,0.5112157464027405,-0.05993499234318733,0.8706041574478149,0.3909634053707123,-0.010823930613696575,0.8300384879112244,0.37376517057418823,-0.058674156665802,0.8941038846969604,0.4338124692440033,-0.0491604320704937,0.9342185854911804,0.4620662033557892,-0.0305496733635664,0.9153516888618469,0.34210988879203796,-0.01775425486266613,0.886252224445343,0.33905720710754395,-0.05621447041630745,0.9300470948219299,0.3938646614551544,-0.051618799567222595,0.9603338241577148,0.41773614287376404,-0.03813663870096207
NO,0.9462862610816956,0.46220752596855164,-6.026132837178011e-07,0.8778185248374939,0.5563353896141052,-0.017406856641173363,0.7944284081459045,0.6156997084617615,-0.025541530922055244,0.7202073931694031,0.6458537578582764,-0.04037174955010414,0.6670644879341125,0.679627001285553,-0.0493026003241539,0.7308436632156372,0.5104303359985352,0.028296522796154022,0.6565084457397461,0.49411335587501526,-0.008949854411184788,0.7133014798164368,0.497199684381485,-0.035789720714092255,0.7616004347801208,0.5065466165542603,-0.0461864210665226,0.7355523705482483,0.44340428709983826,0.0217489805072546,0.6656376123428345,0.428754597902298,-0.017420684918761253,0.7385003566741943,0.4452570676803589,-0.03414113074541092,0.7823683619499207,0.45812317728996277,-0.03421913459897041,0.752327561378479,0.38127392530441284,0.007100979797542095,0.6778562664985657,0.3571196496486664,-0.02874724008142948,0.7427858710289001,0.3835707902908325,-0.02060164138674736,0.7895147204399109,0.4020071029663086,-0.0025008025113493204,0.7794649004936218,0.3223596215248108,-0.01014308538287878,0.7160180807113647,0.29342883825302124,-0.02872994728386402,0.7503796219825745,0.3256976008415222,-0.01641630008816719,0.7854026556015015,0.3509518504142761,0.00047535827616229653
NO,0.8920382261276245,0.4037635624408722,-6.383284585353977e-07,0.8355817794799805,0.5122729539871216,-0.021244091913104057,0.7724483609199524,0.5916644930839539,-0.03145826235413551,0.7025237083435059,0.6472605466842651,-0.04580577090382576,0.6575979590415955,0.6927223205566406,-0.05318407714366913,0.6882972717285156,0.49230536818504333,0.026568472385406494,0.6239466667175293,0.48445937037467957,-0.007067146711051464,0.6825845241546631,0.47726085782051086,-0.028815288096666336,0.7215600609779358,0.47934579849243164,-0.03748142719268799,0.6829557418823242,0.4228694438934326,0.024087460711598396,0.6231004595756531,0.4160277247428894,-0.012522486969828606,0.7035372853279114,0.4185103476047516,-0.02529009059071541,0.7325541973114014,0.42796799540519714,-0.023896589875221252,0.6910972595214844,0.3605062961578369,0.013857999816536903,0.6313284635543823,0.34672385454177856,-0.019649691879749298,0.6995588541030884,0.3581849932670593,-0.004717770963907242,0.7290236353874207,0.36897599697113037,0.01590285450220108,0.7106457948684692,0.29840087890625,0.0010797320865094662,0.6521565318107605,0.28436481952667236,-0.010347733274102211,0.6978762149810791,0.3063071370124817,0.010558079928159714,0.7221821546554565,0.32205796241760254,0.03158751130104065
NO,0.8645586967468262,0.40205633640289307,-6.841820550107514e-07,0.8206920027732849,0.5091328024864197,-0.02782381884753704,0.7576090693473816,0.6018695831298828,-0.04161646217107773,0.6947963833808899,0.669090747833252,-0.05787144973874092,0.6577212810516357,0.7262136936187744,-0.0662526860833168,0.6633507013320923,0.5055471658706665,0.01024284865707159,0.5998565554618835,0.503464937210083,-0.02793477289378643,0.6614063382148743,0.4983275532722473,-0.04733450710773468,0.6929172873497009,0.4979383647441864,-0.053792309015989304,0.6576364636421204,0.438968300819397,0.009681719355285168,0.6008412837982178,0.4387425184249878,-0.030993543565273285,0.6810564398765564,0.43859460949897766,-0.03978971764445305,0.6995652914047241,0.4414796531200409,-0.034795988351106644,0.6609414219856262,0.37394875288009644,0.0008148798369802535,0.6048389673233032,0.3706527054309845,-0.0365046001970768,0.6749521493911743,0.377361536026001,-0.021011171862483025,0.6962287425994873,0.38262951374053955,0.0006926017813384533,0.6725192070007324,0.31087419390678406,-0.011028006672859192,0.6147913336753845,0.30678635835647583,-0.0246614720672369,0.6624926924705505,0.32316291332244873,-0.005348800215870142,0.6848093271255493,0.3309985399246216,0.015042691491544247
NO,0.8423708081245422,0.42609578371047974,-6.299106871665572e-07,0.7988253831863403,0.5393626093864441,-0.025683797895908356,0.7449464797973633,0.6309438347816467,-0.039205990731716156,0.6869972348213196,0.6998198628425598,-0.05667415261268616,0.6488028764724731,0.7543972730636597,-0.0678548738360405,0.649044930934906,0.5357551574707031,0.02231832779943943,0.5922768115997314,0.5400157570838928,-0.014584576711058617,0.6498249769210815,0.5298550128936768,-0.03807030990719795,0.683742880821228,0.5233829617500305,-0.04773382470011711,0.6413692235946655,0.47032904624938965,0.02007870562374592,0.5863702893257141,0.47605669498443604,-0.02030840516090393,0.6648486256599426,0.4702860713005066,-0.0337466262280941,0.6900247931480408,0.46678096055984497,-0.0313568189740181,0.6442911624908447,0.4060826897621155,0.009155714884400368,0.5916866660118103,0.40643924474716187,-0.028578951954841614,0.6598992943763733,0.41025447845458984,-0.016925673931837082,0.6840976476669312,0.41252750158309937,0.003117302665486932,0.6570171117782593,0.34087133407592773,-0.004521496593952179,0.5995863676071167,0.3417780101299286,-0.01785275898873806,0.6471577286720276,0.3563069701194763,0.0011522687273100019,0.670516312122345,0.3620579242706299,0.021529078483581543
NO,0.8343071341514587,0.47921910881996155,-6.914584673722857e-07,0.7955942749977112,0.5909333825111389,-0.029114369302988052,0.7409353256225586,0.6846160292625427,-0.04658474773168564,0.6854199767112732,0.7520303726196289,-0.06747329235076904,0.6472291946411133,0.8065763711929321,-0.08178319036960602,0.6434648036956787,0.5845831036567688,0.006328961346298456,0.5799635052680969,0.5918555855751038,-0.034386660903692245,0.6406455636024475,0.5866404175758362,-0.05689054727554321,0.6765044331550598,0.5783880352973938,-0.06503227353096008,0.6385141015052795,0.5204900503158569,0.004093861673027277,0.5843189358711243,0.5305590033531189,-0.0388079434633255,0.6625946760177612,0.5282978415489197,-0.04877769574522972,0.6875460147857666,0.5215970277786255,-0.044203173369169235,0.6410517692565918,0.45624977350234985,-0.006872151512652636,0.5830201506614685,0.4614866077899933,-0.046928003430366516,0.6541615724563599,0.46743762493133545,-0.03175323083996773,0.682183563709259,0.4651668667793274,-0.009457631036639214,0.6526139974594116,0.3908112943172455,-0.021085312590003014,0.5923712849617004,0.39306509494781494,-0.03838493302464485,0.6414551734924316,0.4092445969581604,-0.019627515226602554,0.6699252724647522,0.41299328207969666,0.001099455519579351
NO,0.8480564951896667,0.5086933970451355,-7.433291102643125e-07,0.8066807985305786,0.6297216415405273,-0.01937171071767807,0.7533743381500244,0.7219762802124023,-0.030964398756623268,0.6959677338600159,0.7938491106033325,-0.048086293041706085,0.6591175198554993,0.8489651679992676,-0.059098921716213226,0.6567005515098572,0.6131605505943298,0.023880256339907646,0.5946518778800964,0.6312570571899414,-0.014247258193790913,0.6525938510894775,0.6233463883399963,-0.03803582862019539,0.6878002285957336,0.6097171306610107,-0.047602295875549316,0.6481000185012817,0.5516844391822815,0.019057858735322952,0.5866876840591431,0.5718132257461548,-0.021957097575068474,0.6664649248123169,0.5683777332305908,-0.033832620829343796,0.6926926374435425,0.5534405708312988,-0.030244648456573486,0.6497536301612854,0.4889431893825531,0.006239382550120354,0.5881108045578003,0.502089262008667,-0.03027050942182541,0.6610703468322754,0.5094935894012451,-0.014532187022268772,0.6889730095863342,0.49935591220855713,0.008122643455862999,0.661732017993927,0.42307376861572266,-0.009410008788108826,0.6013539433479309,0.4290851354598999,-0.022025728598237038,0.6509771347045898,0.4506434202194214,-0.0012952148681506515,0.6775121688842773,0.44869011640548706,0.020382525399327278
NO,0.8582202792167664,0.4733699858188629,-7.235767611746269e-07,0.8219609260559082,0.5811997652053833,-0.029485825449228287,0.7669978141784668,0.674997091293335,-0.04609796777367592,0.7094236612319946,0.7470700740814209,-0.06541604548692703,0.6698437333106995,0.7993537187576294,-0.07736392319202423,0.6638314723968506,0.5790056586265564,0.006008844822645187,0.6020171642303467,0.6009122729301453,-0.03529910743236542,0.6641298532485962,0.5924630165100098,-0.057410698384046555,0.6961863040924072,0.5788264870643616,-0.06528080999851227,0.6575384140014648,0.5175061821937561,0.005822377745062113,0.6035645008087158,0.5355378985404968,-0.038576122373342514,0.6826143264770508,0.5305830836296082,-0.04759788513183594,0.7009802460670471,0.5198448300361633,-0.04156060516834259,0.660347044467926,0.4546830654144287,-0.0029701103921979666,0.6043827533721924,0.4655255377292633,-0.044659409672021866,0.6749633550643921,0.4694688320159912,-0.02943551354110241,0.6972604990005493,0.4624819755554199,-0.006135387346148491,0.6719786524772644,0.3915518522262573,-0.014808348380029202,0.6145625710487366,0.3984615206718445,-0.03275255486369133,0.6631907224655151,0.41449475288391113,-0.014837154187262058,0.6878324151039124,0.41294440627098083,0.00612056627869606
NO,0.8499239087104797,0.44873854517936707,-6.835240355940186e-07,0.812982439994812,0.5588538646697998,-0.025914844125509262,0.7569801211357117,0.6565631628036499,-0.03966119885444641,0.7027328610420227,0.7332539558410645,-0.05688662454485893,0.6699932813644409,0.79200279712677,-0.06691356003284454,0.6601829528808594,0.5657570362091064,0.015362976118922234,0.6015546321868896,0.5814013481140137,-0.02486138604581356,0.661537766456604,0.5638920664787292,-0.04770383983850479,0.6923534870147705,0.553692102432251,-0.05602645128965378,0.6517435908317566,0.5040360689163208,0.013535787351429462,0.5963923335075378,0.5180398225784302,-0.030447784811258316,0.6758413910865784,0.5052407383918762,-0.042454443871974945,0.6935654282569885,0.5016891360282898,-0.0379834808409214,0.6519595384597778,0.4403902292251587,0.003190291114151478,0.5999350547790527,0.4473097324371338,-0.03629233315587044,0.6676025390625,0.4440973699092865,-0.02332228794693947,0.683010995388031,0.4431297779083252,-0.0019270863849669695,0.6600064039230347,0.37542784214019775,-0.009891225025057793,0.6049799919128418,0.3817930221557617,-0.022791627794504166,0.6524731516838074,0.3916556239128113,-0.003216563956812024,0.6719263792037964,0.39262205362319946,0.017795130610466003
NO,0.8410341739654541,0.4704797565937042,-6.843908408882271e-07,0.8054792284965515,0.5809574723243713,-0.02914438769221306,0.7523184418678284,0.6789502501487732,-0.0466403104364872,0.6977275609970093,0.7552430629730225,-0.06750484555959702,0.6621288061141968,0.8143980503082275,-0.08081727474927902,0.652745246887207,0.5832333564758301,0.007814254611730576,0.5876145362854004,0.6062130331993103,-0.033773817121982574,0.6481618881225586,0.5918752551078796,-0.05656514689326286,0.6800690293312073,0.5774662494659424,-0.06503135710954666,0.6448726654052734,0.521797239780426,0.006986331194639206,0.5902210474014282,0.5377016663551331,-0.03814731165766716,0.6689102053642273,0.5299014449119568,-0.04925516992807388,0.6851293444633484,0.5239052772521973,-0.044923409819602966,0.6454809904098511,0.4591812789440155,-0.0023619895800948143,0.5889374613761902,0.47008270025253296,-0.04236572980880737,0.6589534878730774,0.47111448645591736,-0.027283696457743645,0.6785298585891724,0.46631312370300293,-0.004934423603117466,0.6535557508468628,0.3956921696662903,-0.01504018995910883,0.5977163314819336,0.40149974822998047,-0.02990810014307499,0.6457546949386597,0.4165918231010437,-0.01080668717622757,0.6684224009513855,0.4169052839279175,0.009970377199351788
NO,0.8464943170547485,0.4511546492576599,-7.520285407736083e-07,0.8071272373199463,0.5574221611022949,-0.026970690116286278,0.7504910826683044,0.6524730920791626,-0.04162975400686264,0.6933104991912842,0.7263133525848389,-0.05950076878070831,0.6543459296226501,0.7784785032272339,-0.0699465274810791,0.6495905518531799,0.5552635192871094,0.013215776532888412,0.5895102024078369,0.5722560286521912,-0.028082678094506264,0.6511315107345581,0.5658960938453674,-0.05073757842183113,0.6841816306114197,0.5578261017799377,-0.05873200297355652,0.6437792778015137,0.49352917075157166,0.011490540578961372,0.5882763862609863,0.5101602077484131,-0.032154712826013565,0.6701010465621948,0.5056032538414001,-0.041047368198633194,0.6890257000923157,0.49872931838035583,-0.034459661692380905,0.6471353769302368,0.4304456412792206,0.0008133805240504444,0.5911737084388733,0.43872955441474915,-0.03869064524769783,0.6601383686065674,0.44177019596099854,-0.021983662620186806,0.6784446239471436,0.438063383102417,0.0019181702518835664,0.6599236130714417,0.36671924591064453,-0.01287459209561348,0.6024322509765625,0.374065101146698,-0.02676631510257721,0.6494547724723816,0.38700079917907715,-0.006157728843390942,0.6693203449249268,0.3859776258468628,0.015956636518239975
NO,0.8402044773101807,0.44253700971603394,-6.653684181401331e-07,0.7985217571258545,0.5515440702438354,-0.02736530266702175,0.7411975860595703,0.6457513570785522,-0.043084654957056046,0.6831772327423096,0.7140330076217651,-0.061683643609285355,0.6448894739151001,0.7686418294906616,-0.0735616534948349,0.643135666847229,0.5486040115356445,0.009456613101065159,0.5835543870925903,0.5548003315925598,-0.030588220804929733,0.6394320130348206,0.5453105568885803,-0.05359455943107605,0.6755843162536621,0.5384026765823364,-0.062072962522506714,0.6366788744926453,0.4832780957221985,0.0076459781266748905,0.5811007022857666,0.4898633360862732,-0.03534901142120361,0.6599334478378296,0.4846170246601105,-0.04684123769402504,0.6841319799423218,0.4821337163448334,-0.042546384036540985,0.6392218470573425,0.4186423122882843,-0.002346477471292019,0.5851519703865051,0.41954636573791504,-0.040407080203294754,0.6527398228645325,0.42370015382766724,-0.026018263772130013,0.6748206615447998,0.42520853877067566,-0.004352137446403503,0.6507413983345032,0.35395774245262146,-0.01532744336873293,0.5949452519416809,0.3548520803451538,-0.02858567237854004,0.6423094272613525,0.3695756494998932,-0.008336151950061321,0.6638343334197998,0.37477606534957886,0.012944057583808899
NO,0.8346638083457947,0.48195815086364746,-7.066538501021569e-07,0.7937008142471313,0.5984963774681091,-0.022750938311219215,0.7388170957565308,0.6939208507537842,-0.038295891135931015,0.6823133826255798,0.7633037567138672,-0.059375982731580734,0.6429727673530579,0.8189783096313477,-0.0745774582028389,0.6400994062423706,0.5906668305397034,0.01667560450732708,0.5754872560501099,0.6076852083206177,-0.025117339566349983,0.6332893967628479,0.5996497869491577,-0.049672357738018036,0.672153890132904,0.5857135057449341,-0.05864370986819267,0.6331523656845093,0.5264386534690857,0.010930635966360569,0.5734759569168091,0.5469503402709961,-0.03395237773656845,0.6534212231636047,0.5412477850914001,-0.046284984797239304,0.6819435954093933,0.5262042880058289,-0.0418553464114666,0.6347452402114868,0.46030426025390625,-0.0034376808907836676,0.5761686563491821,0.47423839569091797,-0.04333218187093735,0.6489647030830383,0.4785071611404419,-0.029024707153439522,0.6769734621047974,0.4696419835090637,-0.006477935705333948,0.6460089683532715,0.3903857469558716,-0.020759105682373047,0.5847669839859009,0.39855682849884033,-0.035860203206539154,0.6342540979385376,0.4169512987136841,-0.01631884090602398,0.6618204712867737,0.4166429042816162,0.005024290177971125
NO,0.8311980962753296,0.47403496503829956,-7.402731512229366e-07,0.7922688126564026,0.5835238695144653,-0.027887171134352684,0.7412314414978027,0.6792727708816528,-0.0454963780939579,0.6847076416015625,0.7505002021789551,-0.06634631752967834,0.6395052075386047,0.7966663837432861,-0.07995681464672089,0.6314524412155151,0.5781923532485962,0.0077192410826683044,0.5699561834335327,0.5953934192657471,-0.03528713062405586,0.6335209608078003,0.5894582867622375,-0.05981607735157013,0.6688729524612427,0.577621340751648,-0.0689811259508133,0.6257748007774353,0.5150368213653564,0.006322270259261131,0.570597767829895,0.5328213572502136,-0.039239898324012756,0.6526765823364258,0.5298339128494263,-0.049534689635038376,0.6753032803535461,0.5197955965995789,-0.04385020583868027,0.6287899613380432,0.45122450590133667,-0.0037071285769343376,0.5726245045661926,0.4623597264289856,-0.044738538563251495,0.6450819969177246,0.46675869822502136,-0.029122313484549522,0.6697299480438232,0.4598497450351715,-0.005550764966756105,0.6413809061050415,0.3853849768638611,-0.01675158552825451,0.5842143893241882,0.3940763473510742,-0.03365826606750488,0.6340913772583008,0.4107328951358795,-0.014753539115190506,0.658561646938324,0.40955650806427,0.006948493886739016
NO,0.8246486783027649,0.4472401738166809,-6.368128424583119e-07,0.7801979780197144,0.5611744523048401,-0.022735334932804108,0.7251632213592529,0.6527900099754333,-0.03758586570620537,0.6680694818496704,0.7193836569786072,-0.05712645873427391,0.6294205188751221,0.7733995914459229,-0.07087937742471695,0.6283223032951355,0.5518087148666382,0.01688023842871189,0.5658014416694641,0.5651993155479431,-0.023332681506872177,0.6178290843963623,0.554750382900238,-0.04765663295984268,0.6557210683822632,0.5440151691436768,-0.05663047730922699,0.6224111914634705,0.48748892545700073,0.012448682449758053,0.5652250051498413,0.5003721714019775,-0.03174133598804474,0.6445409655570984,0.494958758354187,-0.04416971653699875,0.6722418665885925,0.48671355843544006,-0.0395345576107502,0.6266265511512756,0.42367541790008545,-0.00013603115803562105,0.5728951096534729,0.4286596179008484,-0.03896209970116615,0.6410975456237793,0.4349665641784668,-0.02414477802813053,0.6658961176872253,0.43217918276786804,-0.0013573846081271768,0.6408323049545288,0.35689258575439453,-0.015446748584508896,0.582612156867981,0.35975444316864014,-0.028392573818564415,0.6299998760223389,0.3779006600379944,-0.006725884974002838,0.6542172431945801,0.3812045753002167,0.01596219092607498
NO,0.8270205855369568,0.4873078167438507,-6.887084964546375e-07,0.7867729663848877,0.6008213758468628,-0.027021659538149834,0.7320829033851624,0.6928325891494751,-0.04661206901073456,0.6772549748420715,0.7599604725837708,-0.07098633050918579,0.6334295272827148,0.808808445930481,-0.08908739686012268,0.628699004650116,0.5761891603469849,0.005566850770264864,0.5585117340087891,0.5924906730651855,-0.03907259926199913,0.6147262454032898,0.5924670100212097,-0.06536351144313812,0.6551780700683594,0.5812286734580994,-0.07516193389892578,0.626139223575592,0.5165594816207886,0.0015776170184835792,0.5655154585838318,0.5358410477638245,-0.0450243279337883,0.6446699500083923,0.5389478206634521,-0.05647613853216171,0.6738978624343872,0.5245904922485352,-0.051355715841054916,0.630499005317688,0.4546879529953003,-0.011144948191940784,0.5673955678939819,0.46611088514328003,-0.051651645451784134,0.6392453908920288,0.47814586758613586,-0.0365222729742527,0.6708851456642151,0.4687540829181671,-0.013285083696246147,0.6437303423881531,0.3892371356487274,-0.027386438101530075,0.5815740823745728,0.3936210870742798,-0.04491925239562988,0.628125786781311,0.4175918996334076,-0.02680163085460663,0.6585261225700378,0.4177231192588806,-0.005708594340831041
NO,0.8414179682731628,0.4669454097747803,-7.440328886332281e-07,0.7984169721603394,0.5791893601417542,-0.023099912330508232,0.7440744042396545,0.6710202693939209,-0.038814712315797806,0.6850141882896423,0.7361368536949158,-0.059136904776096344,0.6395525932312012,0.7817956209182739,-0.07328807562589645,0.6386167407035828,0.5647658705711365,0.013239139690995216,0.5767732858657837,0.5805473327636719,-0.029250318184494972,0.6340892910957336,0.578537106513977,-0.05516386777162552,0.6733375191688538,0.5679339170455933,-0.06507882475852966,0.6344308853149414,0.5013676881790161,0.008852832950651646,0.5755607485771179,0.5156421065330505,-0.035816337913274765,0.6574463248252869,0.5176249146461487,-0.04716010019183159,0.6864232420921326,0.507557213306427,-0.041898395866155624,0.639746904373169,0.43786007165908813,-0.0038285688497126102,0.5801173448562622,0.4439975321292877,-0.04246414452791214,0.651187002658844,0.4534406065940857,-0.02636764571070671,0.6794397830963135,0.44715845584869385,-0.002777709625661373,0.6557067632675171,0.3717260956764221,-0.019452610984444618,0.5953717231750488,0.37614744901657104,-0.03387782350182533,0.6419252157211304,0.39578330516815186,-0.013520429842174053,0.666854202747345,0.39568623900413513,0.008815747685730457
NO,0.8440788388252258,0.45808157324790955,-6.770684990442533e-07,0.7964398860931396,0.5698596239089966,-0.023242855444550514,0.737011730670929,0.6613099575042725,-0.03749530017375946,0.6781655550003052,0.7262862324714661,-0.05639159306883812,0.636914849281311,0.7774394154548645,-0.06925804167985916,0.6405404806137085,0.5551641583442688,0.018681304529309273,0.582013726234436,0.5659195184707642,-0.022190995514392853,0.637386679649353,0.560723066329956,-0.0473451241850853,0.6750715374946594,0.5508066415786743,-0.05680222436785698,0.6355260014533997,0.4901879131793976,0.014607401564717293,0.5773286819458008,0.49918684363365173,-0.02955770306289196,0.6579857468605042,0.5006393194198608,-0.042280688881874084,0.6864832043647766,0.49232766032218933,-0.037732355296611786,0.6405383944511414,0.42560073733329773,0.0020722858607769012,0.5848314762115479,0.428763747215271,-0.0370551273226738,0.6550946235656738,0.4388430416584015,-0.023043304681777954,0.6812971830368042,0.43486571311950684,-0.0004325320478528738,0.6557619571685791,0.35830163955688477,-0.013233675621449947,0.5961070656776428,0.35951170325279236,-0.026457298547029495,0.6436378359794617,0.38059067726135254,-0.005699247121810913,0.6679131388664246,0.38383474946022034,0.016549650579690933
NO,0.8367011547088623,0.48559775948524475,-7.2203425816042e-07,0.7934222221374512,0.6032054424285889,-0.019648002460598946,0.7384254932403564,0.6971122622489929,-0.03414899483323097,0.6831853985786438,0.7652056813240051,-0.054748088121414185,0.6421326994895935,0.8166753053665161,-0.06998420506715775,0.6370646357536316,0.5869713425636292,0.020368345081806183,0.5737971663475037,0.6035245060920715,-0.02065744809806347,0.6316280961036682,0.5997228622436523,-0.045964378863573074,0.6712864637374878,0.5865066051483154,-0.055673759430646896,0.630730152130127,0.5242798924446106,0.013580634258687496,0.5707255601882935,0.5449118614196777,-0.030642453581094742,0.6522191166877747,0.5437407493591309,-0.04320400580763817,0.6832316517829895,0.526898205280304,-0.0386955626308918,0.633578896522522,0.4585210680961609,-0.0016002025222405791,0.5746228098869324,0.4722558557987213,-0.04057382047176361,0.6489546895027161,0.48036301136016846,-0.026442456990480423,0.6786961555480957,0.46974316239356995,-0.003963358700275421,0.6470482349395752,0.3881118893623352,-0.01950758509337902,0.5868765115737915,0.3979610800743103,-0.03459933400154114,0.6379497051239014,0.41884344816207886,-0.015173699706792831,0.6657814383506775,0.41591376066207886,0.006347498390823603
NO,0.835584282875061,0.45402032136917114,-8.065363772402634e-07,0.7935770153999329,0.565155029296875,-0.022149279713630676,0.7358406186103821,0.6555794477462769,-0.03526918217539787,0.6783779263496399,0.7204176187515259,-0.052734632045030594,0.6413409113883972,0.7728060483932495,-0.06432802230119705,0.6367430686950684,0.5472615957260132,0.013531091623008251,0.5759316682815552,0.5573595762252808,-0.027210457250475883,0.6378475427627563,0.5569842457771301,-0.05078678950667381,0.6758468151092529,0.5514596700668335,-0.05919335037469864,0.6318787932395935,0.4847179353237152,0.009901730343699455,0.57514488697052,0.4959311783313751,-0.031392645090818405,0.656899094581604,0.5005302429199219,-0.04002126306295395,0.682294487953186,0.4948285222053528,-0.03415434807538986,0.6364824175834656,0.4219932556152344,-0.00193745584692806,0.5763104557991028,0.4260825514793396,-0.04087250679731369,0.6492186784744263,0.43720540404319763,-0.02454306185245514,0.6768438816070557,0.4339387118816376,-0.001102395704947412,0.6524201035499573,0.35941457748413086,-0.016197700053453445,0.5914667248725891,0.362312376499176,-0.03160722926259041,0.6404431462287903,0.3808439075946808,-0.01115996204316616,0.6665421724319458,0.3813052177429199,0.011117249727249146
NO,0.8282802104949951,0.44351229071617126,-6.481640184574644e-07,0.782012403011322,0.5555787682533264,-0.026518190279603004,0.7256737947463989,0.6489770412445068,-0.04253029078245163,0.6706262826919556,0.7209790945053101,-0.0627669021487236,0.6332037448883057,0.7770271301269531,-0.07668309658765793,0.6248266696929932,0.5429098010063171,0.018766265362501144,0.5680870413780212,0.5539103746414185,-0.02189091220498085,0.6239732503890991,0.5499577522277832,-0.045730866491794586,0.6543144583702087,0.5417167544364929,-0.05486353859305382,0.6200862526893616,0.479744553565979,0.015429861843585968,0.5653690695762634,0.4924745261669159,-0.030184589326381683,0.6469128131866455,0.49373137950897217,-0.042045801877975464,0.6689962148666382,0.48432087898254395,-0.03609822690486908,0.6246398687362671,0.4146627187728882,0.0028974441811442375,0.5763339400291443,0.42152661085128784,-0.03888455033302307,0.6473161578178406,0.4305487871170044,-0.02493423782289028,0.6666695475578308,0.4248659610748291,-0.0014720960753038526,0.6396126747131348,0.34733954071998596,-0.012611543759703636,0.5839452743530273,0.3535813093185425,-0.026790086179971695,0.6337087154388428,0.37349843978881836,-0.005576564930379391,0.6562913060188293,0.3732508420944214,0.01744483970105648
NO,0.8245728611946106,0.46687352657318115,-7.593268946948228e-07,0.7810771465301514,0.579473078250885,-0.02248575910925865,0.7289036512374878,0.6715164184570312,-0.03885835036635399,0.6753258109092712,0.7400681972503662,-0.060580261051654816,0.6357529759407043,0.7925888299942017,-0.07590150833129883,0.6263703107833862,0.560509443283081,0.01024052407592535,0.5576834678649902,0.5776364803314209,-0.033832333981990814,0.6192306280136108,0.5755394101142883,-0.05833185836672783,0.6565331816673279,0.5642971396446228,-0.06678204238414764,0.6224867105484009,0.4998781383037567,0.0053232270292937756,0.5635227560997009,0.5180162191390991,-0.04089212417602539,0.6458272933959961,0.5179318785667419,-0.0508420355618,0.6707761287689209,0.5042541027069092,-0.04473695158958435,0.6266792416572571,0.43767714500427246,-0.007909712381660938,0.5659353733062744,0.45057153701782227,-0.048252541571855545,0.640531599521637,0.45907214283943176,-0.030906906351447105,0.6673900485038757,0.44967055320739746,-0.006183633115142584,0.6402302980422974,0.37269267439842224,-0.024013420566916466,0.5772267580032349,0.37997424602508545,-0.03854520991444588,0.6264114379882812,0.4017583429813385,-0.01709550805389881,0.6535156965255737,0.40101051330566406,0.005990597885102034
NO,0.8272086381912231,0.4208136200904846,-7.024486308182532e-07,0.7828550934791565,0.5285406112670898,-0.025838404893875122,0.7240776419639587,0.6178296804428101,-0.0402941033244133,0.6675878167152405,0.6846951842308044,-0.058180708438158035,0.6328246593475342,0.7413623929023743,-0.06956452876329422,0.630752682685852,0.5106403231620789,0.010988686233758926,0.5706062316894531,0.5191715955734253,-0.02897227741777897,0.628446638584137,0.5193494558334351,-0.05107176676392555,0.6605034470558167,0.5136319994926453,-0.05919039249420166,0.627519428730011,0.44853675365448,0.008688782341778278,0.5699217319488525,0.45712336897850037,-0.034695807844400406,0.648953914642334,0.46329349279403687,-0.04452705383300781,0.6695735454559326,0.4565807282924652,-0.038952864706516266,0.6328123807907104,0.38618505001068115,-0.0019073468865826726,0.5759206414222717,0.3875238597393036,-0.0414716862142086,0.6440204381942749,0.39981788396835327,-0.026853390038013458,0.665457010269165,0.39674773812294006,-0.004595741629600525,0.646668553352356,0.32403653860092163,-0.01533383410423994,0.5907630920410156,0.32273122668266296,-0.030178960412740707,0.6356000304222107,0.3418229818344116,-0.01123058795928955,0.6563590168952942,0.3422691822052002,0.009542373940348625
NO,0.8229299783706665,0.45274510979652405,-6.799760967624024e-07,0.7750675082206726,0.5663018822669983,-0.01910991780459881,0.7194421291351318,0.6544668674468994,-0.03359450772404671,0.6650413870811462,0.7215196490287781,-0.054210830479860306,0.6281905174255371,0.778282105922699,-0.06973646581172943,0.6218871474266052,0.5461568832397461,0.02265484258532524,0.5612182021141052,0.5584686994552612,-0.017052797600626945,0.6179631352424622,0.5562225580215454,-0.04259685054421425,0.6576283574104309,0.5459856986999512,-0.052721645683050156,0.6173312067985535,0.4840642213821411,0.015735894441604614,0.5605204105377197,0.4983445107936859,-0.02645471878349781,0.6404417753219604,0.5009771585464478,-0.038976773619651794,0.6714081168174744,0.48907071352005005,-0.03508947417140007,0.6227545142173767,0.42036744952201843,0.00032998851384036243,0.5674488544464111,0.4267991781234741,-0.0363493487238884,0.638472318649292,0.4388493001461029,-0.022193700075149536,0.6668948531150818,0.43336862325668335,-0.0005106698372401297,0.6389697790145874,0.35374221205711365,-0.01780392974615097,0.579562783241272,0.3570041060447693,-0.02964881621301174,0.6273685097694397,0.3799946904182434,-0.00916135124862194,0.6535984873771667,0.3819607198238373,0.01216777041554451
NO,0.84093177318573,0.45712652802467346,-7.477157737412199e-07,0.7955266237258911,0.5562360882759094,-0.02522517740726471,0.7323729991912842,0.6390420198440552,-0.03921480104327202,0.6739088892936707,0.6971585154533386,-0.05713702738285065,0.6344591379165649,0.7455337047576904,-0.06906018406152725,0.6363135576248169,0.5268970131874084,0.012649742886424065,0.5767401456832886,0.5288878679275513,-0.02730332501232624,0.6357675194740295,0.5394546389579773,-0.05091673135757446,0.6727824807167053,0.5354853868484497,-0.05978328362107277,0.6343584656715393,0.4672447443008423,0.009769385680556297,0.574643075466156,0.470309317111969,-0.033881232142448425,0.6509315967559814,0.48811954259872437,-0.044659197330474854,0.680752158164978,0.4824191629886627,-0.039217449724674225,0.6417577266693115,0.4078453779220581,-0.001635699300095439,0.5810478329658508,0.4039492905139923,-0.04148755967617035,0.6486129760742188,0.4266890287399292,-0.028650514781475067,0.6804452538490295,0.4253131151199341,-0.006711093708872795,0.6590592265129089,0.34769028425216675,-0.01592467539012432,0.5982590913772583,0.3436133563518524,-0.03259652480483055,0.6419945955276489,0.3697567284107208,-0.015878645703196526,0.6709014773368835,0.37328964471817017,0.00406146002933383
NO,0.9283789396286011,0.5048807859420776,-7.54971836158802e-07,0.85658198595047,0.5817273855209351,-0.016788560897111893,0.775040328502655,0.628250241279602,-0.026905642822384834,0.7089223861694336,0.6530119180679321,-0.04430697485804558,0.6554852724075317,0.677273154258728,-0.0566290020942688,0.7131797671318054,0.4935706555843353,0.025665339082479477,0.6463996171951294,0.4674566388130188,-0.013793817721307278,0.6945616006851196,0.4883599579334259,-0.041603703051805496,0.7412527203559875,0.5042957067489624,-0.05244523286819458,0.7242562770843506,0.4338134527206421,0.016025736927986145,0.6514831781387329,0.4077167212963104,-0.027904430404305458,0.7153456211090088,0.4473267197608948,-0.04657360166311264,0.7642154693603516,0.4661189317703247,-0.04548078030347824,0.7455392479896545,0.378107488155365,-0.0018421743297949433,0.6795803904533386,0.3471602201461792,-0.04202532023191452,0.7361899614334106,0.39300090074539185,-0.0386679582297802,0.7810937762260437,0.41657015681266785,-0.021179918199777603,0.7767694592475891,0.3228902816772461,-0.022008849307894707,0.7133400440216064,0.2824898362159729,-0.040365070104599,0.7362505197525024,0.3227413296699524,-0.029369521886110306,0.765040397644043,0.35315531492233276,-0.01286679320037365
NO,0.9814673662185669,0.8573493957519531,-5.894383434679185e-07,0.9087209701538086,0.8645844459533691,-0.02630562148988247,0.8313568234443665,0.8171595931053162,-0.042003244161605835,0.7693489789962769,0.7667250037193298,-0.058805912733078,0.719923734664917,0.7292377948760986,-0.07094645500183105,0.83977210521698,0.649918258190155,-0.009557553566992283,0.8100313544273376,0.5563833117485046,-0.04598445072770119,0.8214413523674011,0.6008313894271851,-0.06938637048006058,0.8417102694511414,0.6588007211685181,-0.07869808375835419,0.8817092180252075,0.6114209294319153,-0.014395196922123432,0.8450475931167603,0.5084230303764343,-0.0524064302444458,0.8564547896385193,0.5751109719276428,-0.06892178952693939,0.8722333908081055,0.6372501850128174,-0.07106593996286392,0.9271316528320312,0.5947265028953552,-0.024467026814818382,0.8956664204597473,0.5084143280982971,-0.05499842017889023,0.9049354195594788,0.5807186961174011,-0.05039754882454872,0.919208288192749,0.6390200257301331,-0.039436809718608856,0.9786367416381836,0.5939075946807861,-0.03706435114145279,0.9580503702163696,0.541032075881958,-0.05614837631583214,0.958948016166687,0.5962777733802795,-0.048184026032686234,0.9661853313446045,0.6397976279258728,-0.03621290251612663
NO,0.32452914118766785,0.89078688621521,-6.020439258236365e-08,0.41915449500083923,0.9261906147003174,-0.005078256130218506,0.5134096145629883,0.9114927053451538,-0.014653421007096767,0.5781813859939575,0.8744812607765198,-0.029028942808508873,0.6093898415565491,0.8334369659423828,-0.04294193536043167,0.5877197980880737,0.8972377181053162,-0.007275986485183239,0.6294975280761719,0.78104567527771,-0.04429815337061882,0.6178878545761108,0.802618682384491,-0.07029246538877487,0.6060517430305481,0.8420989513397217,-0.08425786346197128,0.5616506934165955,0.8614635467529297,-0.022762350738048553,0.5932047963142395,0.7358846068382263,-0.06111477315425873,0.571980357170105,0.7837724089622498,-0.07662291824817657,0.5527809262275696,0.8399671316146851,-0.08308171480894089,0.523006021976471,0.8176335096359253,-0.04209459573030472,0.5571554899215698,0.7118958830833435,-0.0786270871758461,0.5400669574737549,0.7694397568702698,-0.08196985721588135,0.5235089659690857,0.8322359919548035,-0.07817357778549194,0.47365081310272217,0.7693495750427246,-0.06268958002328873,0.5113809108734131,0.7023720741271973,-0.09176693856716156,0.5088295340538025,0.7519203424453735,-0.09630481898784637,0.502764105796814,0.8114756941795349,-0.09398765116930008
NO,0.3898034393787384,0.5044860243797302,-2.8679673391707183e-07,0.44531163573265076,0.578265368938446,-0.03087901882827282,0.5283030867576599,0.6394556164741516,-0.04580707475543022,0.5976583957672119,0.6808019280433655,-0.062076177448034286,0.6330757141113281,0.7435071468353271,-0.07349369674921036,0.6019343137741089,0.5520604848861694,0.00797643605619669,0.6501556634902954,0.5279849171638489,-0.027316784486174583,0.6011992692947388,0.5350762605667114,-0.05003121495246887,0.5623006820678711,0.5489145517349243,-0.05831645056605339,0.5970789194107056,0.49026742577552795,0.010408931411802769,0.6523414254188538,0.4626709818840027,-0.02646772749722004,0.5906217098236084,0.48303326964378357,-0.038604237139225006,0.5511087775230408,0.5019981265068054,-0.03508211672306061,0.5830433368682861,0.43180057406425476,0.004859710577875376,0.6424649953842163,0.39914554357528687,-0.031288035213947296,0.5871608853340149,0.4294651746749878,-0.02655170112848282,0.5478026866912842,0.45335638523101807,-0.010298863984644413,0.5592244267463684,0.3725360631942749,-0.003770557465031743,0.6062970757484436,0.34066325426101685,-0.025847923010587692,0.5765966773033142,0.375052273273468,-0.019112661480903625,0.5476275682449341,0.40772706270217896,-0.0045319669879972935
NO,0.4524303674697876,0.3598773777484894,-3.1426597502104414e-07,0.4941349923610687,0.4498189687728882,-0.03506919741630554,0.5644994378089905,0.5289682149887085,-0.053997304290533066,0.6270354390144348,0.5848233699798584,-0.07355141639709473,0.6594358086585999,0.6481493711471558,-0.08881932497024536,0.6459624171257019,0.44226330518722534,-0.007327071391046047,0.7026582360267639,0.43961870670318604,-0.048313628882169724,0.6523244380950928,0.43265390396118164,-0.07188406586647034,0.6063687205314636,0.43181195855140686,-0.07959284633398056,0.6459003686904907,0.37938305735588074,-0.004616123158484697,0.7030173540115356,0.3682521879673004,-0.04613151028752327,0.631452202796936,0.37279587984085083,-0.05644751340150833,0.5869683027267456,0.38330766558647156,-0.05114131048321724,0.6368497610092163,0.31942325830459595,-0.009898410178720951,0.6934352517127991,0.30340060591697693,-0.04981284216046333,0.6268702149391174,0.3191315829753876,-0.04136430099606514,0.582825243473053,0.3328213393688202,-0.02220742776989937,0.6197441816329956,0.2588501572608948,-0.018495894968509674,0.6711727380752563,0.2402821034193039,-0.041445326060056686,0.6353415846824646,0.2639317512512207,-0.03124217316508293,0.6046035289764404,0.2844178378582001,-0.014511806890368462
NO,0.5001431107521057,0.3680262565612793,-3.697346073749941e-07,0.5301141142845154,0.4655502438545227,-0.03621123358607292,0.5896481871604919,0.5570634603500366,-0.05476134270429611,0.644682765007019,0.6239200234413147,-0.07393211871385574,0.6691911220550537,0.6944344639778137,-0.08707205206155777,0.6827701926231384,0.484031081199646,-0.0075176251120865345,0.735612690448761,0.48481515049934387,-0.05145111680030823,0.6751440167427063,0.47451353073120117,-0.07219824194908142,0.6325650215148926,0.47237429022789,-0.07685289531946182,0.6844796538352966,0.42080044746398926,-0.00410136952996254,0.7360824346542358,0.41690003871917725,-0.048698876053094864,0.6597365736961365,0.4138028621673584,-0.05547342449426651,0.6246622800827026,0.41773468255996704,-0.04738621413707733,0.6781589984893799,0.35723912715911865,-0.009626590646803379,0.7343577742576599,0.35481157898902893,-0.053999897092580795,0.6638185977935791,0.35976070165634155,-0.041803304105997086,0.626808226108551,0.36356550455093384,-0.019501056522130966,0.6659871935844421,0.2900351881980896,-0.018476512283086777,0.7159537076950073,0.2813263535499573,-0.04369089752435684,0.6748001575469971,0.29930418729782104,-0.032926034182310104,0.6450976729393005,0.3121359050273895,-0.015429769642651081
NO,0.501251220703125,0.3468860685825348,-3.939009047826403e-07,0.5285436511039734,0.4435986876487732,-0.039933767169713974,0.586758017539978,0.5356924533843994,-0.059196945279836655,0.6427659392356873,0.6040434241294861,-0.07719165831804276,0.6666598916053772,0.6738396883010864,-0.08813375979661942,0.6784487366676331,0.46881043910980225,-0.012053145095705986,0.731228768825531,0.46677982807159424,-0.055078472942113876,0.6679385304450989,0.4517200291156769,-0.07435405999422073,0.6299474835395813,0.4490906894207001,-0.07839202135801315,0.6836300492286682,0.4069225490093231,-0.0060174851678311825,0.7334933280944824,0.4014914333820343,-0.04864683747291565,0.6577153205871582,0.3955455422401428,-0.053162992000579834,0.6288988590240479,0.40095359086990356,-0.04418589174747467,0.6813588738441467,0.34682080149650574,-0.00899450946599245,0.7337542176246643,0.341400682926178,-0.05240882188081741,0.6646588444709778,0.3431139588356018,-0.03878975659608841,0.6335321664810181,0.3485896587371826,-0.016053657978773117,0.6741446256637573,0.28444167971611023,-0.015519295819103718,0.7215317487716675,0.2768293023109436,-0.040172748267650604,0.6772010326385498,0.29096654057502747,-0.028233245015144348,0.6474578380584717,0.3029475808143616,-0.009956805035471916
NO,0.5065983533859253,0.3471865653991699,-3.823445240414003e-07,0.531379222869873,0.445031076669693,-0.03477025777101517,0.5871576070785522,0.5431624054908752,-0.051989976316690445,0.6406317949295044,0.6151832342147827,-0.06862498074769974,0.6637557744979858,0.6834315061569214,-0.07989930361509323,0.675407886505127,0.47586479783058167,-0.01338555570691824,0.7274169325828552,0.47390007972717285,-0.05332145467400551,0.6699854135513306,0.4584699273109436,-0.07158368080854416,0.62900310754776,0.4550665616989136,-0.07611303776502609,0.6810500025749207,0.41307443380355835,-0.009959843941032887,0.7333860397338867,0.4077635109424591,-0.050986867398023605,0.6593117117881775,0.39971888065338135,-0.056179434061050415,0.6248968243598938,0.4035246670246124,-0.04883355274796486,0.6779279708862305,0.35153549909591675,-0.01431309524923563,0.7321416139602661,0.3455546796321869,-0.0562627837061882,0.6621907353401184,0.34711334109306335,-0.0430198535323143,0.6274114847183228,0.352165162563324,-0.021854298189282417,0.668574869632721,0.2856072187423706,-0.021618323400616646,0.7168000936508179,0.27469751238822937,-0.046561483293771744,0.6722236275672913,0.2899996340274811,-0.035056810826063156,0.6426401138305664,0.3041682541370392,-0.018160028383135796
NO,0.5005310773849487,0.38082438707351685,-4.0397438283434894e-07,0.5227302312850952,0.48102280497550964,-0.04023611918091774,0.5774714946746826,0.5786498785018921,-0.06120510399341583,0.6302263736724854,0.655802845954895,-0.08112466335296631,0.6542412638664246,0.7273184061050415,-0.09357091039419174,0.6699296832084656,0.5188360214233398,-0.01686425693333149,0.729296863079071,0.5220193266868591,-0.05983562394976616,0.6693361401557922,0.507652997970581,-0.07624591141939163,0.6321554183959961,0.504401445388794,-0.07833104580640793,0.6766553521156311,0.4564979374408722,-0.011773609556257725,0.7341686487197876,0.4555763006210327,-0.05492190271615982,0.6574605703353882,0.44617214798927307,-0.05594972148537636,0.6301079392433167,0.450913667678833,-0.04455958679318428,0.678421676158905,0.39649444818496704,-0.015807878226041794,0.7366524934768677,0.39737316966056824,-0.0598774291574955,0.6660910844802856,0.39479660987854004,-0.04346085339784622,0.6343995928764343,0.3968748152256012,-0.01885846257209778,0.6750279068946838,0.33437156677246094,-0.023690810427069664,0.7282500267028809,0.33121925592422485,-0.04959387704730034,0.6838493943214417,0.3437808156013489,-0.03729422762989998,0.6520767211914062,0.3529565930366516,-0.018776727840304375
NO,0.4984378218650818,0.359458863735199,-4.0445712556902436e-07,0.5238122940063477,0.45634177327156067,-0.040614087134599686,0.5830289721488953,0.553924560546875,-0.059312593191862106,0.6391938924789429,0.6318919658660889,-0.07604636251926422,0.663780689239502,0.7052006125450134,-0.08553912490606308,0.6739341616630554,0.4907565712928772,-0.017640629783272743,0.7316808104515076,0.4919329285621643,-0.06115375831723213,0.6684219241142273,0.47407403588294983,-0.07838980853557587,0.629464328289032,0.4711188077926636,-0.08098023384809494,0.6805962920188904,0.4259515106678009,-0.011163759976625443,0.7348093390464783,0.4223167896270752,-0.05480644479393959,0.656777560710907,0.41454100608825684,-0.056806810200214386,0.6264272928237915,0.41999149322509766,-0.04628460109233856,0.6796433329582214,0.3646658957004547,-0.01366620697081089,0.7352782487869263,0.35986849665641785,-0.05951235443353653,0.6602328419685364,0.36023005843162537,-0.04378184676170349,0.6260533332824707,0.36569875478744507,-0.019257478415966034,0.6725358366966248,0.3013012707233429,-0.019557686522603035,0.722532331943512,0.2961106300354004,-0.046590548008680344,0.6745405197143555,0.3082590103149414,-0.034354809671640396,0.6430548429489136,0.3194117546081543,-0.015644604340195656
NO,0.5017857551574707,0.3749412000179291,-3.886007107212208e-07,0.527387797832489,0.4787232577800751,-0.036758214235305786,0.5842589139938354,0.5813193917274475,-0.05605410411953926,0.6377845406532288,0.6598780155181885,-0.07606157660484314,0.6624733209609985,0.7311675548553467,-0.0899040549993515,0.6823953986167908,0.5143043994903564,-0.007709739729762077,0.7368122935295105,0.516211986541748,-0.05110585317015648,0.6776332855224609,0.5021970868110657,-0.07166362553834915,0.6358007192611694,0.49840047955513,-0.07649717479944229,0.6879965662956238,0.44980815052986145,-0.0043440163135528564,0.7393410801887512,0.44823306798934937,-0.04664495587348938,0.6650367379188538,0.4394764006137848,-0.05236738920211792,0.63445645570755,0.44290634989738464,-0.044462092220783234,0.6864619255065918,0.38692453503608704,-0.010040261782705784,0.7425207495689392,0.3845953941345215,-0.052160948514938354,0.6744012832641602,0.38297173380851746,-0.03860335797071457,0.6415331959724426,0.3858540654182434,-0.0165420975536108,0.6797343492507935,0.3204724192619324,-0.019323470070958138,0.7284318804740906,0.31368207931518555,-0.04295743256807327,0.6858689785003662,0.32680556178092957,-0.03061676397919655,0.6561501026153564,0.3380796015262604,-0.012426460161805153
NO,0.501991868019104,0.3765522539615631,-3.967998338794132e-07,0.5312619209289551,0.47580766677856445,-0.03894985839724541,0.5907450914382935,0.5718412399291992,-0.058657798916101456,0.6446436047554016,0.6489387154579163,-0.07783547788858414,0.6720274090766907,0.7213155031204224,-0.09072061628103256,0.6849631071090698,0.5076202154159546,-0.012455674819648266,0.7408933639526367,0.5101789236068726,-0.05906287953257561,0.6803202629089355,0.49529483914375305,-0.08149442821741104,0.6366947889328003,0.4900909960269928,-0.08674710243940353,0.6914693713188171,0.4438440799713135,-0.007768710143864155,0.7440767288208008,0.44164350628852844,-0.05386747047305107,0.6664466261863708,0.43382158875465393,-0.0603819414973259,0.630420446395874,0.4373043477535248,-0.05200245976448059,0.6906106472015381,0.3813247084617615,-0.012351630255579948,0.745053231716156,0.37860965728759766,-0.05897071585059166,0.6722186803817749,0.3795017898082733,-0.04630815610289574,0.6346169114112854,0.3837932348251343,-0.02316070906817913,0.6835067868232727,0.3157871961593628,-0.020375341176986694,0.734031617641449,0.31064844131469727,-0.047849517315626144,0.6871274709701538,0.3254460096359253,-0.036244869232177734,0.6540361642837524,0.33783233165740967,-0.017386993393301964
NO,0.5089417695999146,0.386633038520813,-3.955325951210398e-07,0.5336486101150513,0.4925459325313568,-0.03805815055966377,0.5895810127258301,0.5966132283210754,-0.05824635177850723,0.6437052488327026,0.6714286804199219,-0.07901953160762787,0.6683802008628845,0.742862343788147,-0.09345034509897232,0.6907222270965576,0.5229140520095825,-0.008657416328787804,0.7452111840248108,0.5271813273429871,-0.05409379303455353,0.6833745241165161,0.5131705403327942,-0.07507770508527756,0.6400323510169983,0.5094053149223328,-0.07917355000972748,0.6959438323974609,0.4566642642021179,-0.004886499140411615,0.7499065399169922,0.45785537362098694,-0.0497702993452549,0.6709444522857666,0.44725820422172546,-0.05554761737585068,0.6367020606994629,0.4492392838001251,-0.04621302708983421,0.6937988996505737,0.39238032698631287,-0.010438092052936554,0.7504868507385254,0.39593827724456787,-0.05554128438234329,0.677668035030365,0.3925260305404663,-0.0427042581140995,0.6416858434677124,0.3930395841598511,-0.01937704160809517,0.6855736970901489,0.3265383839607239,-0.019491976127028465,0.7407808303833008,0.3201375901699066,-0.044578634202480316,0.6972755193710327,0.33493858575820923,-0.03261333331465721,0.6640296578407288,0.34800055623054504,-0.013718860223889351
NO,0.5057576894760132,0.38656720519065857,-4.098851036360429e-07,0.5333575010299683,0.48673897981643677,-0.035798292607069016,0.5938996076583862,0.5833542943000793,-0.05403848737478256,0.6469860076904297,0.66069495677948,-0.0730440691113472,0.6714184284210205,0.7311395406723022,-0.08603007346391678,0.6881311535835266,0.5157865881919861,-0.007966073229908943,0.743712306022644,0.5216463804244995,-0.052910733968019485,0.6809462904930115,0.5083837509155273,-0.07454444468021393,0.6366223692893982,0.5036023259162903,-0.07949861884117126,0.6934599280357361,0.45256829261779785,-0.005041392985731363,0.746707558631897,0.45466575026512146,-0.049607399851083755,0.6688902974128723,0.4464800953865051,-0.05628368258476257,0.634567141532898,0.4472564160823822,-0.04829724505543709,0.6920857429504395,0.3890981376171112,-0.011138608679175377,0.7485761642456055,0.3921734392642975,-0.05622190237045288,0.6762056350708008,0.3916211724281311,-0.043709781020879745,0.6398505568504333,0.3906727731227875,-0.021046152338385582,0.6851989030838013,0.3218344748020172,-0.02054031379520893,0.7390686273574829,0.3193930685520172,-0.04704161360859871,0.692969799041748,0.33521768450737,-0.03519374877214432,0.6586275696754456,0.34513139724731445,-0.016407448798418045
NO,0.5065889358520508,0.3855108320713043,-3.97408598473703e-07,0.5309293866157532,0.49115803837776184,-0.03779209777712822,0.5870810747146606,0.5947487354278564,-0.05835047736763954,0.6407499313354492,0.6716902852058411,-0.07939710468053818,0.6680927872657776,0.7412346601486206,-0.09393440932035446,0.6894060373306274,0.5210390090942383,-0.009443787857890129,0.7456138134002686,0.5254608988761902,-0.053791023790836334,0.6845678091049194,0.5127026438713074,-0.07421493530273438,0.6420334577560425,0.5087968707084656,-0.07861880213022232,0.6941743493080139,0.4554830491542816,-0.006136835087090731,0.7488568425178528,0.45456352829933167,-0.04990052059292793,0.670623779296875,0.4484540522098541,-0.05489903315901756,0.638731062412262,0.4519680142402649,-0.04584430903196335,0.6923703551292419,0.3916371166706085,-0.011967887170612812,0.7493746280670166,0.39139676094055176,-0.05570627748966217,0.6772179007530212,0.3921434283256531,-0.040765997022390366,0.6430286765098572,0.393513947725296,-0.01706802286207676,0.6851812601089478,0.3246299922466278,-0.021415159106254578,0.7370961308479309,0.3208867013454437,-0.04577188938856125,0.6912565231323242,0.3354649543762207,-0.03192102164030075,0.6594123840332031,0.3448423147201538,-0.012309291400015354
NO,0.4995805621147156,0.39113712310791016,-3.891629773988825e-07,0.5282315611839294,0.4966266453266144,-0.04073375463485718,0.5868306159973145,0.5953046083450317,-0.06132887676358223,0.6405393481254578,0.6713145971298218,-0.08164974302053452,0.6678029894828796,0.7420929670333862,-0.09496249258518219,0.6865093111991882,0.5274338126182556,-0.010613661259412766,0.7427296042442322,0.5289573669433594,-0.057601138949394226,0.6796249151229858,0.5150098204612732,-0.0801672413945198,0.6373905539512634,0.5118711590766907,-0.08541133254766464,0.6930835843086243,0.4614349603652954,-0.005517310928553343,0.7461151480674744,0.4606453776359558,-0.051690664142370224,0.6679445505142212,0.45266491174697876,-0.058157358318567276,0.6357347965240479,0.4564881920814514,-0.049637503921985626,0.692692220211029,0.3974950313568115,-0.010116004385054111,0.7491567134857178,0.3978363275527954,-0.056689631193876266,0.6780345439910889,0.39665359258651733,-0.04342358186841011,0.6427223086357117,0.3986019790172577,-0.019858568906784058,0.6868703961372375,0.33172813057899475,-0.018522080034017563,0.7396358251571655,0.32942408323287964,-0.04580133035778999,0.6933557987213135,0.34119218587875366,-0.03354781121015549,0.659467339515686,0.3486900329589844,-0.013970976695418358
NO,0.5036875605583191,0.3578220009803772,-4.4766224505110586e-07,0.528208315372467,0.4602666199207306,-0.03774631768465042,0.5893186330795288,0.5601884722709656,-0.056527476757764816,0.6478999257087708,0.6321423053741455,-0.07487691938877106,0.6750437021255493,0.7021694183349609,-0.08686260879039764,0.6835310459136963,0.4869876503944397,-0.013879402540624142,0.7407898306846619,0.48850297927856445,-0.057751163840293884,0.678244411945343,0.47367778420448303,-0.07688941806554794,0.6348471641540527,0.46856528520584106,-0.08077897876501083,0.6880123019218445,0.4216513931751251,-0.009921095333993435,0.7446058392524719,0.41827431321144104,-0.05533672869205475,0.6647707223892212,0.4120105504989624,-0.06033208966255188,0.629174530506134,0.4143560826778412,-0.05126456916332245,0.6858182549476624,0.35801422595977783,-0.014595084823668003,0.7457642555236816,0.35521242022514343,-0.06055397167801857,0.6701676249504089,0.35789158940315247,-0.04614506661891937,0.6323018074035645,0.3593410551548004,-0.02244768664240837,0.677550733089447,0.28985705971717834,-0.022538453340530396,0.7307974100112915,0.28407546877861023,-0.050046656280756,0.6832993626594543,0.30194926261901855,-0.03822723776102066,0.6514005064964294,0.31417447328567505,-0.019903169944882393
NO,0.5022724866867065,0.38354283571243286,-3.856397086110519e-07,0.5336010456085205,0.4916245639324188,-0.03674490377306938,0.5901432037353516,0.5954378843307495,-0.05596373602747917,0.641349732875824,0.6735320091247559,-0.07591740041971207,0.6680552959442139,0.74137282371521,-0.08975034207105637,0.687915027141571,0.5209097862243652,-0.00930797029286623,0.7441030740737915,0.5239161252975464,-0.054654695093631744,0.6833022832870483,0.5139977931976318,-0.07738518714904785,0.6399102807044983,0.509990930557251,-0.08325493335723877,0.6938666105270386,0.4546528160572052,-0.006298072170466185,0.7466402649879456,0.45366740226745605,-0.04995127394795418,0.671666145324707,0.4484707713127136,-0.05734322592616081,0.638979971408844,0.4504280388355255,-0.05086814984679222,0.6920677423477173,0.38986924290657043,-0.012379392981529236,0.7487475872039795,0.3895494341850281,-0.056121885776519775,0.6804354786872864,0.3910124897956848,-0.043489113450050354,0.6459282040596008,0.3913557231426239,-0.021912695840001106,0.6844679117202759,0.32131147384643555,-0.02203216776251793,0.7375109195709229,0.3169333040714264,-0.047688327729701996,0.6942386627197266,0.3334802985191345,-0.03556453436613083,0.6621001362800598,0.34381186962127686,-0.017157692462205887
NO,0.4981008768081665,0.3931652307510376,-3.698208104196965e-07,0.5286291241645813,0.5008754134178162,-0.04071629419922829,0.5864225029945374,0.6009700298309326,-0.06081739068031311,0.6409838199615479,0.6779488325119019,-0.08081673085689545,0.6699833869934082,0.7485154867172241,-0.09424477070569992,0.6805166602134705,0.5320030450820923,-0.01053767092525959,0.7402721047401428,0.5341291427612305,-0.055572472512722015,0.6796342134475708,0.5214784145355225,-0.07765576243400574,0.6364793181419373,0.5181905031204224,-0.08314751088619232,0.6878530979156494,0.4662226140499115,-0.005217601545155048,0.7454584240913391,0.46576762199401855,-0.04983881488442421,0.6696188449859619,0.45776453614234924,-0.057206977158784866,0.6341643333435059,0.46054941415786743,-0.05005331337451935,0.6877305507659912,0.4022793471813202,-0.009440643712878227,0.7493734359741211,0.40453004837036133,-0.053912512958049774,0.6804237365722656,0.4027819037437439,-0.042231593281030655,0.6414250731468201,0.40298014879226685,-0.020466450601816177,0.6813007593154907,0.3370257616043091,-0.017624279484152794,0.7388917803764343,0.33392971754074097,-0.04427986219525337,0.6971160769462585,0.34722867608070374,-0.03442952036857605,0.6624100804328918,0.3560905456542969,-0.017228713259100914
NO,0.49551618099212646,0.36935895681381226,-4.017738888251188e-07,0.5249586701393127,0.4709870219230652,-0.03830800950527191,0.5880085229873657,0.5701709985733032,-0.058662910014390945,0.6446823477745056,0.6460609436035156,-0.07923290133476257,0.6736239790916443,0.714954674243927,-0.09324496239423752,0.6832991242408752,0.49549680948257446,-0.010938317514955997,0.7405247092247009,0.497143417596817,-0.05550839379429817,0.6780088543891907,0.4861246347427368,-0.075850710272789,0.6359041929244995,0.4825648069381714,-0.08021868765354156,0.6869123578071594,0.4302843511104584,-0.0073480852879583836,0.7418100237846375,0.42812275886535645,-0.05078113079071045,0.6626026630401611,0.42542004585266113,-0.05530732870101929,0.6313779950141907,0.42876026034355164,-0.046290140599012375,0.6835211515426636,0.36657726764678955,-0.012907885946333408,0.7438067197799683,0.36512067914009094,-0.05712347850203514,0.6696586608886719,0.37060439586639404,-0.04171442613005638,0.633899986743927,0.3726010322570801,-0.01779761351644993,0.6744339466094971,0.2983509302139282,-0.022104544565081596,0.727512538433075,0.2940400242805481,-0.048456285148859024,0.6810058355331421,0.31265565752983093,-0.03534313663840294,0.6487617492675781,0.32349708676338196,-0.015973761677742004
NO,0.49735498428344727,0.39664846658706665,-4.412222551763989e-07,0.5226966738700867,0.5034309029579163,-0.04033228009939194,0.5806641578674316,0.6063966155052185,-0.060029275715351105,0.6370782256126404,0.6795938014984131,-0.07860758155584335,0.664115309715271,0.7496427297592163,-0.0898342877626419,0.6754978895187378,0.5388746857643127,-0.016162587329745293,0.7321294546127319,0.5402555465698242,-0.06048358604311943,0.6694766283035278,0.5208807587623596,-0.07832701504230499,0.6286555528640747,0.5163981914520264,-0.08129629492759705,0.6835841536521912,0.4706491231918335,-0.011334652081131935,0.7434177398681641,0.47144776582717896,-0.057332731783390045,0.663746178150177,0.45756807923316956,-0.06081311032176018,0.6303197741508484,0.46013644337654114,-0.050372201949357986,0.6847314238548279,0.40573614835739136,-0.015478125773370266,0.7458738684654236,0.40762943029403687,-0.06244375556707382,0.6724305152893066,0.40272289514541626,-0.04741552472114563,0.6359331011772156,0.4032665193080902,-0.022733516991138458,0.6792031526565552,0.33965981006622314,-0.023248858749866486,0.7359042763710022,0.3347597122192383,-0.051555220037698746,0.6903925538063049,0.3477492332458496,-0.04003286734223366,0.6565499901771545,0.35834550857543945,-0.021348562091588974
NO,0.4888302683830261,0.37193721532821655,-4.0512352939003904e-07,0.5184211134910583,0.4720332622528076,-0.04127121716737747,0.5805994868278503,0.5637353658676147,-0.06300278007984161,0.639710545539856,0.6390939950942993,-0.083523228764534,0.670527994632721,0.7103651762008667,-0.0963658019900322,0.6740338802337646,0.492228239774704,-0.017806386575102806,0.7334349751472473,0.4946756362915039,-0.06375487893819809,0.6669414639472961,0.48346391320228577,-0.08259410411119461,0.6266695261001587,0.4814903736114502,-0.08588795363903046,0.6790425181388855,0.426773339509964,-0.012247098609805107,0.7362117767333984,0.4250718951225281,-0.05755104497075081,0.6541035771369934,0.4241425693035126,-0.05965648964047432,0.6247004270553589,0.4295417368412018,-0.04874234274029732,0.6774449944496155,0.3635800778865814,-0.015955165028572083,0.7396135330200195,0.36208978295326233,-0.062081243842840195,0.6630587577819824,0.36936068534851074,-0.04491284862160683,0.6283259391784668,0.37331947684288025,-0.019338469952344894,0.6692472696304321,0.29778584837913513,-0.02338407188653946,0.7234656810760498,0.29239410161972046,-0.05072928965091705,0.6760562062263489,0.31372568011283875,-0.037637460976839066,0.6439793705940247,0.32733651995658875,-0.018035562708973885
NO,0.46824294328689575,0.4149644374847412,-4.428640636433556e-07,0.49852854013442993,0.5232462286949158,-0.03201768919825554,0.5584466457366943,0.6149057149887085,-0.048446305096149445,0.6181617379188538,0.6800504326820374,-0.06752827763557434,0.6469790935516357,0.7496266961097717,-0.08149609714746475,0.6546593904495239,0.5405713319778442,-0.0004476664762478322,0.7222217917442322,0.5467758178710938,-0.04195145517587662,0.6694220900535583,0.533730685710907,-0.06444098800420761,0.622642457485199,0.5268920063972473,-0.07058803737163544,0.6600216627120972,0.47427594661712646,9.281763050239533e-05,0.7321950197219849,0.4766668379306793,-0.04345134273171425,0.6597460508346558,0.46927884221076965,-0.05386257916688919,0.6134817600250244,0.4710882008075714,-0.04757421091198921,0.6594595313072205,0.4094017446041107,-0.007950767874717712,0.7300541400909424,0.41192713379859924,-0.0491141602396965,0.6618868708610535,0.415232390165329,-0.041211239993572235,0.6144757866859436,0.4184701442718506,-0.02143079601228237,0.6525861620903015,0.34382402896881104,-0.019575582817196846,0.7177034020423889,0.3385887145996094,-0.04389465972781181,0.6808488965034485,0.35808005928993225,-0.03584232181310654,0.6421324014663696,0.3748229742050171,-0.020222611725330353
NO,0.42078736424446106,0.4617736339569092,-2.7293756943436165e-07,0.46107953786849976,0.5537207126617432,-0.024995889514684677,0.5383270978927612,0.6272543668746948,-0.03719162568449974,0.6034046411514282,0.680695652961731,-0.052612319588661194,0.6358780860900879,0.7461106777191162,-0.06507305055856705,0.6289110779762268,0.537592351436615,0.000910215254407376,0.7032356262207031,0.536717414855957,-0.03562195226550102,0.664466142654419,0.5501755475997925,-0.06006117910146713,0.6122729778289795,0.5543047785758972,-0.06833922117948532,0.629153847694397,0.4720856249332428,-0.0017262024339288473,0.7111102938652039,0.4644799530506134,-0.03743971884250641,0.6529076099395752,0.47896936535835266,-0.05227615311741829,0.5993574857711792,0.48427554965019226,-0.05168168246746063,0.6185643076896667,0.4068114161491394,-0.011178149841725826,0.6997499465942383,0.39600589871406555,-0.04470440745353699,0.6443264484405518,0.4215511679649353,-0.04373222962021828,0.5916375517845154,0.43371808528900146,-0.03140312805771828,0.5985041260719299,0.33953484892845154,-0.023499101400375366,0.6699326038360596,0.3258582651615143,-0.045566730201244354,0.6453551054000854,0.35848885774612427,-0.040995899587869644,0.6087164282798767,0.3816671371459961,-0.02954745478928089
NO,0.3027351200580597,0.7099450826644897,1.1274857314447218e-07,0.385994553565979,0.7598541975021362,-0.011553731746971607,0.474467009305954,0.7792702913284302,-0.025472799316048622,0.5375620126724243,0.801025927066803,-0.04610536992549896,0.5821831822395325,0.8397345542907715,-0.06498675793409348,0.5335279703140259,0.6321340203285217,-0.005642248783260584,0.6115522980690002,0.5795660018920898,-0.04541655257344246,0.6217217445373535,0.6459677815437317,-0.07587452977895737,0.6054345965385437,0.7086411118507385,-0.09262152016162872,0.5135863423347473,0.5839990377426147,-0.022462183609604836,0.5995535850524902,0.5081834197044373,-0.06357742100954056,0.6067044138908386,0.5900017023086548,-0.08816134929656982,0.5830779671669006,0.6592947840690613,-0.09944761544466019,0.48344796895980835,0.5469122529029846,-0.043972186744213104,0.56647789478302,0.479452520608902,-0.08381274342536926,0.5668582320213318,0.5647848844528198,-0.09320627152919769,0.5436797738075256,0.6333708167076111,-0.09206303209066391,0.4433780014514923,0.5245509147644043,-0.06738760322332382,0.5038926005363464,0.500586986541748,-0.0993979275226593,0.5095617771148682,0.5658479928970337,-0.10389618575572968,0.4946615695953369,0.622169554233551,-0.10135133564472198
NO,0.2465261071920395,0.9200028777122498,4.102885853285443e-08,0.3333307206630707,0.9456164240837097,-0.011654236353933811,0.4272630214691162,0.9362659454345703,-0.026443131268024445,0.49485647678375244,0.9324548244476318,-0.04897549748420715,0.5442797541618347,0.9357250332832336,-0.07033170759677887,0.46501424908638,0.784747302532196,-0.014254976063966751,0.5480378270149231,0.7209177613258362,-0.060372237116098404,0.5617510676383972,0.7849553823471069,-0.09442590922117233,0.55015629529953,0.8549865484237671,-0.1111484244465828,0.4319484531879425,0.7550926804542542,-0.03153649717569351,0.5146604180335999,0.7269879579544067,-0.07771465927362442,0.5328701734542847,0.8199556469917297,-0.1035270020365715,0.5219174027442932,0.8993895649909973,-0.11414531618356705,0.3897233009338379,0.7376236319541931,-0.05328133702278137,0.459189236164093,0.7460137605667114,-0.09703459590673447,0.46042630076408386,0.8441977500915527,-0.1033976748585701,0.4409378170967102,0.9159731864929199,-0.09800190478563309,0.3433613181114197,0.7351853847503662,-0.07694543898105621,0.4046277701854706,0.7452595829963684,-0.10709507018327713,0.41617143154144287,0.8174681067466736,-0.10539843887090683,0.4065014719963074,0.8792364001274109,-0.09697072952985764
NO,1.000028371810913,0.8790974020957947,-6.460959411924705e-07,0.9360358715057373,0.938727617263794,-0.02463255636394024,0.8405144810676575,0.9173868894577026,-0.030391614884138107,0.7789043188095093,0.8722918629646301,-0.03806565701961517,0.7338866591453552,0.8409667611122131,-0.04047524929046631,0.8194161653518677,0.7926819324493408,0.007423946633934975,0.7662320137023926,0.7432832717895508,-0.02421664260327816,0.7945094704627991,0.7988313436508179,-0.04338103532791138,0.8295888900756836,0.8401215076446533,-0.050296518951654434,0.8502026796340942,0.7512867450714111,0.007112836465239525,0.7931551933288574,0.7026058435440063,-0.028054965659976006,0.825330913066864,0.7776282429695129,-0.03877062723040581,0.864521861076355,0.8194286227226257,-0.03419281169772148,0.8877912163734436,0.7150864601135254,-0.0005997388507239521,0.8343927264213562,0.6682274341583252,-0.03447825834155083,0.8597613573074341,0.7429642081260681,-0.030499879270792007,0.8942899703979492,0.7877280712127686,-0.016102908179163933,0.9337677955627441,0.6821102499961853,-0.01122037973254919,0.8911817669868469,0.6545636653900146,-0.036392468959093094,0.9003980755805969,0.7065286040306091,-0.03464909642934799,0.925095796585083,0.742512047290802,-0.024762550368905067
NO,0.9662972688674927,0.5802613496780396,-7.823334726708708e-07,0.9160675406455994,0.6647857427597046,-0.015149720013141632,0.8315423130989075,0.7192118763923645,-0.019594525918364525,0.7619259357452393,0.7455106377601624,-0.02870754525065422,0.7110105752944946,0.7608240246772766,-0.03247842192649841,0.7719529271125793,0.6092345118522644,0.019666638225317,0.7108392119407654,0.5900985598564148,-0.014447826892137527,0.7593598961830139,0.6141042113304138,-0.03147632256150246,0.7975765466690063,0.6292990446090698,-0.035185717046260834,0.7799187302589417,0.5551649332046509,0.01427784375846386,0.7282801866531372,0.5462891459465027,-0.022082561627030373,0.7987232804298401,0.5814366936683655,-0.028504306450486183,0.8297725319862366,0.5851523876190186,-0.020604658871889114,0.7955121994018555,0.5002578496932983,0.0013461911585181952,0.7486284375190735,0.49530088901519775,-0.03640800714492798,0.8132349252700806,0.534255862236023,-0.024563319981098175,0.8423822522163391,0.5408689975738525,-0.003491660812869668,0.8189550042152405,0.44662585854530334,-0.012883245013654232,0.7670907974243164,0.4429868459701538,-0.031473226845264435,0.8110001087188721,0.4780886769294739,-0.01534413080662489,0.839713990688324,0.48657622933387756,0.004684407729655504
NO,0.9574235677719116,0.4445142149925232,-7.278898692675284e-07,0.9098735451698303,0.5478159785270691,-0.026694927364587784,0.8390302062034607,0.6256750226020813,-0.03947208449244499,0.7684999704360962,0.682220995426178,-0.054448388516902924,0.7250717282295227,0.7285018563270569,-0.0622454434633255,0.7576396465301514,0.5281102061271667,0.010293814353644848,0.694901168346405,0.525365948677063,-0.02648138999938965,0.7563313841819763,0.527969479560852,-0.04566856846213341,0.7928655743598938,0.5279058218002319,-0.051890138536691666,0.7565101385116577,0.4629608988761902,0.009744811803102493,0.704017162322998,0.4628364145755768,-0.030089452862739563,0.7831040620803833,0.4731103777885437,-0.038206323981285095,0.8079288601875305,0.4736592173576355,-0.03223984315991402,0.765447199344635,0.4001745581626892,0.0010660012485459447,0.7157048583030701,0.39500683546066284,-0.03563819080591202,0.7835010886192322,0.41095060110092163,-0.02027701400220394,0.8069472312927246,0.4129653871059418,0.0015653137816116214,0.7838814854621887,0.33900779485702515,-0.010364462621510029,0.7329483032226562,0.3329754173755646,-0.02505195513367653,0.7795312404632568,0.3559519648551941,-0.006353412754833698,0.8024805188179016,0.3625270128250122,0.013990862295031548
NO,0.9190170764923096,0.38196924328804016,-6.939114314263861e-07,0.8719251751899719,0.4894790053367615,-0.029267489910125732,0.8115162253379822,0.5808058977127075,-0.04232262820005417,0.7530020475387573,0.6652063131332397,-0.057822391390800476,0.7250534296035767,0.7313452959060669,-0.06434431672096252,0.7195912003517151,0.50062096118927,0.017790816724300385,0.6559559106826782,0.5110787749290466,-0.017514916136860847,0.7226110100746155,0.4980910122394562,-0.03600884974002838,0.7534096240997314,0.4917857348918915,-0.04270066320896149,0.7103726267814636,0.4337650537490845,0.019795557484030724,0.6616264581680298,0.4441843032836914,-0.01693391241133213,0.7408949732780457,0.4378809630870819,-0.025266213342547417,0.7527500987052917,0.43713873624801636,-0.02180309407413006,0.713373064994812,0.36744925379753113,0.012845215387642384,0.6648526191711426,0.3717834949493408,-0.02191520296037197,0.7316209077835083,0.37636876106262207,-0.0065146563574671745,0.7491164803504944,0.3767929673194885,0.01389982458204031,0.7255498766899109,0.30461710691452026,0.0027255064342170954,0.6717050075531006,0.3054031431674957,-0.008464907296001911,0.7176235318183899,0.3228290379047394,0.011220855638384819,0.7401514053344727,0.3270212411880493,0.03112569823861122
NO,0.8797719478607178,0.3726019561290741,-6.897254252180574e-07,0.8439096212387085,0.47448667883872986,-0.03339026868343353,0.7903351783752441,0.569165050983429,-0.052927348762750626,0.7392874360084534,0.6515441536903381,-0.0738525316119194,0.7158766388893127,0.7244819402694702,-0.08614303171634674,0.6937001347541809,0.493479460477829,-0.005588991567492485,0.631913423538208,0.5036695599555969,-0.044556207954883575,0.6957834362983704,0.48593178391456604,-0.06020940840244293,0.7236003875732422,0.4809431731700897,-0.06431522220373154,0.6861677765846252,0.4293578267097473,-0.003452647477388382,0.6403610706329346,0.4372108280658722,-0.045813530683517456,0.7151620984077454,0.42683327198028564,-0.05298320949077606,0.7232571840286255,0.4326745271682739,-0.04826415330171585,0.6864964962005615,0.36441224813461304,-0.009164503775537014,0.6392272710800171,0.36947184801101685,-0.048979852348566055,0.7035044431686401,0.36803746223449707,-0.03426326811313629,0.7167251110076904,0.3736580014228821,-0.01395221147686243,0.6918600797653198,0.3023774027824402,-0.017889980226755142,0.6385391354560852,0.3046543002128601,-0.03291793540120125,0.6823963522911072,0.31316736340522766,-0.01479951199144125,0.702806830406189,0.31690114736557007,0.004341430030763149
NO,0.8747462630271912,0.37174320220947266,-6.716764460179547e-07,0.8393957018852234,0.4734850227832794,-0.03235853835940361,0.7916989922523499,0.570052981376648,-0.05339154228568077,0.7467144727706909,0.6557073593139648,-0.07608748227357864,0.7243553996086121,0.7267652750015259,-0.09074506163597107,0.6951992511749268,0.49033835530281067,-0.009802151471376419,0.6325918436050415,0.5008620023727417,-0.04903962463140488,0.6956127882003784,0.48265504837036133,-0.06466172635555267,0.7275016903877258,0.4753651022911072,-0.0682344138622284,0.6871064305305481,0.42456966638565063,-0.007985904812812805,0.6429601907730103,0.4356860816478729,-0.04958127439022064,0.7157073616981506,0.42588362097740173,-0.056199811398983,0.7291872501373291,0.42748117446899414,-0.05171708017587662,0.6872480511665344,0.36028772592544556,-0.013663316145539284,0.6401252746582031,0.36803534626960754,-0.053281091153621674,0.7044798731803894,0.3689468502998352,-0.03851873055100441,0.7240772247314453,0.3718019425868988,-0.018223049119114876,0.6931883692741394,0.30044466257095337,-0.02213253267109394,0.6381644010543823,0.30326536297798157,-0.03785949572920799,0.6822358965873718,0.3145418167114258,-0.019945528358221054,0.7071852087974548,0.3180168867111206,-0.0008818043279461563
NO,0.8841498494148254,0.37975603342056274,-7.001940502959769e-07,0.8492236137390137,0.48263368010520935,-0.028728129342198372,0.8004412055015564,0.5791038274765015,-0.04682513326406479,0.7575470805168152,0.663256824016571,-0.0675959438085556,0.7357679009437561,0.7323117852210999,-0.08041522651910782,0.7016480565071106,0.4991835355758667,-0.0007464606314897537,0.6408663988113403,0.5124282240867615,-0.04045639932155609,0.7027268409729004,0.4944092631340027,-0.05821176618337631,0.7344875931739807,0.48680564761161804,-0.06285279989242554,0.6946214437484741,0.43561455607414246,-0.0003771308984141797,0.6513792872428894,0.4485953450202942,-0.041452229022979736,0.7247173190116882,0.436927855014801,-0.04863345995545387,0.7373629808425903,0.43748271465301514,-0.043803468346595764,0.6947183609008789,0.372184693813324,-0.00790929514914751,0.6491736173629761,0.38158079981803894,-0.04609247297048569,0.7151113748550415,0.3808501064777374,-0.03143053129315376,0.732451319694519,0.3829937279224396,-0.010877788066864014,0.7004106640815735,0.3106364905834198,-0.018163999542593956,0.6465504765510559,0.31491637229919434,-0.03120841085910797,0.691228449344635,0.3263838589191437,-0.012200819328427315,0.7135530114173889,0.3295838236808777,0.007678549271076918
NO,0.8802647590637207,0.38470807671546936,-6.987142455727735e-07,0.8472142815589905,0.4887588918209076,-0.026725171133875847,0.8018096089363098,0.5857897400856018,-0.04311295598745346,0.7578945159912109,0.6706658601760864,-0.06197866052389145,0.7368530631065369,0.7374882698059082,-0.07262628525495529,0.7030688524246216,0.5062927603721619,0.0017972562927752733,0.6423842906951904,0.5219238996505737,-0.03571131452918053,0.7044222950935364,0.5068095326423645,-0.05094454064965248,0.736054003238678,0.4996720552444458,-0.053892314434051514,0.6943662166595459,0.4435540437698364,0.002641617553308606,0.6508370637893677,0.46005433797836304,-0.03596361353993416,0.723530650138855,0.449791818857193,-0.04114033654332161,0.732258677482605,0.447424054145813,-0.03525670990347862,0.6930628418922424,0.38073843717575073,-0.0041752951219677925,0.6483820080757141,0.3930899500846863,-0.0398600772023201,0.7131356596946716,0.3933705687522888,-0.023443009704351425,0.7262675762176514,0.39157211780548096,-0.00248177582398057,0.697779655456543,0.31890416145324707,-0.013627936132252216,0.64595627784729,0.32661694288253784,-0.02523156628012657,0.6922698616981506,0.33906090259552,-0.005286889616400003,0.712924063205719,0.33862656354904175,0.014987151138484478
NO,0.8811183571815491,0.3880973160266876,-7.122449687813059e-07,0.8465532660484314,0.48915013670921326,-0.025659942999482155,0.7957181930541992,0.5859927535057068,-0.04194784164428711,0.7507711052894592,0.670741617679596,-0.06089665740728378,0.7294449806213379,0.7378628253936768,-0.07188727706670761,0.7000805139541626,0.5104361772537231,-0.0018340862588956952,0.6331697106361389,0.5286720991134644,-0.040159329771995544,0.694810688495636,0.5159995555877686,-0.05457250773906708,0.7315198183059692,0.5071642398834229,-0.056579116731882095,0.6909472942352295,0.44713684916496277,-0.0023762937635183334,0.6434488296508789,0.4624954164028168,-0.041670918464660645,0.7181529402732849,0.4525378942489624,-0.04503897577524185,0.7321654558181763,0.4491718113422394,-0.03743809834122658,0.6896206140518188,0.3828599452972412,-0.010386757552623749,0.6419133543968201,0.3953281044960022,-0.045783329755067825,0.7084766030311584,0.3949226140975952,-0.027526989579200745,0.7259887456893921,0.3931000828742981,-0.005469182971864939,0.6950928568840027,0.32010531425476074,-0.021038200706243515,0.6426444053649902,0.32785168290138245,-0.03362271934747696,0.6898187398910522,0.3403771221637726,-0.013625654391944408,0.7120184302330017,0.341545045375824,0.006649118848145008
NO,0.8728089332580566,0.38865259289741516,-6.689272709081706e-07,0.8397341370582581,0.49170273542404175,-0.0247526615858078,0.7912126183509827,0.5907800197601318,-0.04214387387037277,0.7478415966033936,0.6735450029373169,-0.06278592348098755,0.7256345152854919,0.7408913373947144,-0.07704780250787735,0.6938091516494751,0.5118082761764526,-0.0004063480591867119,0.6339746713638306,0.5294189453125,-0.03730271756649017,0.6879117488861084,0.5167272686958313,-0.05455527454614639,0.7222619652748108,0.5056093335151672,-0.059566665440797806,0.6844335794448853,0.44932523369789124,-0.0022512690629810095,0.6419526934623718,0.4634023904800415,-0.041297513991594315,0.7126004695892334,0.4521555006504059,-0.048407167196273804,0.7308100461959839,0.44642677903175354,-0.04370729252696037,0.6829347610473633,0.3857082724571228,-0.01119830273091793,0.640781581401825,0.397643119096756,-0.04645406827330589,0.7039014101028442,0.3960856795310974,-0.03263577073812485,0.72362220287323,0.3936508297920227,-0.013559895567595959,0.6880748271942139,0.3226091265678406,-0.022618785500526428,0.6366956830024719,0.3310374617576599,-0.035512760281562805,0.6815491914749146,0.34208178520202637,-0.017529845237731934,0.7048125863075256,0.34313061833381653,0.0011520241387188435
NO,0.8717121481895447,0.38530370593070984,-6.880584919599642e-07,0.839164137840271,0.4902714490890503,-0.02546548843383789,0.7914048433303833,0.5888583660125732,-0.041454143822193146,0.7472460865974426,0.6710395812988281,-0.06042702868580818,0.7260653972625732,0.7386409044265747,-0.0725884735584259,0.6955984234809875,0.5112893581390381,0.002385044004768133,0.6359573006629944,0.5289403200149536,-0.034096505492925644,0.6938427090644836,0.5145916938781738,-0.0506305955350399,0.726170003414154,0.5024954080581665,-0.05538235604763031,0.6853778958320618,0.4479171931743622,0.0009328888263553381,0.641007125377655,0.46464186906814575,-0.038482509553432465,0.7119988799095154,0.4537660479545593,-0.04580911621451378,0.7277417778968811,0.4466535747051239,-0.041209205985069275,0.6832383275032043,0.38398218154907227,-0.007936008274555206,0.6386231184005737,0.3974209427833557,-0.04510720074176788,0.7036309838294983,0.3965383768081665,-0.031157327815890312,0.7224043011665344,0.39284056425094604,-0.011477514170110226,0.6881503462791443,0.3205888271331787,-0.019261589273810387,0.637473464012146,0.3311316967010498,-0.03343987464904785,0.6847295761108398,0.34272801876068115,-0.015541132539510727,0.7078734636306763,0.3424030542373657,0.0032417057082057
NO,0.8711568713188171,0.3832760751247406,-7.126773766685801e-07,0.8384351134300232,0.4891470670700073,-0.026053329929709435,0.7905098795890808,0.5867709517478943,-0.042790669947862625,0.7462437152862549,0.6696957349777222,-0.061855535954236984,0.7254197597503662,0.7367311716079712,-0.07328224182128906,0.6947102546691895,0.507588267326355,-0.0028947615064680576,0.6339105367660522,0.5251379013061523,-0.039276961237192154,0.6959750056266785,0.5068944692611694,-0.05390762910246849,0.727289080619812,0.4960753321647644,-0.057386353611946106,0.6855137348175049,0.4431409239768982,-0.0035910785663872957,0.6418481469154358,0.4609034061431885,-0.041306398808956146,0.714046061038971,0.4478031098842621,-0.04589267075061798,0.7266944050788879,0.44357821345329285,-0.04055885598063469,0.6844593286514282,0.378724604845047,-0.011376569047570229,0.6385779976844788,0.39266201853752136,-0.046770185232162476,0.7041937708854675,0.3901973366737366,-0.029799407348036766,0.7214040160179138,0.38802915811538696,-0.009272404946386814,0.690281093120575,0.3158513903617859,-0.021700985729694366,0.6386927366256714,0.3256346583366394,-0.034717708826065063,0.6855365037918091,0.3360787034034729,-0.015257568098604679,0.7073693871498108,0.3361290693283081,0.004142552148550749
NO,0.870103120803833,0.38347679376602173,-7.06972343778034e-07,0.8377009034156799,0.48853015899658203,-0.028072824701666832,0.7888771295547485,0.5867133140563965,-0.04525327682495117,0.7440853714942932,0.6696671843528748,-0.06478003412485123,0.7226154208183289,0.7374556064605713,-0.07640813291072845,0.6895869970321655,0.5070958733558655,-0.0017446397105231881,0.6308214068412781,0.5251128673553467,-0.03918846696615219,0.6941027641296387,0.5071949362754822,-0.05465908348560333,0.7217257618904114,0.4970731735229492,-0.05877793952822685,0.6808139681816101,0.4439532160758972,-0.0017407764680683613,0.6389028429985046,0.4614705741405487,-0.041591841727495193,0.712537944316864,0.4490450918674469,-0.04680037125945091,0.7218226194381714,0.4451291263103485,-0.04114927724003792,0.6800409555435181,0.3804965019226074,-0.009347260929644108,0.6363810896873474,0.39473390579223633,-0.047239068895578384,0.7032058238983154,0.39288896322250366,-0.03089616633951664,0.7180861234664917,0.3906019926071167,-0.009777054190635681,0.6855204105377197,0.31837910413742065,-0.019669776782393456,0.6345930695533752,0.3272305428981781,-0.03354472294449806,0.6812820434570312,0.3386014401912689,-0.014428694732487202,0.7022861242294312,0.3390703797340393,0.005242710001766682
NO,0.8710739016532898,0.3908954858779907,-6.962760608075769e-07,0.8392062783241272,0.49563857913017273,-0.02825470082461834,0.7889402508735657,0.5931641459465027,-0.04494806006550789,0.7433395981788635,0.6742379069328308,-0.06405502557754517,0.7205924987792969,0.7409198880195618,-0.07516206055879593,0.6909482479095459,0.5081725120544434,-0.0004753961693495512,0.6302907466888428,0.5277187824249268,-0.038883090019226074,0.692419171333313,0.5158928036689758,-0.05474023148417473,0.7184352874755859,0.5055838227272034,-0.05876193940639496,0.6836152672767639,0.44556018710136414,-0.0003059569571632892,0.6385420560836792,0.464678555727005,-0.042302314192056656,0.712127149105072,0.45672112703323364,-0.04792966693639755,0.719446063041687,0.4501071572303772,-0.04130946844816208,0.6826750636100769,0.3828268349170685,-0.00796826183795929,0.6372092366218567,0.39867421984672546,-0.047021545469760895,0.7034528255462646,0.39975112676620483,-0.030921107158064842,0.7153806090354919,0.3945741355419159,-0.009097633883357048,0.6866192817687988,0.3207424283027649,-0.018426766619086266,0.6357144713401794,0.33069753646850586,-0.03214358165860176,0.6825562715530396,0.3440202474594116,-0.012957366183400154,0.7022026777267456,0.3419780731201172,0.007175091654062271
NO,0.8756508827209473,0.3923681676387787,-6.658182769569976e-07,0.8439714908599854,0.49453017115592957,-0.028622590005397797,0.790932297706604,0.5931388139724731,-0.0468096062541008,0.7438439130783081,0.6769794225692749,-0.06760483235120773,0.7162959575653076,0.7426988482475281,-0.08108898252248764,0.6865057349205017,0.5157172679901123,-0.0006407697801478207,0.6217266917228699,0.5340539813041687,-0.04163416102528572,0.6799978017807007,0.5247105360031128,-0.062326256185770035,0.7173997759819031,0.5129615664482117,-0.06897979974746704,0.6769541501998901,0.45223578810691833,-0.00088862533448264,0.6268131136894226,0.46811315417289734,-0.04488937184214592,0.7049127221107483,0.4589982330799103,-0.05349837243556976,0.7249922156333923,0.4512471854686737,-0.04772515594959259,0.6762476563453674,0.3874790668487549,-0.008976709097623825,0.6276811957359314,0.3997470438480377,-0.04672928526997566,0.6943654417991638,0.40009069442749023,-0.03161022439599037,0.7148421406745911,0.3953123688697815,-0.010229063220322132,0.6821435689926147,0.32314103841781616,-0.020096976310014725,0.630793035030365,0.3305579125881195,-0.03333256021142006,0.6767842769622803,0.34490805864334106,-0.014783211052417755,0.6984481811523438,0.3465418219566345,0.004983129445463419
NO,0.8795838356018066,0.41329628229141235,-2.828173251145927e-07,0.8481186628341675,0.51639324426651,-0.02899818681180477,0.7903725504875183,0.613467812538147,-0.046790119260549545,0.7428854703903198,0.688057541847229,-0.06771348416805267,0.7117384672164917,0.7509690523147583,-0.08445185422897339,0.666218638420105,0.5278216600418091,0.004109014756977558,0.5866829752922058,0.5410143136978149,-0.02954588644206524,0.6050722002983093,0.5406907796859741,-0.05618917569518089,0.6333264112472534,0.5308317542076111,-0.07011838257312775,0.6582041382789612,0.4640761613845825,-0.0029193772934377193,0.5593330264091492,0.4680333137512207,-0.0423094816505909,0.6041262149810791,0.47382286190986633,-0.06259571760892868,0.6522744297981262,0.4684307873249054,-0.0653626099228859,0.6665511131286621,0.3971131443977356,-0.017404356971383095,0.5714294910430908,0.3965793550014496,-0.055124178528785706,0.6177515387535095,0.4093174338340759,-0.05847320333123207,0.6671198606491089,0.4100829064846039,-0.048901695758104324,0.6890249848365784,0.32311439514160156,-0.035200539976358414,0.6122950315475464,0.307775616645813,-0.06127370521426201,0.6374914050102234,0.3309604823589325,-0.06037890538573265,0.6773406267166138,0.34686022996902466,-0.05206002667546272
NO,0.9202040433883667,0.6110682487487793,-1.1804871746790013e-08,0.8735113143920898,0.6951368451118469,-0.025923041626811028,0.791746973991394,0.765568733215332,-0.04612695798277855,0.7358302474021912,0.8225376605987549,-0.06826352328062057,0.6956373453140259,0.878980278968811,-0.08728112280368805,0.6814961433410645,0.6511232256889343,-0.016898801550269127,0.5917004346847534,0.6111527681350708,-0.06227746605873108,0.5751081705093384,0.6654634475708008,-0.09505614638328552,0.5826695561408997,0.7169148325920105,-0.11124345660209656,0.6867802143096924,0.5940524339675903,-0.026913313195109367,0.5871652364730835,0.552449107170105,-0.06954741477966309,0.5732635855674744,0.6246625185012817,-0.0910828560590744,0.5891073942184448,0.679837703704834,-0.09847022593021393,0.7072629928588867,0.538709282875061,-0.044296957552433014,0.6190657615661621,0.49240803718566895,-0.08170740306377411,0.6107733845710754,0.5647859573364258,-0.09363864362239838,0.6243360042572021,0.6212319135665894,-0.0945090651512146,0.7441823482513428,0.48465001583099365,-0.06474553793668747,0.6810035705566406,0.4279327392578125,-0.08968053758144379,0.6610526442527771,0.4393061399459839,-0.09727431833744049,0.6569443941116333,0.45004162192344666,-0.09830610454082489
NO,0.9622794985771179,0.8572474718093872,-5.184818974157679e-07,0.8758067488670349,0.9261309504508972,0.008546059019863605,0.801353931427002,0.9486732482910156,0.0019175888737663627,0.748906135559082,0.9586116075515747,-0.015542087145149708,0.7056204676628113,0.9679124355316162,-0.03379196301102638,0.7280654311180115,0.8404414057731628,0.014460669830441475,0.6326563954353333,0.8391525149345398,-0.02516075223684311,0.615350067615509,0.9115357995033264,-0.0560658723115921,0.6263279318809509,0.9704480171203613,-0.0710807740688324,0.739417314529419,0.8112595081329346,-0.010519820265471935,0.6318640112876892,0.8226161599159241,-0.04973714426159859,0.6187700033187866,0.9163200855255127,-0.0740421712398529,0.6384642720222473,0.9801170825958252,-0.08376225084066391,0.7620226144790649,0.7903888821601868,-0.039496175944805145,0.6667954325675964,0.8208987712860107,-0.07348494976758957,0.6666932106018066,0.9216035604476929,-0.0863889530301094,0.6949643492698669,0.982631266117096,-0.08774561434984207,0.7962840795516968,0.7790960073471069,-0.06862838566303253,0.7300501465797424,0.8277802467346191,-0.09075198322534561,0.7252764701843262,0.9079811573028564,-0.0945236012339592,0.7432518005371094,0.9595677852630615,-0.09198487550020218
NO,0.2873039245605469,0.8783633708953857,-2.3227254786206686e-08,0.37757959961891174,0.9201807379722595,-0.0045092785730957985,0.47230014204978943,0.9223877191543579,-0.007580108009278774,0.53984135389328,0.9234208464622498,-0.017586376518011093,0.5878328680992126,0.9317521452903748,-0.026820383965969086,0.5296078324317932,0.8797486424446106,0.0062688072212040424,0.6138883829116821,0.8773093819618225,-0.02250334434211254,0.6585277318954468,0.8582323789596558,-0.045532964169979095,0.6835542917251587,0.8281802535057068,-0.060600847005844116,0.5139716267585754,0.829596757888794,-0.009371508844196796,0.5767810344696045,0.769051730632782,-0.04673389717936516,0.5622191429138184,0.8133494257926941,-0.06521731615066528,0.5342513918876648,0.8561691045761108,-0.07410518079996109,0.4844008684158325,0.7815943360328674,-0.029101984575390816,0.5420284867286682,0.726990818977356,-0.06706171482801437,0.522472083568573,0.790877640247345,-0.07347902655601501,0.49213963747024536,0.8470988869667053,-0.07183943688869476,0.44723016023635864,0.7390154600143433,-0.05022556707262993,0.4937330484390259,0.706917405128479,-0.0801059678196907,0.48795992136001587,0.7563402652740479,-0.08623092621564865,0.46930792927742004,0.8075042963027954,-0.08627061545848846
NO,0.40517979860305786,0.6628497242927551,-8.980384080814474e-08,0.47991836071014404,0.7267369031906128,-0.02776852250099182,0.5645095705986023,0.7794004082679749,-0.04883210361003876,0.6321595311164856,0.8238126635551453,-0.07503727078437805,0.6756300926208496,0.8497493267059326,-0.09678779542446136,0.6485756039619446,0.6566153168678284,0.006464328616857529,0.7141343951225281,0.6430224180221558,-0.03931967541575432,0.662721574306488,0.6916715502738953,-0.07076551765203476,0.6109285950660706,0.7173492312431335,-0.08175434917211533,0.6336286067962646,0.6017064452171326,0.0010607055155560374,0.7071149349212646,0.5898816585540771,-0.03752102330327034,0.6442235112190247,0.6498492360115051,-0.05360238999128342,0.5940860509872437,0.6749173402786255,-0.053589507937431335,0.6081749796867371,0.5470690131187439,-0.013051674701273441,0.6809735298156738,0.5245933532714844,-0.04971404746174812,0.6248164176940918,0.5916914939880371,-0.04341694340109825,0.5748977661132812,0.6243530511856079,-0.026814445853233337,0.5706988573074341,0.4909939765930176,-0.030685948207974434,0.6319905519485474,0.4729078710079193,-0.05478606000542641,0.603723406791687,0.5359683632850647,-0.044409796595573425,0.5642155408859253,0.577366828918457,-0.027226213365793228
NO,0.5102959275245667,0.541592001914978,-3.5451657254270685e-07,0.5650922656059265,0.6375000476837158,-0.023958643898367882,0.6477676630020142,0.710462212562561,-0.033469609916210175,0.7161368131637573,0.7505972385406494,-0.04446073994040489,0.7611196637153625,0.7902272343635559,-0.05041857436299324,0.7188670039176941,0.5864325761795044,0.00451598409563303,0.7755765914916992,0.6006138920783997,-0.02652631886303425,0.7149718999862671,0.6145734190940857,-0.043575990945100784,0.6743941307067871,0.6117123961448669,-0.04914785549044609,0.7144072651863098,0.5283223390579224,0.0033728559501469135,0.7778943181037903,0.5408523082733154,-0.028057526797056198,0.704037070274353,0.5622445940971375,-0.03586181253194809,0.6644047498703003,0.5557037591934204,-0.03235100209712982,0.7011317014694214,0.4677492082118988,-0.004209687002003193,0.7694282531738281,0.474331259727478,-0.03923535346984863,0.6999050378799438,0.5063453316688538,-0.0273234024643898,0.6582907438278198,0.5020432472229004,-0.008267147466540337,0.6788851022720337,0.39891546964645386,-0.013767129741609097,0.7401191592216492,0.40299832820892334,-0.03608541563153267,0.6981781721115112,0.4451121687889099,-0.021499134600162506,0.6632674336433411,0.45706021785736084,-0.002771265571936965
NO,0.6312912106513977,0.42436057329177856,-4.205897994324914e-07,0.6665758490562439,0.5342197418212891,-0.026526866480708122,0.7326138615608215,0.6188374161720276,-0.03492796793580055,0.8006249070167542,0.654440701007843,-0.043536972254514694,0.8424023985862732,0.6947705745697021,-0.04692551866173744,0.8121638298034668,0.5202423334121704,0.0015551875112578273,0.8701559901237488,0.5380940437316895,-0.03208889439702034,0.8091292381286621,0.5317019820213318,-0.04747611656785011,0.7697153091430664,0.5219640135765076,-0.05048203468322754,0.8159356713294983,0.4585566818714142,0.0034373700618743896,0.8775384426116943,0.4727714955806732,-0.03132573142647743,0.8008148670196533,0.4728256165981293,-0.03636671230196953,0.765515148639679,0.4656224548816681,-0.028655339032411575,0.8118962645530701,0.39822518825531006,-0.001550687593407929,0.8698693513870239,0.4065929353237152,-0.041250165551900864,0.7945525050163269,0.415330708026886,-0.027874929830431938,0.7587734460830688,0.4092146158218384,-0.005503830034285784,0.7997831702232361,0.3312091827392578,-0.008274844847619534,0.8558401465415955,0.34305888414382935,-0.03310210630297661,0.8036926984786987,0.36329811811447144,-0.018091648817062378,0.7699769735336304,0.36553755402565,0.002307587070390582
NO,0.6711133718490601,0.39530834555625916,-3.679509177345608e-07,0.702663779258728,0.4953925609588623,-0.026735978201031685,0.7581878304481506,0.5802012085914612,-0.03655543178319931,0.8173362612724304,0.6273959279060364,-0.04681702330708504,0.8568422794342041,0.669916033744812,-0.051716674119234085,0.8401631712913513,0.4913088381290436,0.001260545919649303,0.8930523991584778,0.5082172751426697,-0.033427078276872635,0.8341643214225769,0.5022411346435547,-0.04949910566210747,0.7952466011047363,0.4952653646469116,-0.052542123943567276,0.8462141752243042,0.4320046603679657,0.002554022939875722,0.9045019149780273,0.44490209221839905,-0.03280780836939812,0.8293582797050476,0.4434330463409424,-0.037395428866147995,0.792630672454834,0.4408220946788788,-0.02934565581381321,0.8434906005859375,0.3726186156272888,-0.0033252390567213297,0.9018940925598145,0.3811976909637451,-0.04245677590370178,0.8289470672607422,0.3885168135166168,-0.028463084250688553,0.7904224395751953,0.386442631483078,-0.005807632114738226,0.8325642347335815,0.3080073893070221,-0.011275630444288254,0.8857970833778381,0.3183973431587219,-0.03625486046075821,0.837725043296814,0.3385348916053772,-0.022258253768086433,0.8038794994354248,0.3442327678203583,-0.002384606748819351
NO,0.6909672021865845,0.3822052478790283,-4.4344946559249365e-07,0.718658983707428,0.4818296432495117,-0.02472970448434353,0.7775774598121643,0.5709257125854492,-0.03346934914588928,0.8345591425895691,0.6220649480819702,-0.04253403842449188,0.8614426851272583,0.6728306412696838,-0.045583575963974,0.8609826564788818,0.4922136962413788,-0.00029205967439338565,0.9157410860061646,0.5045337080955505,-0.032377298921346664,0.8544363379478455,0.49068933725357056,-0.04412691667675972,0.8180980682373047,0.4838394820690155,-0.04487821087241173,0.8670596480369568,0.43180933594703674,0.0001373405393678695,0.9282587766647339,0.44442328810691833,-0.03447546064853668,0.8509702682495117,0.4373020529747009,-0.03582430258393288,0.8165276646614075,0.4346576929092407,-0.025086862966418266,0.8658427596092224,0.37133944034576416,-0.006061346270143986,0.9238239526748657,0.3795613646507263,-0.044263437390327454,0.8499080538749695,0.38252997398376465,-0.029159752652049065,0.8147252798080444,0.37947067618370056,-0.005698132328689098,0.8574758768081665,0.3065222501754761,-0.014074309729039669,0.9115535020828247,0.3119906187057495,-0.03650999069213867,0.8633397221565247,0.3289727568626404,-0.02181895822286606,0.8319308757781982,0.33513984084129333,-0.001988509204238653
NO,0.6969141960144043,0.39022281765937805,-4.345316995113535e-07,0.7238695025444031,0.49249666929244995,-0.025979824364185333,0.7809803485870361,0.5806394815444946,-0.034645069390535355,0.8398879766464233,0.6323562860488892,-0.04337355121970177,0.8677197694778442,0.6833177208900452,-0.045765623450279236,0.86734539270401,0.5014674067497253,-0.00040396658005192876,0.9221009612083435,0.5166133642196655,-0.033285774290561676,0.8600215315818787,0.5024124979972839,-0.04534834623336792,0.8233537673950195,0.49414944648742676,-0.046114590018987656,0.8741335868835449,0.4408809542655945,0.0005458169034682214,0.9342385530471802,0.45593035221099854,-0.03642768785357475,0.8559129238128662,0.447476327419281,-0.03933479264378548,0.8214554786682129,0.4432383179664612,-0.02926379069685936,0.8726334571838379,0.380572646856308,-0.005109482444822788,0.9325655698776245,0.3919577896595001,-0.04510749131441116,0.8576222658157349,0.39337602257728577,-0.02968621999025345,0.8215641379356384,0.38851094245910645,-0.005514718592166901,0.8632292747497559,0.31556588411331177,-0.012645598500967026,0.9178683757781982,0.3230617642402649,-0.03678903728723526,0.8687847256660461,0.3400883674621582,-0.022189553827047348,0.8370521664619446,0.34526747465133667,-0.0018945058109238744
NO,0.6999446749687195,0.3866998553276062,-4.383344389680133e-07,0.727803647518158,0.4893571138381958,-0.02554832026362419,0.7857483625411987,0.5798275470733643,-0.03334927186369896,0.8447731137275696,0.6319383382797241,-0.04160523787140846,0.8717266917228699,0.6808277368545532,-0.04368875175714493,0.8719887733459473,0.5003224015235901,0.00030838692327961326,0.9289895296096802,0.5152310729026794,-0.031787995249032974,0.8672971725463867,0.501164436340332,-0.04357830807566643,0.8285709023475647,0.49271437525749207,-0.04403796046972275,0.8785826563835144,0.440247505903244,0.001349151600152254,0.9378517866134644,0.45526742935180664,-0.033840637654066086,0.8605557084083557,0.44753462076187134,-0.03652345389127731,0.826022744178772,0.4438686966896057,-0.02683144062757492,0.8775897026062012,0.3796592950820923,-0.004331575240939856,0.9376052021980286,0.39162519574165344,-0.04278089851140976,0.8631054162979126,0.39354726672172546,-0.02836054190993309,0.8255932331085205,0.3887149691581726,-0.005346355959773064,0.8687137365341187,0.313533753156662,-0.012004484422504902,0.9262586236000061,0.32095569372177124,-0.035687126219272614,0.87919020652771,0.33871757984161377,-0.022241121158003807,0.8456778526306152,0.3452746868133545,-0.0028964881785213947
NO,0.7045471668243408,0.38778603076934814,-4.6790714236522035e-07,0.7306637167930603,0.490763783454895,-0.025720681995153427,0.7888349890708923,0.5791425108909607,-0.033526256680488586,0.848862886428833,0.6301941275596619,-0.041741691529750824,0.8749712109565735,0.680750846862793,-0.04354802519083023,0.876336932182312,0.5024631023406982,0.0004789299564436078,0.9342953562736511,0.5157082080841064,-0.03239769861102104,0.8722732067108154,0.5023855566978455,-0.043837595731019974,0.8345261216163635,0.49450668692588806,-0.043848916888237,0.882587194442749,0.44209033250808716,0.0013611955801025033,0.9440758228302002,0.4563044011592865,-0.034639906138181686,0.8654690384864807,0.44794923067092896,-0.036359649151563644,0.8322018980979919,0.44430866837501526,-0.025529680773615837,0.8817117810249329,0.38189899921417236,-0.004738587886095047,0.9425330758094788,0.39603880047798157,-0.044662151485681534,0.867780327796936,0.3954784870147705,-0.02966318093240261,0.8325404524803162,0.38966381549835205,-0.0057150255888700485,0.8730356693267822,0.31683605909347534,-0.012789870612323284,0.9312202334403992,0.3254375457763672,-0.03701794892549515,0.8834357857704163,0.34050172567367554,-0.023257214576005936,0.8503936529159546,0.3460129499435425,-0.003581963013857603
NO,0.7036024332046509,0.38197949528694153,-4.6003546572137566e-07,0.7280612587928772,0.48242509365081787,-0.0280942190438509,0.7850123047828674,0.5727186799049377,-0.037883210927248,0.8450334072113037,0.6219217777252197,-0.047504156827926636,0.8729404211044312,0.6723443865776062,-0.05065813288092613,0.8733736872673035,0.49697738885879517,-0.00413978798314929,0.9292476773262024,0.5085793733596802,-0.037958916276693344,0.8679263591766357,0.49629852175712585,-0.05030084401369095,0.8301774859428406,0.4896830916404724,-0.05091791972517967,0.8797388672828674,0.4349704384803772,-0.0023209976498037577,0.9384930729866028,0.44817179441452026,-0.039189234375953674,0.8608736395835876,0.4421239495277405,-0.04145240783691406,0.8265948295593262,0.43942174315452576,-0.031234601512551308,0.8790414333343506,0.3740416169166565,-0.007408893667161465,0.940022349357605,0.3854868412017822,-0.047047048807144165,0.8659448027610779,0.387805700302124,-0.032003581523895264,0.8289872407913208,0.38429391384124756,-0.008443371392786503,0.8703926801681519,0.30889952182769775,-0.014683910645544529,0.9273196458816528,0.31821078062057495,-0.03920987993478775,0.8803900480270386,0.3343767523765564,-0.025788381695747375,0.8473190069198608,0.33999717235565186,-0.00639805942773819
NO,0.6914533376693726,0.38004839420318604,-4.736209859856899e-07,0.7137297987937927,0.48156312108039856,-0.02762644551694393,0.7744898200035095,0.570664644241333,-0.03682040050625801,0.8340845704078674,0.6218801140785217,-0.04576437920331955,0.8628072738647461,0.6702748537063599,-0.04894734174013138,0.857795000076294,0.4928291440010071,-0.008884121663868427,0.9132755994796753,0.5033230185508728,-0.04226259887218475,0.8539968729019165,0.4916960597038269,-0.053917136043310165,0.8158600926399231,0.4848361313343048,-0.05448237806558609,0.8629063367843628,0.43106377124786377,-0.00712483050301671,0.9223796129226685,0.44217899441719055,-0.04426194727420807,0.846368134021759,0.43705859780311584,-0.046710867434740067,0.8111090064048767,0.4335814118385315,-0.037425387650728226,0.8626677393913269,0.3699951171875,-0.011841919273138046,0.9259900450706482,0.3788093626499176,-0.052177999168634415,0.8523954153060913,0.3822173774242401,-0.038266729563474655,0.8139424920082092,0.37832674384117126,-0.016159970313310623,0.8557609915733337,0.30530452728271484,-0.01858232542872429,0.9123445749282837,0.31097298860549927,-0.0453084260225296,0.8658323287963867,0.3272610604763031,-0.03412396460771561,0.8320133090019226,0.3322752118110657,-0.01679769530892372
NO,0.6645642518997192,0.3815050721168518,-4.3541112404454907e-07,0.6858245730400085,0.47797486186027527,-0.029001735150814056,0.7420995235443115,0.5685862302780151,-0.040467992424964905,0.7989341020584106,0.6198348999023438,-0.0520755760371685,0.8345441818237305,0.6658936738967896,-0.057961009442806244,0.8303816914558411,0.49334606528282166,-0.00492364214733243,0.8847047686576843,0.5061416625976562,-0.041914258152246475,0.8279092907905579,0.4953439235687256,-0.058268554508686066,0.7908203601837158,0.48860180377960205,-0.06136583909392357,0.8368778824806213,0.4325440227985382,-0.0030662245117127895,0.8925169110298157,0.44073593616485596,-0.041267164051532745,0.8195931911468506,0.4361247420310974,-0.045712798833847046,0.7863805294036865,0.43513980507850647,-0.037708792835474014,0.8364560604095459,0.3715507388114929,-0.008575069718062878,0.8958643674850464,0.37748944759368896,-0.049533795565366745,0.8242424726486206,0.3810497522354126,-0.03553817421197891,0.7870767116546631,0.3797152042388916,-0.013253345154225826,0.8296297788619995,0.30706048011779785,-0.01643223501741886,0.8799203634262085,0.31496763229370117,-0.04246719181537628,0.8329207897186279,0.32918787002563477,-0.03009924851357937,0.8002116084098816,0.33285388350486755,-0.011821561492979527
NO,0.6036281585693359,0.3671039044857025,-5.275249463920773e-07,0.6194852590560913,0.4678284823894501,-0.03290879353880882,0.6748058795928955,0.5705863237380981,-0.04544300213456154,0.7364010810852051,0.6225868463516235,-0.056667640805244446,0.7712085247039795,0.6708379983901978,-0.06072470173239708,0.7726430892944336,0.4980732798576355,-0.005284528713673353,0.8301045894622803,0.5168293714523315,-0.04381556436419487,0.7670221328735352,0.4995679557323456,-0.05942945182323456,0.7295924425125122,0.48896849155426025,-0.06110130995512009,0.781845211982727,0.43702569603919983,-0.0014494602801278234,0.842293381690979,0.44969168305397034,-0.04064842313528061,0.7644224166870117,0.4383755028247833,-0.04395503178238869,0.7323318719863892,0.43440723419189453,-0.033384326845407486,0.7832439541816711,0.3751011788845062,-0.005495738238096237,0.8401811718940735,0.38383540511131287,-0.047636017203330994,0.7652583718299866,0.3830236792564392,-0.03287027031183243,0.7306256890296936,0.38054680824279785,-0.008368534967303276,0.7775257229804993,0.3093118667602539,-0.01208517886698246,0.8271676898002625,0.32076820731163025,-0.03710571303963661,0.7771733999252319,0.3340110182762146,-0.023194385692477226,0.7444326877593994,0.33704617619514465,-0.0028366290498524904
NO,0.5403612852096558,0.3684620261192322,-4.899621899312478e-07,0.5582283139228821,0.47061702609062195,-0.03327745199203491,0.6179080009460449,0.567691445350647,-0.0452435128390789,0.6801917552947998,0.6206403970718384,-0.055520880967378616,0.714806318283081,0.6716195344924927,-0.058012813329696655,0.7082946300506592,0.49952906370162964,-0.011754696257412434,0.7675162553787231,0.5144463181495667,-0.046609263867139816,0.7064880728721619,0.4964458644390106,-0.05736780911684036,0.6734516024589539,0.48559442162513733,-0.05743209272623062,0.7169374823570251,0.43737465143203735,-0.007867810316383839,0.7746846675872803,0.4476688802242279,-0.04662957787513733,0.6982884407043457,0.4376647472381592,-0.04827988147735596,0.6718326210975647,0.4326675236225128,-0.03811487555503845,0.718855082988739,0.3753919005393982,-0.011177167296409607,0.7805889248847961,0.3826908469200134,-0.053299132734537125,0.7067305445671082,0.3831963539123535,-0.03711576759815216,0.6754685640335083,0.37932464480400085,-0.013269883580505848,0.7142655849456787,0.3100939989089966,-0.01694146916270256,0.7661628723144531,0.31689637899398804,-0.044159065932035446,0.7176796197891235,0.33136218786239624,-0.03141466900706291,0.6874544620513916,0.334692120552063,-0.012652695178985596
NO,0.49413958191871643,0.36704304814338684,-4.7218517806868476e-07,0.5089700222015381,0.4635888636112213,-0.039698757231235504,0.5715758800506592,0.5622382760047913,-0.0539792962372303,0.6392812728881836,0.6120797395706177,-0.06471046060323715,0.6766099333763123,0.6669539213180542,-0.06670136004686356,0.6718104481697083,0.49841877818107605,-0.013791410252451897,0.7231207489967346,0.5076190233230591,-0.0497870035469532,0.6592838168144226,0.48869606852531433,-0.06208920478820801,0.6289178133010864,0.479897141456604,-0.06356514245271683,0.6807006597518921,0.4350343942642212,-0.006528829224407673,0.7307344675064087,0.439044326543808,-0.0440860353410244,0.6522663235664368,0.43184322118759155,-0.044213779270648956,0.6307682991027832,0.43335792422294617,-0.033575303852558136,0.6820911169052124,0.37349942326545715,-0.007385018281638622,0.7401730418205261,0.3742211163043976,-0.049184203147888184,0.6638939380645752,0.37702614068984985,-0.031129905954003334,0.6353576183319092,0.37921464443206787,-0.006634454242885113,0.6761516332626343,0.3079698979854584,-0.011530487798154354,0.7225322723388672,0.3094426393508911,-0.03968856856226921,0.6714493632316589,0.32472747564315796,-0.02704995684325695,0.6437891721725464,0.33282801508903503,-0.00817898754030466
NO,0.47540396451950073,0.3725263178348541,-4.28298164933949e-07,0.48968514800071716,0.46573397517204285,-0.03943880647420883,0.5508346557617188,0.5598205327987671,-0.05640163645148277,0.6179845929145813,0.6145578622817993,-0.07031261175870895,0.6512652635574341,0.674026370048523,-0.07556971907615662,0.6492359042167664,0.4975026249885559,-0.015364416874945164,0.7008810639381409,0.5034217238426208,-0.051700301468372345,0.6376881003379822,0.49166885018348694,-0.062438637018203735,0.6071269512176514,0.48899662494659424,-0.06225662678480148,0.6560826301574707,0.4347505569458008,-0.00878607016056776,0.7088770270347595,0.437804251909256,-0.04608245939016342,0.6284359097480774,0.43482890725135803,-0.04327257722616196,0.6074165105819702,0.4391796290874481,-0.030085280537605286,0.6563348770141602,0.3733551502227783,-0.010430089198052883,0.7137640118598938,0.3768288791179657,-0.051695384085178375,0.6376218795776367,0.3821169435977936,-0.03214341774582863,0.610094428062439,0.38511431217193604,-0.0064762854017317295,0.6506503820419312,0.3085385859012604,-0.015370137058198452,0.6985933184623718,0.311299592256546,-0.041524261236190796,0.6481348276138306,0.3281712234020233,-0.027621882036328316,0.6194813847541809,0.33684682846069336,-0.008151778019964695
NO,0.44310224056243896,0.3818819224834442,-4.384483247577009e-07,0.45791059732437134,0.4795088469982147,-0.03634704276919365,0.5176308155059814,0.5710462927818298,-0.05205550417304039,0.5850368738174438,0.6240696907043457,-0.06554405391216278,0.621828019618988,0.6794677972793579,-0.07124670594930649,0.6124633550643921,0.5021020174026489,-0.015721725299954414,0.6676565408706665,0.5099653601646423,-0.05110178515315056,0.6103354692459106,0.4994175434112549,-0.06044687703251839,0.5758807063102722,0.4938106834888458,-0.05880863964557648,0.6185070276260376,0.4405064284801483,-0.010006606578826904,0.6731140613555908,0.4457164406776428,-0.04567801207304001,0.5969297289848328,0.44074681401252747,-0.04287295415997505,0.5750005841255188,0.44194066524505615,-0.0302781630307436,0.6196552515029907,0.38060474395751953,-0.011992985382676125,0.6800550818443298,0.3843173384666443,-0.051509272307157516,0.6078869104385376,0.388977974653244,-0.032621949911117554,0.5793877840042114,0.3893653452396393,-0.008027567528188229,0.614751398563385,0.31636783480644226,-0.01696745678782463,0.6653854250907898,0.3164207637310028,-0.042508743703365326,0.6181350946426392,0.33373206853866577,-0.02926262654364109,0.5893245935440063,0.3421500623226166,-0.010598693042993546
NO,0.417235404253006,0.38680753111839294,-4.410351266415091e-07,0.4361240267753601,0.4840744733810425,-0.035693392157554626,0.4975259006023407,0.5707062482833862,-0.05182100459933281,0.5658336281776428,0.6203563809394836,-0.06601986289024353,0.6007626056671143,0.679092526435852,-0.07211091369390488,0.5877586603164673,0.5019739270210266,-0.014557930640876293,0.6464553475379944,0.5091289281845093,-0.05015259236097336,0.5875816345214844,0.49982208013534546,-0.05932903662323952,0.5547753572463989,0.4945729672908783,-0.0577235221862793,0.5926041603088379,0.44096240401268005,-0.009512998163700104,0.6491645574569702,0.4476488530635834,-0.04405825957655907,0.5718027949333191,0.4441893696784973,-0.03999289870262146,0.5535780787467957,0.44382748007774353,-0.02679559588432312,0.5926525592803955,0.38149896264076233,-0.012322485446929932,0.6534607410430908,0.3870887756347656,-0.051292784512043,0.5805513262748718,0.39328712224960327,-0.030876660719513893,0.5554278492927551,0.39268943667411804,-0.005336215253919363,0.5866648554801941,0.31862643361091614,-0.018128763884305954,0.6393587589263916,0.31654736399650574,-0.04269139841198921,0.5924868583679199,0.3367491662502289,-0.028007328510284424,0.5646291375160217,0.346335768699646,-0.008449520915746689
NO,0.3893701136112213,0.3914840817451477,-5.226424946158659e-07,0.4073221683502197,0.4894050359725952,-0.035990990698337555,0.47594451904296875,0.5765123963356018,-0.04835550859570503,0.549024224281311,0.6194526553153992,-0.05768875032663345,0.5828302502632141,0.6776232123374939,-0.05765587463974953,0.5652497410774231,0.5107303261756897,-0.01519055012613535,0.6271734237670898,0.5133275389671326,-0.04884665086865425,0.5623430609703064,0.5021092891693115,-0.055559705942869186,0.5307639241218567,0.4985809326171875,-0.052833203226327896,0.5692204833030701,0.44733431935310364,-0.008675461634993553,0.6263791918754578,0.4489585757255554,-0.04337158426642418,0.546203076839447,0.44657424092292786,-0.0384398028254509,0.5290946960449219,0.4491807222366333,-0.024519627913832664,0.5689136385917664,0.38699036836624146,-0.009741668589413166,0.6298410892486572,0.387547105550766,-0.04846840351819992,0.5540515780448914,0.3935004770755768,-0.026883216574788094,0.5303277969360352,0.3963034749031067,-0.000565800117328763,0.56326824426651,0.32320520281791687,-0.013830778189003468,0.6164984107017517,0.32015424966812134,-0.03747275099158287,0.5669152140617371,0.33688604831695557,-0.02194501832127571,0.5394003987312317,0.34655165672302246,-0.0018826923333108425
NO,0.3792684078216553,0.39491888880729675,-5.029834255765309e-07,0.4008842706680298,0.49247562885284424,-0.036179181188344955,0.46919089555740356,0.5784529447555542,-0.049324359744787216,0.5407960414886475,0.6224161386489868,-0.059671320021152496,0.5781217217445374,0.677513837814331,-0.061044372618198395,0.5594227910041809,0.5088492631912231,-0.015078052878379822,0.6208515167236328,0.5126358866691589,-0.049210693687200546,0.556574821472168,0.5024716258049011,-0.05657266080379486,0.5230399370193481,0.4969976544380188,-0.05391435697674751,0.5634516477584839,0.44552290439605713,-0.0090653570368886,0.6224641799926758,0.4487220048904419,-0.04413421452045441,0.5421316027641296,0.44689860939979553,-0.040085893124341965,0.521591067314148,0.4473728537559509,-0.026476120576262474,0.5618544220924377,0.38468241691589355,-0.010650168173015118,0.6230221390724182,0.38705167174339294,-0.049992647022008896,0.5472970008850098,0.39403796195983887,-0.029290201142430305,0.521079957485199,0.3947305977344513,-0.0031168602872639894,0.5539965629577637,0.3205012083053589,-0.015171969309449196,0.60846346616745,0.316957950592041,-0.039232395589351654,0.5600169897079468,0.3361019194126129,-0.023681817576289177,0.5315391421318054,0.34546929597854614,-0.0033405045978724957
NO,0.36933401226997375,0.41256552934646606,-4.2812300193872943e-07,0.39952588081359863,0.5137233138084412,-0.030205897986888885,0.4683104157447815,0.5942269563674927,-0.04284513741731644,0.5358964204788208,0.6403170228004456,-0.056743323802948,0.5747269988059998,0.6965638399124146,-0.06551138311624527,0.5654743909835815,0.5139257311820984,-0.0010983835672959685,0.6320604681968689,0.5230234265327454,-0.03829265385866165,0.5779858827590942,0.5172954201698303,-0.0588335283100605,0.5339952707290649,0.5103966593742371,-0.06498420983552933,0.5693368315696716,0.4516049325466156,0.00015821951092220843,0.6388951539993286,0.4559740126132965,-0.03868504986166954,0.5682472586631775,0.4555131494998932,-0.0487651601433754,0.5249422788619995,0.45439407229423523,-0.04350373521447182,0.5640081167221069,0.38899701833724976,-0.006035895552486181,0.63255774974823,0.3901064991950989,-0.045209355652332306,0.566198468208313,0.40174996852874756,-0.037041716277599335,0.5227105021476746,0.4048638641834259,-0.01782364584505558,0.550207257270813,0.323718786239624,-0.015010065399110317,0.612922191619873,0.3193152844905853,-0.040243521332740784,0.5734430551528931,0.34549668431282043,-0.030909601598978043,0.5367287993431091,0.36243748664855957,-0.01418111938983202
NO,0.3416344225406647,0.47950831055641174,7.162883619571403e-09,0.38296985626220703,0.5718402862548828,-0.027101805433630943,0.46311527490615845,0.6412228345870972,-0.040321484208106995,0.5287373065948486,0.6893501877784729,-0.05564231052994728,0.5667321681976318,0.7470706701278687,-0.06923872232437134,0.55875563621521,0.5517290234565735,-0.01711430214345455,0.6424139142036438,0.5544289350509644,-0.05513286218047142,0.6371539831161499,0.5668126940727234,-0.08296617865562439,0.6001419425010681,0.5681807398796082,-0.09443660080432892,0.5602707862854004,0.48273390531539917,-0.021024342626333237,0.6622360944747925,0.46470993757247925,-0.053733233362436295,0.6509985327720642,0.48698902130126953,-0.07401464134454727,0.603613018989563,0.4996383488178253,-0.08098343014717102,0.5445462465286255,0.42073458433151245,-0.030353832989931107,0.6406614780426025,0.3896046280860901,-0.05984411761164665,0.6279751062393188,0.4219496250152588,-0.0690183937549591,0.583768367767334,0.4474523663520813,-0.06798489391803741,0.5163131356239319,0.35717126727104187,-0.04264184087514877,0.5860172510147095,0.3296312987804413,-0.06607704609632492,0.587425172328949,0.3652755320072174,-0.07131969183683395,0.5581938624382019,0.4044967293739319,-0.06917684525251389
NO,0.27706265449523926,0.5969451069831848,3.02259820728068e-07,0.3392413854598999,0.6664294004440308,-0.02724914252758026,0.4291691780090332,0.7049928307533264,-0.04011412709951401,0.5030245780944824,0.7263895273208618,-0.0547342523932457,0.562227725982666,0.7491525411605835,-0.06737326830625534,0.5101121068000793,0.5884974002838135,-0.0054697333835065365,0.5815013647079468,0.5844715237617493,-0.037917327135801315,0.6110291481018066,0.5927650332450867,-0.06191530078649521,0.6103313565254211,0.6000149846076965,-0.07345129549503326,0.49931344389915466,0.5207338929176331,-0.009938715025782585,0.5916441679000854,0.47230228781700134,-0.03965491056442261,0.6100625991821289,0.4986174404621124,-0.05447239801287651,0.6015607118606567,0.5285134315490723,-0.05890164524316788,0.46984216570854187,0.4709707796573639,-0.02097921445965767,0.5503385663032532,0.4114293158054352,-0.05836489424109459,0.5427685379981995,0.4714498519897461,-0.06523836404085159,0.5164705514907837,0.5309734344482422,-0.06088041141629219,0.4264494478702545,0.43006110191345215,-0.0345626063644886,0.48145559430122375,0.41129469871520996,-0.06823577731847763,0.4827495813369751,0.4606827199459076,-0.0744859054684639,0.4673677682876587,0.5120577812194824,-0.07148874551057816
NO,0.21414333581924438,0.7715950012207031,-4.515059437437685e-09,0.2994886636734009,0.7974777817726135,-0.01875566691160202,0.39335715770721436,0.7926779985427856,-0.03748631104826927,0.4689544439315796,0.785778820514679,-0.061006855219602585,0.5329279899597168,0.7983754277229309,-0.08309482783079147,0.43052196502685547,0.6461470127105713,-0.016109516844153404,0.5131421685218811,0.5860907435417175,-0.06411383301019669,0.5228220224380493,0.6426711678504944,-0.09856245666742325,0.5020566582679749,0.7018420100212097,-0.11448371410369873,0.40018925070762634,0.6054023504257202,-0.029136167839169502,0.4945932626724243,0.5366358757019043,-0.0738280862569809,0.4991946518421173,0.6095165610313416,-0.09839904308319092,0.47487586736679077,0.6743040084838867,-0.10733398795127869,0.3571285605430603,0.5774878263473511,-0.047136031091213226,0.43120405077934265,0.5389692783355713,-0.0916253924369812,0.4308934211730957,0.626879096031189,-0.09783158451318741,0.41116252541542053,0.6954967975616455,-0.09232334792613983,0.30359137058258057,0.5611274242401123,-0.06668246537446976,0.3564578890800476,0.5497695803642273,-0.09929300844669342,0.36562198400497437,0.6191688776016235,-0.09896104037761688,0.3576246201992035,0.6758669018745422,-0.09160038083791733
NO,0.3277730941772461,0.7834833860397339,-5.479956257659069e-07,0.28310590982437134,0.8136877417564392,-0.02806958556175232,0.26545193791389465,0.8848521709442139,-0.06988049298524857,0.2721567153930664,0.9670475125312805,-0.11235588043928146,0.2954219579696655,1.0483183860778809,-0.15956193208694458,0.2878371477127075,0.8597672581672668,-0.09899712353944778,0.27419453859329224,1.0321999788284302,-0.14861230552196503,0.2693589925765991,1.100561499595642,-0.18315450847148895,0.27211207151412964,1.1284693479537964,-0.20644505321979523,0.3270034193992615,0.853765606880188,-0.10932886600494385,0.3315706253051758,1.0413730144500732,-0.1473637968301773,0.3136307895183563,1.1058950424194336,-0.15829317271709442,0.3101205825805664,1.116930603981018,-0.17147782444953918,0.37086349725723267,0.8598339557647705,-0.1177862137556076,0.3781358599662781,1.0333058834075928,-0.1505434811115265,0.3620792031288147,1.0834197998046875,-0.14266322553157806,0.35404902696609497,1.0922777652740479,-0.13922137022018433,0.4091588258743286,0.8710444569587708,-0.129306823015213,0.4243415296077728,1.0099786520004272,-0.14096903800964355,0.40989795327186584,1.0603877305984497,-0.12306902557611465,0.4039481580257416,1.0776251554489136,-0.1134365051984787
